Comparison,Chi-Squared,df,p-Value
Red,63.27729484508917,2,1.817648948313285e-14
IR,63.352472241665616,2,1.7505940388103644e-14
