Depth,Channel,Chi-Squared,df,p-Value
3mm,Red,60.35692307692307,2,7.8281778065951e-14
3mm,IR,72.64087912087916,2,1.6835790722259154e-16
9mm,Red,34.81582417582416,2,2.7532131727119936e-08
9mm,IR,77.06725274725278,2,1.8410208126621182e-17
15mm,Red,9.532307692307654,2,0.008513059811921474
15mm,IR,79.12087912087912,2,6.593551417550708e-18
21mm,Red,11.085811965811956,2,0.003915132981628188
21mm,IR,60.565958485958504,2,7.051300436822102e-14
