Depth,State,Channel,Pulse_ID,BPM,Amplitude,DC,PI,AUC,S_AUC,D_AUC,AUC_Ratio,Start_Datum_Area,End_Datum_Area,Datum_Area_Ratio,Max_Start_Datum_Diff
3,Normal,Red,0,60.78431372549019,0.001315448375759587,2.62441377590128,0.05012351283317867,-0.00036947656222742297,7.399397112627602e-06,-0.0003768759593400507,,1.6443104594987553e-07,9.561665313083127e-05,0.0017196904573190432,0.0005381379717817047
3,Normal,Red,1,60.78431372549019,0.005426224545389768,2.6207962928728,0.20704488022004114,0.0010771877872706107,0.0009479038767376472,0.0001292839105329638,7.331955483323332,5.393338288468266e-05,-1.4387716680839277e-06,,0.0019646890159039643
3,Normal,Red,2,60.78431372549019,0.005426224545389768,2.6207962928728,0.20704488022004114,0.0024971320915663092,0.0009479038767376472,0.0015492282148286622,0.6118555469521197,5.393338288468266e-05,0.00010330380487471876,0.5220851540762718,0.0019646890159039643
3,Normal,Red,3,60.78431372549019,0.0029597588449297163,2.62326275857326,0.1128273877733647,0.000799134887895303,0.00027098236528255937,0.0005281525226127438,0.5130759651435978,4.45608136454361e-05,0.00022724370590140096,0.196092619897559,0.0017893966867674749
3,Normal,Red,4,60.78431372549019,0.005261793499740097,2.62128958601263,0.20073301049290268,0.002302897918039274,0.0005785506380077477,0.0017243472800315264,0.3355186305609912,-0.0001317914844571657,0.00014848123497912625,-0.8875969039164658,0.0021363855996585635
3,Normal,Red,5,60.78431372549019,0.004768500359780159,2.62178287915259,0.18188006328431855,0.002361517586461888,0.00036976431648943423,0.001991753269972454,0.18564765127487307,-4.271096463154932e-05,9.627437704015407e-05,-0.44363792261917673,0.0011215528040393608
3,Normal,Red,6,60.78431372549019,0.0054262245487999294,2.62194731019927,0.20695398903296547,0.001131038955807432,0.000913948866168052,0.00021709008963937982,4.209998105792219,7.966684179006305e-05,-5.138470238285287e-06,,0.0017445733023659926
3,Normal,Red,7,60.78431372549019,0.0054262245487999294,2.62194731019927,0.20695398903296547,0.0023579412117185525,0.000913948866168052,0.0014439923455505004,0.6329319327656289,7.966684179006305e-05,9.828865744811784e-05,0.8105395257038238,0.0017445733023659926
3,Normal,Red,8,60.78431372549019,0.0032886209405895706,2.62408491380748,0.12532448638706076,0.000599474489614574,0.0003277110766231895,0.0002717634129913843,1.2058690057501555,5.311122808396051e-05,2.0389448658111718e-05,2.6048388543763195,0.001984987968659979
3,Normal,Red,9,60.78431372549019,0.005590655594979843,2.62161844810592,0.21325206950000708,0.0024559010076930688,0.0006701387312622511,0.0017857622764308177,0.37526760426457745,-9.158809355375252e-05,0.00012595418153759752,-0.7271540526537686,0.0015933217572889902
3,Normal,Red,10,60.78431372549019,0.005261793501630141,2.62194731019927,0.2006826560229481,0.0024521602015316474,0.0005145047455587671,0.0019376554559728805,0.26552953156495956,1.0688017777681149e-05,0.00018547821993004332,0.05762411231740492,0.0017460602287253657
3,Normal,Red,11,60.78431372549019,0.0023020346588200624,2.62490706904208,0.08769966319836821,-0.00014864566624618158,1.0441371485800265e-05,-0.0001590870377319818,,8.22155211099851e-08,2.0964957635284843e-05,0.003921568673795608,0.00043848279182334693
3,Normal,Red,12,60.78431372549019,0.004932931407330088,2.62194731019927,0.18813999000442086,0.0021325062465816706,0.0007951885424273013,0.001337317704154369,0.5946145332235213,-7.794031667012421e-05,0.00013047603562921331,-0.5973535009265221,0.0014910272883166265
3,Normal,Red,13,60.78431372549019,0.0046040693139199895,2.62227617229268,0.17557530219613024,0.002394486012069862,0.0006123412184657611,0.001782144793604101,0.3435979055480669,-1.381220822735774e-05,0.00036701009576314657,-0.03763440948030917,0.0015209871835102362
3,Normal,Red,14,60.78431372549019,0.005426224548310099,2.62178287915259,0.20696696860206662,0.0009350371478772523,0.0006098336449164377,0.0003252035029608146,1.8752370111767205,4.4149735755110205e-05,7.1116427670632145e-06,6.208092448004392,0.0022192276528159027
3,Normal,Red,15,60.78431372549019,0.005426224548310099,2.62178287915259,0.20696696860206662,0.0024430342784961647,0.0006098336449164377,0.001833200633579727,0.33266061212601894,4.4149735755110205e-05,0.00025885557515343557,0.17055740726828322,0.0022192276528159027
3,Normal,Red,16,60.78431372549019,0.004604069314749992,2.62260503438615,0.1755532859269305,0.0019138129546812737,0.0003997318749588739,0.0015140810797223995,0.2640095568938508,1.1839035191187034e-05,0.0003883861319975268,0.03048264141229024,0.0014120577134697498
3,Normal,Red,17,60.78431372549019,0.0054262245487999294,2.62194731019927,0.20695398903296547,0.0014948426468254711,0.0007278129209256647,0.0007670297258998063,0.9488718576999917,-0.00027739517673952216,-4.110777089823018e-07,,0.0022061720204140656
3,Normal,Red,18,60.78431372549019,0.0054262245487999294,2.62194731019927,0.20695398903296547,0.0024320173983179974,0.0007278129209256647,0.0017042044773923327,0.4270690111314099,-0.00027739517673952216,0.00012159675876731812,-2.281271142023881,0.0022061720204140656
3,Normal,Red,19,60.78431372549019,0.005261793502099987,2.62211174124597,0.20067007135247786,0.002421740457996818,0.0003956210987162038,0.0020261193592806138,0.19526050965559677,2.3020344342297453e-06,0.00015818266603511815,0.014553013246841284,0.0013863901967461345
3,Normal,Red,20,60.78431372549019,0.005097362454470122,2.62194731019927,0.19441132301330338,0.0013461969806306709,0.0003020187252711177,0.001044178255359553,0.28924058102236616,2.1663790275261e-05,8.612076071723628e-05,0.25155131114541107,0.0015815277040864828
3,Normal,Red,21,60.78431372549019,0.005097362454470122,2.62194731019927,0.19441132301330338,0.002120543887870528,0.0003020187252711177,0.0018185251625994104,0.1660789366474371,2.1663790275261e-05,0.00019065779837180175,0.1136265626702268,0.0015815277040864828
3,Normal,Red,22,60.78431372549019,0.0042752072208398495,2.6227694654329,0.16300354557216895,0.0017006281023588773,0.0001969061786441565,0.0015037219237147206,0.13094587206504854,1.2003466342832999e-05,9.882305837818648e-05,0.12146422646521292,0.0013125969690830352
3,Normal,Red,23,60.78431372549019,0.0050973624558396935,2.62244060333941,0.19437475340142016,0.001876692645935572,0.0004437582877034552,0.0014329343582321168,0.30968500765864954,-0.00018958899743462697,8.96971359116369e-05,-2.1136572032957246,0.0012343908157101957
3,Normal,Red,24,60.78431372549019,0.0050973624558396935,2.62244060333941,0.19437475340142016,0.0024410611064615423,0.00039294909424687725,0.002048112012214665,0.19185918148196077,-9.257467967185361e-05,0.0002907963055639308,-0.3183488851150529,0.0011320279150273116
3,Normal,Red,25,60.78431372549019,0.005261793502569834,2.62227617229268,0.20065748826026206,0.0006831698920253736,0.00046501100053734354,0.00021815889148803013,2.1315244011627077,1.9074001194550048e-05,1.2332327262787167e-07,,0.0016840843492325064
3,Normal,Red,26,60.78431372549019,0.005261793502569834,2.62227617229268,0.20065748826026206,0.002137151424193566,0.00046501100053734354,0.0016721404236562222,0.2780932713297922,1.9074001194550048e-05,0.00014313722614993924,0.13325674744157492,0.0016840843492325064
3,Normal,Red,27,60.78431372549019,0.005261793502569834,2.62227617229268,0.20065748826026206,0.002793806809686882,0.00046501100053734354,0.002328795809149539,0.19967873469643632,1.9074001194550048e-05,0.00029260504702472367,0.065186849606659,0.0016840843492325064
3,Normal,Red,28,60.78431372549019,0.005590655597480065,2.62244060333941,0.21318521343670996,0.0010429039150221138,0.0005475553861210889,0.0004953485289010249,1.1053941905023712,-4.0861115513687964e-05,2.507573464161506e-05,-1.6295082117305502,0.0014919871700991294
3,Normal,Red,29,60.78431372549019,0.005590655597480065,2.62244060333941,0.21318521343670996,0.0022464569628608353,0.0005475553861210889,0.0016989015767397463,0.3222996515029832,-4.0861115513687964e-05,0.0002089096448196035,-0.19559228846984125,0.0014919871700991294
3,Normal,Red,30,60.78431372549019,0.005261793503990031,2.6227694654329,0.20061974845057715,0.002413107828978583,0.00040277384942891234,0.00201033397954967,0.20035170948020126,5.6810926541567726e-05,0.00014765907913719944,0.384743876729592,0.002006308856763006
3,Normal,Red,31,60.78431372549019,0.005261793503990031,2.6227694654329,0.20061974845057715,0.0019503988631052892,0.0007378021075005539,0.0012125967556047353,0.6084480303038613,-8.172223074589353e-05,1.3401130128791493e-05,-6.0981596298597545,0.0017789169433024554
3,Normal,Red,32,60.78431372549019,0.005261793503990031,2.6227694654329,0.20061974845057715,0.0025111498406859005,0.0007378021075005539,0.0017733477331853464,0.41605044159911553,-8.172223074589353e-05,8.135225974641901e-05,-1.0045477654908141,0.0017789169433024554
3,Normal,Red,33,60.78431372549019,0.001808741518700252,2.62622251741819,0.06887236350704988,-0.00037095644193010425,2.618564425420145e-05,-0.00039714208618430575,,-1.8498492856524585e-06,8.529860467363978e-05,-0.021686747312340573,0.0010024989648447225
3,Normal,Red,34,60.78431372549019,0.005261793504459877,2.62293389647968,0.20060717166840886,0.0018623049298944925,0.0015290443055010865,0.0003332606243934057,4.588133711518492,0.00019912599724885286,1.9772833331611412e-05,10.07068607261784,0.0023775005388824155
3,Normal,Red,35,60.78431372549019,0.005261793504459877,2.62293389647968,0.20060717166840886,0.002670195771051459,0.00148949863873794,0.0011806971323135192,1.2615416756533822,0.0002648162005749033,-6.240158311512701e-05,,0.0026100558672048635
3,Normal,Red,36,60.78431372549019,0.005426224551719816,2.62293389647968,0.20687614579240898,0.0009086459653705732,0.0005096129221221761,0.0003990330432483972,1.2771196038643426,-0.00011304634518767288,3.2886207038762704e-07,,0.0017840231226884384
3,Normal,Red,37,60.78431372549019,0.005755086646280105,2.62293389647968,0.21941409404194986,0.0019156216970218941,0.0013894834544969678,0.0005261382425249262,2.6409094458309403,0.0001521398255467453,-1.4757686557078002e-05,,0.002354614353298423
3,Normal,Red,38,60.78431372549019,0.005755086646280105,2.62293389647968,0.21941409404194986,0.002828995054809532,0.0013894834544969678,0.0014395116003125636,0.9652464448325855,0.0001521398255467453,-8.821725753072965e-05,,0.002354614353298423
3,Normal,Red,39,60.78431372549019,0.002630896754830303,2.62605808637113,0.10018425595702872,-0.00028072490482127877,1.2743406153428394e-05,-0.000293468310974707,,1.5620949453996056e-06,4.493078216944043e-05,0.034766698240612,0.000502965555713164
3,Normal,Red,40,60.78431372549019,0.0057550866442102055,2.62227617229268,0.21946912781419511,0.002882188497769991,0.0010848749397088205,0.0017973135580611707,0.6036091670499141,0.00019715282483939638,9.495892905923445e-05,2.076190483534354,0.002535755934051309
3,Normal,Red,41,60.78431372549019,0.0027953278008703286,2.62523593113602,0.106479107942908,0.0005587366979861766,0.000294537113050234,0.00026419958493594263,1.1148280687936998,3.31739636688584e-05,0.00012311774560021824,0.2694490831287573,0.0018685346258102697
3,Normal,Red,42,60.78431372549019,0.004768500362770212,2.62293389647968,0.18180024929984556,0.00205801898329695,0.00040873447478553435,0.0016492845085114148,0.247825328302176,-0.00018971232074212717,8.295546296878517e-05,-2.286917750233193,0.0013688393320254733
3,Normal,Red,43,60.78431372549019,0.004110776175540121,2.62359162066691,0.1566850626888026,0.0017512317578431925,0.0001879035789004798,0.0015633281789427123,0.12019458321768374,-1.644311304807087e-07,0.0004715060257837869,-0.0003487360107590862,0.001314549844723789
3,Normal,Red,44,60.78431372549019,0.005755086643700391,2.62211174124597,0.21948289057146364,0.0023967469393150276,0.0005387172173163499,0.0018580297219986776,0.28994004290569325,5.0973624262741667e-05,0.00013105154389843118,0.3889585940494355,0.0020260427209359833
3,Normal,Red,45,60.78431372549019,0.005755086643700391,2.62211174124597,0.21948289057146364,0.0029015502529938005,0.0005387172173163499,0.0023628330356774505,0.2279963117080313,5.0973624262741667e-05,0.00020899185927257953,0.24390243926323874,0.0020260427209359833
3,Normal,Red,46,60.78431372549019,0.005755086643700391,2.62211174124597,0.21948289057146364,0.0011277092273007739,0.0005314822512029355,0.0005962269760978383,0.8914092661176765,-7.136307472468048e-05,1.2414544003747973e-05,-5.748344417896931,0.0015203004179396018
3,Normal,Red,47,60.78431372549019,0.005755086643700391,2.62211174124597,0.21948289057146364,0.002350582922870799,0.0005314822512029355,0.001819100671667863,0.29216758559911915,-7.136307472468048e-05,-3.370836501270014e-05,,0.0015203004179396018
3,Normal,Red,48,60.78431372549019,0.005755086643700391,2.62211174124597,0.21948289057146364,0.0029042633652681046,0.000514052560246826,0.0023902108050212786,0.21506578380740343,-3.268067090471094e-05,0.00011045655473205683,-0.29586900464157173,0.001356556135595266
3,Normal,Red,49,60.78431372549019,0.0054262245512397556,2.6227694654329,0.20688911559919096,0.0007265385807925006,0.00048766137730947513,0.00023887720348302546,2.0414730673290395,-0.00018519046704425457,7.933798012085271e-06,-23.341968974022347,0.0017434332163102084
3,Normal,Red,50,60.78431372549019,0.0054262245512397556,2.6227694654329,0.20688911559919096,0.002357242381037022,0.00048766137730947513,0.0018695810037275469,0.2608399295549014,-0.00018519046704425457,0.0001775855304137414,-1.0428240781374196,0.0017434332163102084
3,Normal,Red,51,60.78431372549019,0.005261793504459877,2.62293389647968,0.20060717166840886,0.0025919265927355417,0.00036232381187711047,0.0022296027808584307,0.1625059920931792,-2.8364355829035373e-05,0.0003217915576813016,-0.08814512112566694,0.0011078334162344383
3,Normal,Red,52,60.78431372549019,0.005426224550740155,2.62260503438615,0.20690208703157711,0.0026013402702514815,0.0005412658986446669,0.002060074371606814,0.2627409505718432,2.984423473740728e-05,0.00013623112228443746,0.2190706076332205,0.00203685142899257
3,Normal,Red,53,60.78431372549019,0.004768500363629968,2.62326275857326,0.18177745816905735,0.002591186653454456,0.00040437705219674257,0.002186809601257714,0.1849164426405347,2.63089656091765e-06,0.0004880313467145375,0.005390835196609884,0.00147451223628714
3,Normal,Red,54,60.78431372549019,0.005261793505409784,2.62326275857326,0.20058202283447837,0.0006942278802133554,0.0006495026354287026,4.472524478465267e-05,14.522058818369565,-0.00010030293909219144,1.5620949453702964e-06,-64.21052663249897,0.0017441229990469154
3,Normal,Red,55,60.78431372549019,0.005261793505409784,2.62326275857326,0.20058202283447837,0.0027194428702241435,0.0006495026354287026,0.002069940234795441,0.31377844853230213,-0.00010030293909219144,0.00025412818254137877,-0.39469427628657233,0.0017441229990469154
3,Normal,Red,56,60.78431372549019,0.001973172566299919,2.62655137951237,0.07512408025561816,1.2085682150987068e-05,2.4500226025227725e-05,-1.2414543874240437e-05,,-3.6174830445461203e-06,0.0004160927635685995,-0.008693934048554347,0.0007615753762335586
3,Normal,Red,57,60.78431372549019,0.005261793505409784,2.62326275857326,0.20058202283447837,0.0023174089603918537,0.0005868544065084008,0.001730554553883453,0.33911349699520854,-0.0001221722683455677,0.00011913029319780527,-1.025534858230488,0.0017974540412430962
3,Normal,Red,58,60.78431372549019,0.0047685003649200475,2.62375605171375,0.18174328218530156,0.002122023769107115,0.00032890320173972786,0.0017931205673673873,0.18342503439275973,1.895067801992534e-05,0.00022625711961367866,0.08375726718470809,0.0014235934098727476
3,Normal,Red,59,60.78431372549019,0.005755086647319718,2.62326275857326,0.21938658750485956,0.0012272311191293133,0.001087176974824278,0.00014005414430503507,7.762547693386557,2.967980337927978e-05,4.151883935472611e-06,7.148514708155326,0.0018792119655568484
3,Normal,Red,60,60.78431372549019,0.005755086647319718,2.62326275857326,0.21938658750485956,0.0023092696237350372,0.001087176974824278,0.0012220926489107595,0.8896027447618389,2.967980337927978e-05,4.484856770454981e-05,0.6617781770602412,0.0018792119655568484
3,Normal,Red,61,60.78431372549019,0.0029597588494501004,2.62605808637113,0.11270728796178692,0.000400677354168584,0.00022066646525481195,0.00018001088891377194,1.2258506504043467,-5.015147015758202e-06,-4.587626298237655e-05,,0.002397997697824561
3,Normal,Red,62,60.78431372549019,0.0049329314126498325,2.62392048276061,0.1879985100562166,0.0019832439658143243,0.00042077904919726,0.001562464916617064,0.2693046382816072,-0.00024270022580414263,0.00019357644987411834,-1.2537693813579556,0.0019725612955983074
3,Normal,Red,63,60.78431372549019,0.0049329314126498325,2.62392048276061,0.1879985100562166,0.00247875692584069,0.0002648162011921757,0.002213940724648514,0.11961304936663017,-8.961492209890177e-06,0.00018375169391360278,-0.04876957604594238,0.001670974963376981
3,Normal,Red,64,60.78431372549019,0.004932931412210184,2.62375605171375,0.18801029192436386,0.0008235528989900065,0.0004434705337689758,0.0003800823652210306,1.1667748213234856,7.843360926542235e-05,7.1527505333586155e-06,10.965517236988466,0.0020265015515281704
3,Normal,Red,65,60.78431372549019,0.004932931412210184,2.62375605171375,0.18801029192436386,0.0021551977332506913,0.0004434705337689758,0.001711727199481715,0.2590778097720548,7.843360926542235e-05,0.00016607535733615612,0.47227722717864434,0.0020265015515281704
3,Normal,Red,66,60.78431372549019,0.004932931412210184,2.62375605171375,0.18801029192436386,0.002666331642675184,0.0004434705337689758,0.0022228611089062083,0.19950438288390948,7.843360926542235e-05,0.0002536348893079871,0.3092382498299789,0.0020265015515281704
3,Normal,Red,67,60.78431372549019,0.004932931413099695,2.62408491380748,0.18798672966501442,0.0009761038029640651,0.00032203820552493135,0.0006540655974391337,0.492363773275661,-0.00010836006026801698,3.251623952801252e-05,-3.332490529068268,0.0013474865163356498
3,Normal,Red,68,60.78431372549019,0.004932931413099695,2.62408491380748,0.18798672966501442,0.0021538822851263828,0.00032203820552493135,0.001831844079601452,0.17580000891505793,-0.00010836006026801698,0.00044141514540320517,-0.2454833310466428,0.0013474865163356498
3,Normal,Red,69,60.78431372549019,0.0034530519905597856,2.62556479323002,0.13151654072538713,0.0011212553102923463,7.84747172254168e-05,0.0010427805930669294,0.0752552528759806,-1.648421251497734e-05,0.0003667634495371735,-0.04494507982128294,0.000953700072767738
3,Normal,Red,70,60.78431372549019,0.0049329314126498325,2.62392048276061,0.1879985100562166,0.0020277636718616775,0.00035418447516615144,0.0016735791966955259,0.2116329336941371,-0.00016377332316208098,0.0001410818381755994,-1.1608391645580796,0.001515114646697846
3,Normal,Red,71,60.78431372549019,0.004768500365779804,2.62408491380748,0.18172050533459422,0.00232896024221548,0.00024175474683753862,0.0020872054953779418,0.11582699804734022,-6.819777693814855e-05,0.00031463880759767787,-0.21674941326802777,0.001186433246184393
3,Normal,Red,72,60.78431372549019,0.005426224554160086,2.62375605171375,0.2068113211445804,0.0009040418965575266,0.00026609054177923277,0.0006379513547782939,0.4171016172098369,-3.235180869957199e-05,1.3195591486484945e-05,-2.4517134175233473,0.0013894423461762173
3,Normal,Red,73,60.78431372549019,0.005426224554160086,2.62375605171375,0.2068113211445804,0.002042644681699592,0.00026609054177923277,0.0017765541399203592,0.1497790220967661,-3.235180869957199e-05,0.00019098666091834217,-0.16939302747119214,0.0013894423461762173
3,Normal,Red,74,60.78431372549019,0.005426224554160086,2.62375605171375,0.2068113211445804,0.00284823348852172,0.00026609054177923277,0.0025821429467424873,0.10305027539816118,-3.235180869957199e-05,0.0004550629214082738,-0.0710930448902616,0.0013894423461762173
3,Normal,Red,75,60.78431372549019,0.005590655600999916,2.62359162066691,0.21309168534311704,0.0011549636742864727,0.001110731722627416,4.42319516590568e-05,25.111524157672704,0.000246975432272929,2.7953278016026314e-06,88.3529409793484,0.0024164446100236603
3,Normal,Red,76,60.78431372549019,0.005590655600999916,2.62359162066691,0.21309168534311704,0.002998687896710239,0.001110731722627416,0.0018879561740828225,0.5883249504809159,0.000246975432272929,0.0003104047085817922,0.7956562044478476,0.0024164446100236603
3,Normal,Red,77,60.78431372549019,0.0019731725670100175,2.6272091037009,0.07510527290083026,7.974905806095437e-05,0.00011181311210876042,-3.206405404780594e-05,,8.221552340734509e-06,0.00026070542439981257,0.03153579316449551,0.0014047109463168894
3,Normal,Red,78,60.78431372549019,0.005755086650420349,2.62424934485437,0.2193041092571835,0.0025386509355320025,0.0008590288975228054,0.0016796220380091978,0.5114417875470274,-7.617268317050162e-05,8.690180780756646e-05,-0.8765373827340487,0.0016582238659030857
3,Normal,Red,79,60.78431372549019,0.004768500368770301,2.62523593113602,0.1816408312949924,0.001866950108843094,0.000489881197114958,0.0013770689117281357,0.3557419624702642,4.045003735835695e-05,-8.533971464499026e-05,,0.0018087415177880928
3,Normal,Red,80,60.78431372549019,0.0052617935091898715,2.6245782069482,0.2004814905214109,0.0011766685729526212,0.0008385983401194272,0.0003380702328331939,2.48054474684613,7.563828128689595e-05,-4.110776664507548e-07,,0.0018484317711018328
3,Normal,Red,81,60.78431372549019,0.0052617935091898715,2.6245782069482,0.2004814905214109,0.0022728070403981657,0.0008385983401194272,0.001434208700278738,0.5847115137123668,7.563828128689595e-05,2.4212471021389337e-05,3.123938949480909,0.0018484317711018328
3,Normal,Red,82,60.78431372549019,0.0032886209450198045,2.62655137951237,0.12520680047120764,0.0007380487553172537,0.00031874958498444945,0.0004192991703328042,0.7601960784502697,3.757249418525621e-05,4.439638179062891e-05,0.8462963122185541,0.001978942077173862
3,Normal,Red,83,60.78431372549019,0.004768500367060113,2.6245782069482,0.18168635076052153,0.0005219452510786208,0.0004825640152968081,3.938123578181285e-05,12.253653439683758,-0.0001659520346233674,1.5620949471633063e-06,-106.23684234094016,0.001784862743590132
3,Normal,IR,84,60.78431372549019,0.0018087410115499303,1.82215483115823,0.09926384852818608,-0.00037120298475929066,7.76936479915158e-06,-0.0003789723495584423,,-1.7265255114855544e-06,-2.6267852588903135e-05,,0.0005715934797803079
3,Normal,IR,85,60.78431372549019,0.006906102042850026,1.81837291813565,0.3797956939399838,0.001435235992242387,0.00044634795218156454,0.0009888880400608225,0.4513634851465202,-7.728257135824702e-06,1.9156211611092477e-05,-0.40343348114559485,0.0015005110351931084
3,Normal,IR,86,60.78431372549019,0.006906102042850026,1.81837291813565,0.3797956939399838,0.003128669763690268,0.00044634795218156454,0.0026823218115087028,0.16640358001283634,-7.728257135824702e-06,0.00029231721185116487,-0.02643791341222696,0.0015005110351931084
3,Normal,IR,87,60.78431372549019,0.006577240040970045,1.81870178013753,0.36164477941362516,0.003155800878881893,0.00038649506783780264,0.00276930581104409,0.1395638814234407,1.9813935553722567e-05,0.00030358073515641894,0.06526743386240733,0.0016236639645312856
3,Normal,IR,88,60.78431372549019,0.0069061020430201125,1.81853734913658,0.3797613530620665,0.0029298726835499285,0.0005687668324223559,0.0023611058511275726,0.24089001861171747,-0.00014946778005173577,0.00014087625998261477,-1.060986287328903,0.0016245466680522291
3,Normal,IR,89,60.78431372549019,0.0069061020430201125,1.81853734913658,0.3797613530620665,0.00340906572811339,0.0005487062503058402,0.0028603594778075503,0.1918312207130065,-0.0001004673417380504,0.00019115103818027657,-0.52559139984005,0.0014230278645603889
3,Normal,IR,90,60.78431372549019,0.0019731720129800845,1.82330584816552,0.10821947480535693,-0.0009440394845854841,7.728257050354903e-06,-0.0009517677416358391,,-1.644310015654904e-07,-4.1189966186878796e-05,,0.0008632627556086625
3,Normal,IR,91,60.78431372549019,0.006741671041920139,1.81853734913658,0.37071941608023634,0.0031379601152894225,0.0007778819579612613,0.0023600781573281616,0.32960008360142595,9.331459182365324e-06,0.0001813673939349922,0.051450588663748534,0.0015426224168200164
3,Normal,IR,92,60.78431372549019,0.005755085036210028,1.81952393514229,0.31629619842071327,0.0024967203193450925,0.0005383882050722327,0.00195833211427286,0.2749218077711703,0.00011251191239269076,7.000649819489257e-05,1.6071638389834393,0.0021914874965893727
3,Normal,IR,93,60.78431372549019,0.0069061020430201125,1.81853734913658,0.3797613530620665,0.0013540070777815542,0.0005745219174829123,0.0007794851602986419,0.7370530534061706,7.21029938531991e-05,1.6936393100844165e-05,4.257281548903423,0.0018748524438787495
3,Normal,IR,94,60.78431372549019,0.0069061020430201125,1.81853734913658,0.3797613530620665,0.003238345241424392,0.0005745219174829123,0.0026638233239414796,0.21567568401376971,7.21029938531991e-05,0.00027488752570540594,0.26229998494173623,0.0018748524438787495
3,Normal,IR,95,60.78431372549019,0.004275206027470002,1.82116824515213,0.23475074523457198,0.0011797102169937208,0.00021918652438406618,0.0009605236926096541,0.2281948129655778,2.5733451641048564e-05,0.00023587627053798138,0.10909724654521744,0.001523485020493709
3,Normal,IR,96,60.78431372549019,0.006577240041130139,1.81886621113847,0.3616120856417083,0.0028953010657016068,0.00060165303264714,0.002293648033054467,0.2623127105713402,-0.00014815233204169587,0.00019238427108128275,-0.7700854711719193,0.0016212319744099979
3,Normal,IR,97,60.78431372549019,0.006577240041130139,1.81886621113847,0.3616120856417083,0.0033462941936175067,0.0005635050404239622,0.002782789153193544,0.20249649161427868,-5.475552344227085e-05,0.00024011036875810657,-0.22804314418188656,0.0015813364347800896
3,Normal,IR,98,60.78431372549019,0.006906102043189977,1.81870178013753,0.3797270183937324,0.0012148573431889284,0.0005749329949865402,0.000639924348202388,0.8984390054880471,-5.1795766414179945e-06,7.399394972511452e-07,,0.0016443100095533403
3,Normal,IR,99,60.78431372549019,0.006906102043189977,1.81870178013753,0.3797270183937324,0.0030552102141352695,0.0005749329949865402,0.0024802772191487295,0.2318019092978108,-5.1795766414179945e-06,0.0002186932311778601,-0.02368421104540505,0.0016443100095533403
3,Normal,IR,100,60.78431372549019,0.006412809040349909,1.81919507314037,0.3525080479291235,0.003003989957392098,0.00046307880658875815,0.0025409111508033406,0.18224911423697363,5.265902800636402e-05,0.00013623108385608777,0.3865419441424406,0.0016115522711788177
3,Normal,IR,101,60.78431372549019,0.006741671042250097,1.81886621113847,0.37065238778779286,0.0016195631444644199,0.0005287689914636661,0.001090794153000754,0.4847559826104978,-3.753137608534196e-05,3.041973518167561e-05,-1.2337837874390931,0.0014475800619782042
3,Normal,IR,102,60.78431372549019,0.006741671042250097,1.81886621113847,0.37065238778779286,0.0029389986042486368,0.0005287689914636661,0.002410229612784971,0.21938531858493115,-3.753137608534196e-05,0.00023414974531675776,-0.16028792187909288,0.0014475800619782042
3,Normal,IR,103,60.78431372549019,0.006412809040349909,1.81919507314037,0.3525080479291235,0.002971597050235557,0.0004453202584784435,0.0025262767917571135,0.1762753234053612,3.490047989604927e-05,0.0003731761564596313,0.09352280227963779,0.0016115522711788177
3,Normal,IR,104,60.78431372549019,0.006412809040349909,1.81919507314037,0.3525080479291235,0.0016079296511591018,0.0009049871217896192,0.0007029425293694826,1.2874269004627792,-0.0002108416512312649,1.3647773079245585e-05,-15.448795199554981,0.001971754503105716
3,Normal,IR,105,60.78431372549019,0.006412809040349909,1.81919507314037,0.3525080479291235,0.002927940619485047,0.0009049871217896192,0.0020229534976954275,0.44735933021722507,-0.0002108416512312649,0.00019715277007475057,-1.0694328624006864,0.001971754503105716
3,Normal,IR,106,60.78431372549019,0.006248378039390046,1.81935950414133,0.34343833778684923,0.0029997558591825495,0.0007293337050050212,0.0022704221541775278,0.3212326411029169,0.00013417569675311958,0.00011082649421964734,1.2106824969776304,0.002425033581879399
3,Normal,IR,107,60.78431372549019,0.006906102043360063,1.81886621113847,0.37969268993332805,0.00293797091053106,0.0004984725795308669,0.0024394983310001925,0.20433405229119114,-1.9485073721137702e-05,0.0002640761875202701,-0.07378580365047892,0.0017725661903358336
3,Normal,IR,108,60.78431372549019,0.006906102043360063,1.81886621113847,0.37969268993332805,0.0034537909605948432,0.0004984725795308669,0.0029553183810639766,0.16866967116802026,-1.9485073721137702e-05,0.00031455650454398533,-0.061944590048726995,0.0017725661903358336
3,Normal,IR,109,60.78431372549019,0.006577240041459875,1.81919507314037,0.36154671582888415,0.001244660462182272,0.0005049676040692746,0.0007396928581129972,0.682672001670367,-0.00025305931070897616,7.317179541111658e-06,-34.58426970216591,0.0015804636991256782
3,Normal,IR,110,60.78431372549019,0.006577240041459875,1.81919507314037,0.36154671582888415,0.002833351686211364,0.0005049676040692746,0.0023283840821420893,0.21687470204860257,-0.00025305931070897616,0.00027381872434824534,-0.9241855585709794,0.0015804636991256782
3,Normal,IR,111,60.78431372549019,0.006577240041459875,1.81919507314037,0.36154671582888415,0.003254089509977037,0.00043483778215575887,0.002819251727821279,0.15423872152480758,-6.338815098482662e-05,0.0002903029318799564,-0.21835174234836305,0.0011450475643683955
3,Normal,IR,112,60.78431372549019,0.006577240041459875,1.81919507314037,0.36154671582888415,0.0005108460123669906,0.0004619688973118343,4.8877115055156245e-05,9.4516400321606,-0.00016451321663721875,6.577240039596924e-07,,0.0014462159691046583
3,Normal,IR,113,60.78431372549019,0.006577240041459875,1.81919507314037,0.36154671582888415,0.0028278021399444136,0.0004619688973118343,0.0023658332426325793,0.19526688905502856,-0.00016451321663721875,0.0002602942745271974,-0.6320277959860743,0.0014462159691046583
3,Normal,IR,114,60.78431372549019,0.006577240041459875,1.81919507314037,0.36154671582888415,0.003364833789150265,0.0004619688973118343,0.0029028648918384306,0.159142403978458,-0.00016451321663721875,0.00029992214543068474,-0.5485197380172767,0.0014462159691046583
3,Normal,IR,115,60.78431372549019,0.006741671042579833,1.81919507314037,0.37058538372919403,0.0007328689715034855,0.0005443899365781699,0.00018847903492531554,2.8883315154594427,-8.93271414243344e-05,-1.562094512590041e-06,,0.0015966425120415018
3,Normal,IR,116,60.78431372549019,0.006741671042579833,1.81919507314037,0.37058538372919403,0.003046824233277929,0.0005443899365781699,0.0025024342966997594,0.21754414783082135,-8.93271414243344e-05,0.00028269799832564166,-0.3159808062080365,0.0015966425120415018
3,Normal,IR,117,60.78431372549019,0.005755085036770025,1.82018165914618,0.3161819045836144,0.002448254282024413,0.000345592856405046,0.0021026614256193666,0.1643597262946159,2.7624408123501972e-05,0.00020101689831417602,0.13742331294121782,0.0015907397290431113
3,Normal,IR,118,60.78431372549019,0.006741671042750141,1.81935950414133,0.37055189078378215,0.001682005817206275,0.0007359520527908588,0.0009460537644154161,0.7779177891074901,-3.596928160403246e-05,1.8169625601401e-05,-1.9796380174866666,0.0016640560906360236
3,Normal,IR,119,60.78431372549019,0.006741671042750141,1.81935950414133,0.37055189078378215,0.002937354294418549,0.0007359520527908588,0.0022014022416276904,0.3343105766289693,-3.596928160403246e-05,0.00017684554143347362,-0.20339377126769978,0.0016640560906360236
3,Normal,IR,120,60.78431372549019,0.006577240041790056,1.81952393514229,0.36148136964605,0.0031643923990471133,0.000653942091057352,0.0025104503079897613,0.2604879646396964,9.323237749474968e-05,3.765469871116696e-05,2.475982564882414,0.001973654214409093
3,Normal,IR,121,60.78431372549019,0.007070533044839955,1.81919507314037,0.38866271953092457,0.0015481178746171173,0.0007983536176861086,0.0007497642569310088,1.0648061844852266,0.00013372351147115293,-1.4922113362272003e-05,,0.0023510134613993205
3,Normal,IR,122,60.78431372549019,0.007070533044839955,1.81919507314037,0.38866271953092457,0.0029235420903237098,0.0007983536176861086,0.002125188472637602,0.3756625014511115,0.00013372351147115293,0.00012735181012763527,1.0500322793773544,0.0023510134613993205
3,Normal,IR,123,60.78431372549019,0.00657724004195015,1.81968836614326,0.36144870541159124,0.002940026298223755,0.000689541402796956,0.002250484895426799,0.3063968143923872,0.00013705323927314328,9.010818808981198e-05,1.5209854085240353,0.0024742950631053695
3,Normal,IR,124,60.78431372549019,0.006906102043880091,1.81935950414133,0.37958974178330496,0.0018968349200437164,0.0009539464523986622,0.000942888467645054,1.0117277760128156,-4.05322419200709e-05,9.454782344282397e-07,,0.0015929253219288952
3,Normal,IR,125,60.78431372549019,0.006906102043880091,1.81935950414133,0.37958974178330496,0.0031059782859625155,0.0009539464523986622,0.0021520318335638534,0.44327711027345146,-4.05322419200709e-05,9.746647565723616e-05,-0.4158582902146999,0.0015929253219288952
3,Normal,IR,126,60.78431372549019,0.006412809040980072,1.81985279714423,0.35238064589857226,0.002910469825841784,0.000758561315494735,0.002151908510347049,0.35250630398427024,0.0001557572656426083,0.00010967547720943078,1.4201649229679854,0.0025889136332091223
3,Normal,IR,127,60.78431372549019,0.006741671042750141,1.81935950414133,0.37055189078378215,0.0015262074437322778,0.00046003683305604834,0.0010661706106762292,0.4314851942544781,-0.0001821073337659026,1.2332325066459762e-05,-14.76666668973721,0.0014371528430894287
3,Normal,IR,128,60.78431372549019,0.006741671042750141,1.81935950414133,0.37055189078378215,0.002981750664714189,0.00046003683305604834,0.002521713831658141,0.1824302295052858,-0.0001821073337659026,0.00025585463746733073,-0.7117609263156518,0.0014371528430894287
3,Normal,IR,129,60.78431372549019,0.006577240041790056,1.81952393514229,0.36148136964605,0.0032236697749389804,0.00037358723429534516,0.0028500825406436356,0.13107944382936285,-4.735612837921844e-05,0.00025536134415745856,-0.18544752157169936,0.001233232507228177
3,Normal,IR,130,60.78431372549019,0.0067416710429200055,1.81952393514229,0.3705184038918837,0.0012379187912144327,0.001176791566580566,6.112722463386672e-05,19.2515131126791,0.00013014713716723517,-1.2743402593279327e-06,,0.002546429850110332
3,Normal,IR,131,60.78431372549019,0.0067416710429200055,1.81952393514229,0.3705184038918837,0.0030541003051950673,0.001176791566580566,0.0018773087386145012,0.626850310966467,0.00013014713716723517,9.980961738386672e-05,1.3039538731692626,0.002546429850110332
3,Normal,IR,132,60.78431372549019,0.004439637029030052,1.82182596915618,0.2436916096374656,0.0012537041675775205,0.0005731653619434932,0.000680538805634027,0.8422228933873964,0.0001502899349283806,2.856988601629686e-05,5.260431730201937,0.0027694323722851077
3,Normal,IR,133,60.78431372549019,0.006577240041790056,1.81952393514229,0.36148136964605,0.002950303235828661,0.0006464604804810889,0.002303842755347572,0.2806009563719377,-0.00016911728470087804,0.00020471659617651568,-0.8261044187890739,0.0018989128500630503
3,Normal,IR,134,60.78431372549019,0.0064128090408202,1.81968836614326,0.3524124877718394,0.003202951468866425,0.0005549957361880561,0.002647955732678369,0.20959403865361675,-5.261792042965775e-05,0.00023719171851810443,-0.22183708924745413,0.0013228235408153655
3,Normal,IR,135,60.78431372549019,0.006906102043880091,1.81935950414133,0.37958974178330496,0.0012967850895693389,0.0005512549308953551,0.000745530158673984,0.7394133214890045,-2.885764079057262e-05,2.466464906081148e-07,,0.001767633260469248
3,Normal,IR,136,60.78431372549019,0.006906102043880091,1.81935950414133,0.37958974178330496,0.002880790030106472,0.0005512549308953551,0.0023295350992111165,0.236637314922636,-2.885764079057262e-05,0.0001900411292871329,-0.15184944911041676,0.001767633260469248
3,Normal,IR,137,60.78431372549019,0.006906102043880091,1.81935950414133,0.37958974178330496,0.003363395017994044,0.0005512549308953551,0.002812140087098689,0.1960268385719326,-2.885764079057262e-05,0.00014918002514519938,-0.19344172091729442,0.001767633260469248
3,Normal,IR,138,60.78431372549019,0.007070533044839955,1.81919507314037,0.38866271953092457,0.0011499893133697608,0.0010947404970244796,5.524881634528128e-05,19.81473214164125,0.00014198616923229553,-9.865860074055324e-07,,0.0025299189081187112
3,Normal,IR,139,60.78431372549019,0.007070533044839955,1.81919507314037,0.38866271953092457,0.003120777075979717,0.0010947404970244796,0.002026036578955237,0.5403359980741328,0.00014198616923229553,5.590653767205661e-06,25.397060012046413,0.0025299189081187112
3,Normal,IR,140,60.78431372549019,0.004439637029030052,1.82182596915618,0.2436916096374656,0.0009882303164016068,0.000479686337833953,0.0005085439785676539,0.94325438516649,9.565773482285358e-05,-9.874081662101145e-05,,0.0024602869725454113
3,Normal,IR,141,60.78431372549019,0.006741671042579833,1.81919507314037,0.37058538372919403,0.0027186610630114336,0.00049481398976815,0.0022238470732432836,0.22250360455159704,-0.00013553225271306445,0.00020808743166844275,-0.6513235884857069,0.0014301979843047707
3,Normal,IR,142,60.78431372549019,0.006741671042579833,1.81919507314037,0.37058538372919403,0.0031653378771747715,0.00049481398976815,0.0026705238874066214,0.18528723599947647,-0.00013553225271306445,0.0003180095554445998,-0.4261892461802942,0.0014301979843047707
3,Normal,IR,143,60.78431372549019,0.0019731720131199726,1.82379914116871,0.10819020409536671,-0.0009154284904691464,4.135439677239323e-05,-0.00095678288724154,,-6.001731542486178e-06,-3.2803985150295655e-05,,0.0014798790098233816
3,Normal,IR,144,60.78431372549019,0.006741671042070019,1.81870178013753,0.37068589890312936,0.0029029882148734324,0.000842749987861136,0.0020602382270122964,0.40905463106723833,-6.063393177624644e-05,0.00011863696701488407,-0.5110880133056619,0.00174677261094347
3,Normal,IR,145,60.78431372549019,0.006577240041130139,1.81886621113847,0.3616120856417083,0.002991616524416194,0.0007299092134570771,0.002261707310959117,0.32272487687522494,0.00010342709953943129,-2.2814801926392548e-05,,0.0021043715509301286
3,Normal,IR,146,60.78431372549019,0.0067416710417398384,1.81837291813565,0.3707529393174185,0.0015271118140316186,0.0007949005665535223,0.0007322112474780964,1.0856164382769895,8.533968941040439e-05,1.3812204079558082e-05,6.178571422696124,0.0020137915461473366
3,Normal,IR,147,60.78431372549019,0.0067416710417398384,1.81837291813565,0.3707529393174185,0.0029653486719354513,0.0007949005665535223,0.002170448105381929,0.36623799692904674,8.533968941040439e-05,0.0001934530725403477,0.44113897127483176,0.0020137915461473366
3,Normal,IR,148,60.78431372549019,0.006577240040809951,1.81853734913658,0.36167747909784453,0.0031763958616975274,0.0007428170470063621,0.0024335788146911653,0.30523648649556057,0.00011140200308860679,0.00023678064106064182,0.4704861114894763,0.002168433825665561
3,Normal,IR,149,60.78431372549019,0.006577240040809951,1.81853734913658,0.36167747909784453,0.0016303333749088642,0.0007045046237396267,0.000925828751169238,0.7609448538403036,-0.00019000002181052676,3.3708355082409043e-06,-56.36585390951921,0.0017555427455138162
3,Normal,IR,150,60.78431372549019,0.006577240040809951,1.81853734913658,0.36167747909784453,0.0029036459388343643,0.0007045046237396267,0.002199141315094738,0.320354412380851,-0.00019000002181052676,0.00022917570750908525,-0.8290582971277379,0.0017555427455138162
3,Normal,IR,151,60.78431372549019,0.006577240040809951,1.81853734913658,0.36167747909784453,0.0032013893738336435,0.0006300995958078673,0.0025712897780257767,0.24505195843451555,-1.3154481098879396e-06,0.00024294680357905403,-0.005414552035708909,0.0016134791968382967
3,Normal,IR,152,60.78431372549019,0.006577240040809951,1.81853734913658,0.36167747909784453,0.0013807682231387342,0.000562354023371405,0.0008184141997673291,0.6871264251417917,-0.0002038944413829543,5.919516028143212e-06,-34.44444451431114,0.001719115529307036
3,Normal,IR,153,60.78431372549019,0.006577240040809951,1.81853734913658,0.36167747909784453,0.002932339148505351,0.000562354023371405,0.002369985125133946,0.2372816678921654,-0.0002038944413829543,0.00024290569608440699,-0.8393975302748903,0.001719115529307036
3,Normal,IR,154,60.78431372549019,0.006412809039859857,1.81870178013753,0.35260365992355935,0.003087767552178375,0.0004624210825421194,0.002625346469636256,0.17613716432870982,-3.617482030698461e-05,0.00023131331019117486,-0.15638884021454275,0.001108190925911856
3,Normal,IR,155,60.78431372549019,0.006906102042850026,1.81837291813565,0.3797956939399838,0.0014532000790716687,0.0011628560390481344,0.00029034404002353396,4.005096984094727,0.00016665081936701815,-4.645175785284119e-06,,0.002519755478202823
3,Normal,IR,156,60.78431372549019,0.006906102042850026,1.81837291813565,0.3797956939399838,0.0031269432381274198,0.0011628560390481344,0.001964087199079285,0.5920592729249762,0.00016665081936701815,6.059282363726705e-05,2.7503392211040834,0.002519755478202823
3,Normal,IR,157,60.78431372549019,0.004439637028370136,1.82083938315013,0.2438236491067858,0.001270969422479986,0.0005428278421640208,0.000728141580315965,0.7454976571018916,0.00011662268744048774,0.00011732151883111195,0.994043450872553,0.0024227880309983796
3,Normal,IR,158,60.78431372549019,0.006741671041920139,1.81853734913658,0.37071941608023634,0.0019158267003908534,0.0005512960385352552,0.0013645306618555986,0.40401879851168643,-0.0003571441343634835,2.5486804884973077e-06,-140.1290338178303,0.001849925027469057
3,Normal,IR,159,60.78431372549019,0.006741671041920139,1.81853734913658,0.37071941608023634,0.00306972124981553,0.0005512960385352552,0.002518425211280275,0.21890506657332762,-0.0003571441343634835,0.0002630896013927947,-1.357500001796972,0.001849925027469057
3,Normal,IR,160,60.78431372549019,0.006412809040030165,1.81886621113847,0.35257178349672247,0.002897192022091102,0.00035299225138558737,0.002544199770705515,0.13874392076047606,-1.3154480760793056e-06,0.00026119864464340845,-0.005036197939982312,0.0017797237751056016
3,Normal,IR,161,60.78431372549019,0.006741671041920139,1.81853734913658,0.37071941608023634,0.0017368435558196478,0.0004978559632290203,0.0012389875925906276,0.4018248174608769,-0.00022013200273547453,1.2661187056902905e-05,-17.38636367554953,0.0016091850773818361
3,Normal,IR,162,60.78431372549019,0.006741671041920139,1.81853734913658,0.37071941608023634,0.0030581288642566873,0.0004978559632290203,0.0025602729010276667,0.19445425643070552,-0.00022013200273547453,0.00023587627071493605,-0.9332520056733941,0.0016091850773818361
3,Normal,IR,163,60.78431372549019,0.004932930031340099,1.82034609014716,0.2709885805803726,0.0016130270123032918,0.00019312421069882588,0.0014199028016044662,0.1360122752632073,6.906102015737156e-06,0.0001928775637009527,0.035805626549932634,0.0015506605656876449
3,Normal,IR,164,60.78431372549019,0.0069061020430201125,1.81853734913658,0.3797613530620665,0.0027813503818821367,0.0005344829687133958,0.002246867413168741,0.23787917594995883,-0.00012332325088427,0.00015357855479909775,-0.8029978602519999,0.0014824684731145066
3,Normal,IR,165,60.78431372549019,0.0069061020430201125,1.81853734913658,0.3797613530620665,0.0032735745832787357,0.0005167244206103598,0.002756850162668376,0.18743289991147663,-7.202077855710486e-05,0.00023439639145528013,-0.3072606114366974,0.0015073645423928639
3,Normal,IR,166,60.78431372549019,0.0069061020430201125,1.81853734913658,0.3797613530620665,0.0014027197617781538,0.0007843358747335695,0.0006183838870445846,1.268364023005373,-0.0001462613755633908,-5.6317617977231775e-06,,0.0017681671271760901
3,Normal,IR,167,60.78431372549019,0.0069061020430201125,1.81853734913658,0.3797613530620665,0.002997577148170144,0.0007843358747335695,0.002213241273436575,0.3543833580853589,-0.0001462613755633908,0.00012694073259727476,-1.1522020754946458,0.0017681671271760901
3,Normal,IR,168,60.78431372549019,0.0069061020430201125,1.81853734913658,0.3797613530620665,0.0033455131462116006,0.0007022848052567698,0.002643228340954831,0.26569206843593346,4.447858565910401e-05,5.516660033304339e-05,0.806259319780169,0.0018462882475600573
3,Normal,IR,169,60.78431372549019,0.006741671041920139,1.81853734913658,0.37071941608023634,0.001665028316148961,0.0007230442191240461,0.0009419840970249148,0.7675758236340184,8.427088680511367e-06,5.5495462695518276e-06,1.5185185006470674,0.001639268492984458
3,Normal,IR,170,60.78431372549019,0.006741671041920139,1.81853734913658,0.37071941608023634,0.0028919302300534602,0.0007230442191240461,0.002168886010929414,0.3333712401115106,8.427088680511367e-06,0.0002065664448737087,0.040796019342171225,0.001639268492984458
3,Normal,IR,171,60.78431372549019,0.006412809040030165,1.81886621113847,0.35257178349672247,0.003033916399424356,0.0006246322650558706,0.0024092841343684853,0.2592605231344361,7.313068761327647e-05,0.00012932498182544822,0.565479975956865,0.0017437334060126375
3,Normal,IR,172,60.78431372549019,0.006741671041920139,1.81853734913658,0.37071941608023634,0.0007604111641063458,0.0007060256105222054,5.4385553584140376e-05,12.98185940922541,-1.6443111892926976e-07,-1.068801507480566e-06,,0.0016352839641229355
3,Normal,IR,173,60.78431372549019,0.006741671041920139,1.81853734913658,0.37071941608023634,0.0007604111641063458,0.0007060256105222054,5.4385553584140376e-05,12.98185940922541,-1.6443111892926976e-07,-1.068801507480566e-06,,0.0016352839641229355
3,Ischaemia,Red,174,62.745098039215684,0.002302034673160147,2.63625281131724,0.0873222273401732,0.0002517439345405389,1.0852449171670055e-05,0.00024089148536886882,0.04505119454534507,2.7953278156094274e-06,9.86586283903896e-05,0.028333333447008696,0.0009865862881985876
3,Ischaemia,Red,175,62.745098039215684,0.002302034673160147,2.63625281131724,0.0873222273401732,0.00017906541135463466,1.0852449171670055e-05,0.00016821296218296462,0.06451612902379,2.7953278156094274e-06,7.465169516242335e-05,0.037444934231265554,0.0009865862881985876
3,Ischaemia,Red,176,62.745098039215684,0.004275207247829815,2.63427963874257,0.16229132188375092,0.0014726444652932503,0.00039167475612876936,0.0010809697091644808,0.3623364769689138,-1.2332328791148099e-05,0.00014700135671981467,-0.08389261885965842,0.0016234303456075239
3,Ischaemia,Red,177,62.745098039215684,0.004110776200029864,2.63444406979037,0.1560396080208668,0.0018618527557687,0.00032059943569828585,0.0015412533200704144,0.20801216226002278,1.229122069604596e-05,0.00017717445371974834,0.06937354927865623,0.0021376036228977213
3,Ischaemia,Red,178,62.745098039215684,0.0036174830561899185,2.63477293188603,0.1372977159591678,0.0015246868920979555,0.00042875395744755346,0.0010959329346504022,0.3912228056038156,-0.0001599914099473558,0.00012652969123671108,-1.2644574438109133,0.0020542514790884425
3,Ischaemia,Red,179,62.745098039215684,0.0036174830561899185,2.63477293188603,0.1372977159591678,0.0017438734789859617,0.0002366162779735954,0.0015072572010123662,0.15698467243325787,-3.379058047660098e-05,0.00014979668417709912,-0.22557629137272234,0.0014749300016525524
3,Ischaemia,Red,180,62.745098039215684,0.004110776200400235,2.6346085008382,0.15602986929907772,0.000399238584401536,0.00030456740852972643,9.467117587180952e-05,3.217108118970964,-4.587626255439358e-05,-1.5209872002479586e-06,,0.001707961207262354
3,Ischaemia,Red,181,62.745098039215684,0.004110776200400235,2.6346085008382,0.15602986929907772,0.0015034341792038574,0.00030456740852972643,0.0011988667706741307,0.25404608416869057,-4.587626255439358e-05,0.00013212034683243333,-0.3472308668140109,0.001707961207262354
3,Ischaemia,Red,182,62.745098039215684,0.00032886209638016695,2.63839041494222,0.01246449708571159,-0.0013026227629171032,8.221552409504174e-08,-0.0013027049784411979,,0.0,0.00019855048957868817,0.0,0.0
3,Ischaemia,Red,183,62.745098039215684,0.004439638296439785,2.63444406979037,0.1685227766780055,0.00187550053279296,0.000632114056045756,0.0012433864767472038,0.5083809964697507,7.715926899078297e-05,-8.739510238060992e-05,,0.002338538363841902
3,Ischaemia,Red,184,62.745098039215684,0.0029597588654999285,2.63592394922131,0.11228544231612919,0.0006723996631123652,0.00014067076158818148,0.0005317289015241836,0.2645535369338648,6.001733207934734e-06,-7.855693368160996e-05,,0.0016641867608306882
3,Ischaemia,Red,185,62.745098039215684,0.003617483056850279,2.63510179398175,0.13728058115675712,0.0013187781124914238,0.00048161853947540213,0.0008371595730160216,0.5753007610487957,-0.000148727883180759,3.864129606101651e-05,-3.8489361988767237,0.0018745611292572129
3,Ischaemia,Red,186,62.745098039215684,0.00263089676933026,2.63608838026927,0.09980305626405137,0.0006614649984590406,0.00014889231399624602,0.0005125726844627946,0.2904803913854552,1.011250941407481e-05,0.0001137451767556056,0.08890495142315075,0.0018110794107570882
3,Ischaemia,Red,187,62.745098039215684,0.004110776200400235,2.6346085008382,0.15602986929907772,0.00045452852424309283,0.0004129274691069137,4.1601055136179175e-05,9.925889325528265,-5.3645629638512836e-05,1.6443104416730134e-07,,0.001722541990837545
3,Ischaemia,Red,188,62.745098039215684,0.004110776200400235,2.6346085008382,0.15602986929907772,0.0020800938643669945,0.0004129274691069137,0.0016671663952600806,0.24768221713255942,-5.3645629638512836e-05,0.00016015584042244584,-0.3349589343542566,0.001722541990837545
3,Ischaemia,Red,189,62.745098039215684,0.002137603625369966,2.63658167341323,0.08107481163679242,0.0004663675600896285,3.3913903664182124e-05,0.0004324536564254463,0.0784220532311045,7.810474709475374e-07,0.0002048810853396265,0.0038121990112108864,0.0009892384020870892
3,Ischaemia,Red,190,62.745098039215684,0.003617483056850279,2.63510179398175,0.13728058115675712,0.0005252338749693953,0.0004446215536884294,8.061232128096585e-05,5.515553287924153,-7.810474802643582e-05,2.8775433339243136e-06,-27.142857278857633,0.0015379139189946045
3,Ischaemia,Red,191,62.745098039215684,0.003617483056850279,2.63510179398175,0.13728058115675712,0.0016262641722781463,0.0004446215536884294,0.0011816426185897169,0.3762741345763937,-7.810474802643582e-05,0.0002172545218809198,-0.3595080431478711,0.0015379139189946045
3,Ischaemia,Red,192,62.745098039215684,0.002795327817290083,2.63592394922131,0.10604736218265565,0.0009710064463493658,0.00014235617983217205,0.0008286502665171936,0.17179283659739017,1.6566428054118447e-05,0.00014642584776708512,0.11313868628215239,0.0016991208299934613
3,Ischaemia,Red,193,62.745098039215684,0.0037819141050601246,2.63510179398175,0.14352060757947013,0.0009591263029060961,0.00041728489196473,0.0005418414109413659,0.7701236626409964,-0.00012447430358513271,2.0923850824523522e-05,-5.948919471326199,0.0014991060984934634
3,Ischaemia,Red,194,62.745098039215684,0.0037819141050601246,2.63510179398175,0.14352060757947013,0.0016085056191551526,0.00041728489196473,0.0011912207271904227,0.3503002276907367,-0.00012447430358513271,0.00010235832718771656,-1.2160642617464559,0.0014991060984934634
3,Ischaemia,Red,195,62.745098039215684,0.0037819141050601246,2.63510179398175,0.14352060757947013,0.001612945257475221,0.0002623908448147847,0.001350554412660436,0.1942838010487153,2.1293820617201756e-05,0.0003168586290654727,0.06720290585111949,0.001785527732651726
3,Ischaemia,Red,196,62.745098039215684,0.004275207249380131,2.63493736293389,0.16225081132933916,0.001049357840342672,0.0007773477791961394,0.00027201006114653255,2.857790538774888,-0.00022625712259584618,4.3985304930474e-06,-51.43925293992681,0.001873533314096676
3,Ischaemia,Red,197,62.745098039215684,0.004275207249380131,2.63493736293389,0.16225081132933916,0.0017449833887872488,0.0007773477791961394,0.0009676356095911093,0.8033476357123948,-0.00022625712259584618,3.539378275565316e-05,-6.392566857231669,0.001873533314096676
3,Ischaemia,Red,198,62.745098039215684,0.004110776201520228,2.63510179398175,0.15600066042642974,0.0015717963876355268,0.0004150650728746103,0.0011567313147609164,0.35882582893539083,2.4541333730188532e-05,-2.2033761025008823e-05,,0.0023106889376043327
3,Ischaemia,Red,199,62.745098039215684,0.004110776201520228,2.63510179398175,0.15600066042642974,0.0009646347430209628,0.0007546974024740083,0.00020993734054695467,3.5948697859455465,-0.00012192562250018033,1.188014319444353e-05,-10.26297583325479,0.0017171767586705577
3,Ischaemia,Red,200,62.745098039215684,0.004110776201520228,2.63510179398175,0.15600066042642974,0.001902426117429338,0.0007546974024740083,0.0011477287149553297,0.6575573065655864,-0.00012192562250018033,1.2825621360937854e-05,-9.506410572163086,0.0017171767586705577
3,Ischaemia,Red,201,62.745098039215684,0.0021376036259499465,2.63707496655732,0.08105964574608096,7.095199738769525e-05,8.003681266944363e-05,-9.084815281748548e-06,,5.755086667682979e-06,-6.918436419551638e-05,,0.001573333050553849
3,Ischaemia,Red,202,62.745098039215684,0.0037819141050601246,2.63510179398175,0.14352060757947013,0.0013079256634377584,0.0011048533191804254,0.0002030723442573328,5.440688259255815,0.0001782843634406949,-5.2617935867367226e-06,,0.0026040508830242892
3,Ischaemia,Red,203,62.745098039215684,0.0037819141050601246,2.63510179398175,0.14352060757947013,0.0016162749861227943,0.0011048533191804254,0.000511421666942369,2.160356884732709,0.0001782843634406949,2.7542198117822686e-06,64.73134884805228,0.0026040508830242892
3,Ischaemia,Red,204,62.745098039215684,0.004275207249780255,2.63510179398175,0.16224068685104712,0.0011233929198838169,0.0005789617198834907,0.000544431200000326,1.0634249467759085,-0.0001702683506404989,1.0194724932855343e-05,-16.701613016724135,0.001997332915006922
3,Ischaemia,Red,205,62.745098039215684,0.004275207249780255,2.63510179398175,0.16224068685104712,0.0019216234424839496,0.0005789617198834907,0.0013426617226004588,0.4312044576367019,-0.0001702683506404989,0.00013787543363285714,-1.234943355419643,0.001997332915006922
3,Ischaemia,Red,206,62.745098039215684,0.0037819141060899675,2.63559508712544,0.14349374547570512,0.0018691288306929444,0.00022029649657764693,0.0016488323341152975,0.1336075791453046,-2.4582441791678456e-05,0.00025610135671604283,-0.09598715956407329,0.0012024417175338087
3,Ischaemia,Red,207,62.745098039215684,0.003946345154000053,2.63543065607753,0.1497419461559135,0.0005894441993476406,0.00045012999390021155,0.000139314205447429,3.231041604512259,-4.612290921529504e-05,-3.12418992835539e-06,,0.0017927233939278864
3,Ischaemia,Red,208,62.745098039215684,0.003946345154000053,2.63543065607753,0.1497419461559135,0.0016383087469518881,0.00045012999390021155,0.0011881787530516764,0.3788402988558023,-4.612290921529504e-05,7.580271294834273e-05,-0.6084598746053643,0.0017927233939278864
3,Ischaemia,Red,209,62.745098039215684,0.0037819141060899675,2.63559508712544,0.14349374547570512,0.0018798579565262458,0.00029996333935267583,0.0015798946171735702,0.1898628782527976,1.1592388763315824e-05,0.000348182743366263,0.033293978475898996,0.001778011791171874
3,Ischaemia,Red,210,62.745098039215684,0.004604069345909956,2.63493736293389,0.1747316429861362,0.0007477090830211986,0.0005662183137642239,0.00018149076925697471,3.1198187989523,8.27910324436785e-05,2.959758853861237e-06,27.972222242251632,0.0027514795363270395
3,Ischaemia,Red,211,62.745098039215684,0.004604069345909956,2.63493736293389,0.1747316429861362,0.0019478090869562371,0.0005662183137642239,0.0013815907731920133,0.40983070005312705,8.27910324436785e-05,0.0001343812738557763,0.6160905464591245,0.0027514795363270395
3,Ischaemia,Red,212,62.745098039215684,0.0036174830584898565,2.63592394922131,0.13723776285573464,0.0015109569005628495,0.00032656006142540376,0.0011843968391374456,0.27571845063621236,1.7265259924521107e-05,0.00024713986479076044,0.0698602790737085,0.0015548830680951475
3,Ischaemia,Red,213,62.745098039215684,0.003946345154359765,2.63559508712544,0.14973260398143778,0.0017633174512922704,0.0005403204237563988,0.0012229970275358711,0.44180027554527396,-0.00015127656454514982,5.352230587069278e-05,-2.8264209115098002,0.0023257258790163604
3,Ischaemia,Red,214,62.745098039215684,0.0034530520105300333,2.63608838026927,0.13099151137631102,0.0013312748728214246,0.0002059909954587814,0.001125283877362643,0.18305691532839505,1.1756819866467047e-05,0.00019000007548534737,0.06187797471361385,0.0012299442391165982
3,Ischaemia,Red,215,62.745098039215684,0.00361748305782994,2.63559508712544,0.13725488697034316,0.001179998308344643,0.0005524883212753673,0.000627509987069276,0.8804454632757479,-0.00014839902117918364,3.0255312767122112e-05,-4.904891326737369,0.002218015710986343
3,Ischaemia,Red,216,62.745098039215684,0.00361748305782994,2.63559508712544,0.13725488697034316,0.0017080275112726837,0.0005524883212753673,0.0011555391899973164,0.4781216648105638,-0.00014839902117918364,0.00011074431055528142,-1.340014854353224,0.002218015710986343
3,Ischaemia,Red,217,62.745098039215684,0.002959758866030171,2.63625281131724,0.11227143517207998,0.0011064565223572074,0.00016648643615715963,0.0009399700862000478,0.1771188664420193,9.619216257560569e-06,0.00016418440098440242,0.05858788167381625,0.002106578898988243
3,Ischaemia,Red,218,62.745098039215684,0.003946345154359765,2.63559508712544,0.14973260398143778,0.0013315215191949006,0.0010466036207015471,0.0002849178984933536,3.673351608431724,4.521853778275676e-05,3.2886209120248797e-06,13.750000073713169,0.002094835351601265
3,Ischaemia,Red,219,62.745098039215684,0.003946345154359765,2.63559508712544,0.14973260398143778,0.0017486419802785515,0.0008953270565628255,0.0008533149237157262,1.0492340303438725,0.00016229344414049916,4.3327580783384344e-05,3.745730576370812,0.0023113295637893216
3,Ischaemia,Red,220,62.745098039215684,0.002630896770529745,2.63691053550927,0.09977193898319482,0.00044527927829708257,0.0001685418243174297,0.000276737453979653,0.6090314913781842,2.4500226130926158e-05,-1.4305501835710783e-05,,0.0016886092567029998
3,Ischaemia,Red,221,62.745098039215684,0.003946345153630126,2.63526622502964,0.14975128949583605,0.0016039837654593242,0.0005264260001785222,0.001077557765280802,0.48853622250250334,7.456948008787269e-05,6.836220780758632e-05,1.0907997631931006,0.0019408607978017578
3,Ischaemia,Red,222,62.745098039215684,0.0031241899140002083,2.63608838026927,0.11851612932951361,0.001062389001375971,0.00031541985791613147,0.0007469691434598394,0.42226624844924393,2.0183911043111678e-05,3.1940730402216325e-05,0.6319176421122525,0.0018143965646801874
3,Ischaemia,Red,223,62.745098039215684,0.004275207249780255,2.63510179398175,0.16224068685104712,0.0017477376092992058,0.0003967721187730736,0.0013509654905261318,0.29369522874973747,-5.319344426629823e-05,7.086978157137052e-05,-0.7505800510014123,0.0016786808647779594
3,Ischaemia,Red,224,62.745098039215684,0.003946345154000053,2.63543065607753,0.1497419461559135,0.0018940812421920665,0.0002704890739708859,0.0016235921682211806,0.16659914926002364,-1.9567294848118025e-05,0.000271557875459215,-0.0720557075173348,0.0015805515019380323
3,Ischaemia,Red,225,62.745098039215684,0.004275207250549862,2.63543065607753,0.16222044168344427,0.0007244831976621312,0.0006874039963244692,3.7079201337662066e-05,18.53880265825088,0.0001540718918183739,9.043707629774464e-07,,0.002577184823816303
3,Ischaemia,Red,226,62.745098039215684,0.004604069347160067,2.63543065607753,0.17469893721326668,0.0017525061098983621,0.0008238817662151393,0.0009286243436832228,0.8872067287697405,0.00015629171087692953,-9.874084478697954e-05,,0.0026898651451290334
3,Ischaemia,Red,227,62.745098039215684,0.002959758867369988,2.63707496655732,0.11223643259690602,0.00040918666326629754,0.0001656642809929084,0.00024352238227338892,0.6802835921953425,5.0973624380865575e-06,-0.0001188836485048759,,0.001919372557388055
3,Ischaemia,Red,228,62.745098039215684,0.003946345154000053,2.63543065607753,0.1497419461559135,0.001310268806111798,0.00041617498247815477,0.000894093823633643,0.46547126428722924,-8.106450692585194e-05,2.9597588475730678e-05,-2.738888912937043,0.0018087415278364993
3,Ischaemia,Red,229,62.745098039215684,0.003946345154000053,2.63543065607753,0.1497419461559135,0.0017912296215130499,0.00041617498247815477,0.0013750546390348954,0.30266068755657155,-8.106450692585194e-05,0.00011600610395695425,-0.698795185432071,0.0018087415278364993
3,Ischaemia,Red,230,62.745098039215684,0.002795327818299942,2.63658167341323,0.1060209075443206,0.0005684792409363517,0.00011826703132902448,0.00045021220960732723,0.26269174581510435,-1.0318048312772963e-05,-3.2886262502630184e-07,,0.0014316224946546718
3,Ischaemia,Red,231,62.745098039215684,0.003946345154000053,2.63543065607753,0.1497419461559135,0.0014506518133656022,0.0004710949525340039,0.000979556860831598,0.4809266019882361,-2.3184778004502673e-05,-1.3154484037508903e-05,,0.001855018529392627
3,Ischaemia,Red,232,62.745098039215684,0.0037819141060899675,2.63559508712544,0.14349374547570512,0.0016244554311636713,0.0003144332715855657,0.0013100221595781058,0.2400213380259379,3.078971362881826e-05,0.00013162705337600914,0.23391630245541997,0.0022269444937506044
3,Ischaemia,Red,233,62.745098039215684,0.003946345154000053,2.63543065607753,0.1497419461559135,0.0014230685050836461,0.00036651680595810375,0.0010565516991255424,0.34689907390376856,-0.00012282999313790267,9.709653371490626e-05,-1.2650296404870096,0.0019705204622577632
3,Ischaemia,Red,234,62.745098039215684,0.003946345154000053,2.63543065607753,0.1497419461559135,0.0021264634206837516,0.000240562623212082,0.0018859007974716697,0.12755847154558286,-5.738643591492185e-05,7.896801027519108e-05,-0.7267048481396348,0.0015212594305387128
3,Ischaemia,Red,235,62.745098039215684,0.0041107762026397765,2.63559508712544,0.15597146248755797,0.0005906774323337113,0.0005669993614123946,2.3678070921316796e-05,23.946180552315973,9.117701595684038e-05,2.466465706301158e-07,,0.001795956392522946
3,Ischaemia,Red,236,62.745098039215684,0.0041107762026397765,2.63559508712544,0.15597146248755797,0.001729609086677332,0.0005669993614123946,0.0011626097252649377,0.48769535390148716,9.117701595684038e-05,0.0002222285612485404,0.4102848681761838,0.001795956392522946
3,Ischaemia,Red,237,62.745098039215684,0.0027953278188097563,2.63691053550927,0.10600768517426742,0.0009326940126844495,0.00023821948096250815,0.0006944745317219415,0.34302119095979766,2.367807086885934e-05,0.0002136781462479838,0.11081185083560112,0.0013550832304942695
3,Ischaemia,Red,238,62.745098039215684,0.003946345154000053,2.63543065607753,0.1497419461559135,0.0016539296966050217,0.00032820437180829977,0.0013257253247967219,0.2475658914176845,-3.880572751370528e-05,0.00023916495920211275,-0.1622550713246896,0.0014639667496343378
3,Ischaemia,Red,239,62.745098039215684,0.003946345154000053,2.63543065607753,0.1497419461559135,0.0018452041131839791,0.00028076601447008887,0.0015644380987138904,0.1794676406186374,-1.2250113214415012e-05,0.0003065405809293883,-0.039962451879207564,0.001885143833023406
3,Ischaemia,Red,240,62.745098039215684,0.004275207250939772,2.63559508712544,0.16221032099443639,0.0011434124002671338,0.0007643577267223279,0.00037905467354480585,2.0164841118413954,-7.465169627460258e-05,3.3708364446762885e-06,-22.146341864940766,0.002256161552011804
3,Ischaemia,Red,241,62.745098039215684,0.004275207250939772,2.63559508712544,0.16221032099443639,0.0018710197878853596,0.0007643577267223279,0.0011066620611630317,0.6906875671865325,-7.465169627460258e-05,0.00011777373796149648,-0.633856898547351,0.002256161552011804
3,Ischaemia,Red,242,62.745098039215684,0.002466465722930078,2.63740382865345,0.09351869805199131,0.0005212875304115158,6.893771693763249e-05,0.0004523498134738833,0.15239912758715585,3.5763752799853297e-06,0.00020044144681937635,0.01784249383915147,0.0014364448169250643
3,Ischaemia,Red,243,62.745098039215684,0.004275207250939772,2.63559508712544,0.16221032099443639,0.0020041678291393672,0.0006690699345003458,0.0013350978946390217,0.5011392327011692,8.657294655980193e-05,0.00012899615688920376,0.6711281068176349,0.001965026450777785
3,Ischaemia,Red,244,62.745098039215684,0.0023020346748299225,2.63756825970155,0.08727867672666055,0.0005364974023770288,0.00017331032475984053,0.0003631870776171881,0.4771929824621009,-4.932931898186927e-07,0.00014613809358403974,-0.0033755277472195446,0.001476612591500892
3,Ischaemia,Red,245,62.745098039215684,0.0041107762037499995,2.63608838026927,0.1559422754759874,0.0009328995512125728,0.0007845416380651271,0.0001483579131474458,5.288168466520616,-0.00010646910409768526,1.6032027021239946e-06,-66.41025739080294,0.0020238105118832728
3,Ischaemia,Red,246,62.745098039215684,0.0041107762037499995,2.63608838026927,0.1559422754759874,0.0017508617999093434,0.0007845416380651271,0.0009663201618442164,0.8118858211214738,-0.00010646910409768526,8.533971373489121e-05,-1.2475915308133414,0.0020238105118832728
3,Ischaemia,Red,247,62.745098039215684,0.002302034675250031,2.63789712179777,0.08726779586010379,0.0002132670695586662,1.0770233656414272e-05,0.00020249683590225194,0.05318717010281195,-1.890957057460785e-06,-4.974039277290634e-05,,0.0002840172648821415
3,Ischaemia,Red,248,62.745098039215684,0.0037819141074502127,2.63625281131724,0.14345794497457653,0.0014279192215392279,0.0005685614565241514,0.0008593577650150766,0.6616120545721449,5.4221137910922294e-05,7.481612311916277e-06,7.247253085349266,0.0015829511010898578
3,Ischaemia,Red,249,62.745098039215684,0.0023020346750399767,2.63773269074965,0.08727323595423662,7.699483844879893e-05,6.157942754213398e-05,1.5415410906664828e-05,3.994666630359507,4.604069334894548e-06,-3.802468061307607e-05,,0.0015297070240842814
3,Ischaemia,Red,250,62.745098039215684,0.0041107762026397765,2.63559508712544,0.15597146248755797,0.0016390075790711006,0.0006358137549976333,0.0010031938240734671,0.6337895426986506,3.5640429412225976e-05,-1.4223285927631021e-05,,0.0016327665193349716
3,Ischaemia,Red,251,62.745098039215684,0.0029597588668397457,2.63674610446124,0.1122504310078238,0.000878061796847267,0.00028767211866466614,0.0005903896781826009,0.48725804209553336,3.2392916399738094e-05,0.00010531808565936011,0.30757221038473354,0.0019174090047031633
3,Ischaemia,Red,252,62.745098039215684,0.004275207250549862,2.63543065607753,0.16222044168344427,0.0015276055440218731,0.00111064951392611,0.00041695603009576346,2.6637089615205327,0.00010918221548480476,1.693639791598423e-05,6.44660192954966,0.002037225225394401
3,Ischaemia,Red,253,62.745098039215684,0.004275207250549862,2.63543065607753,0.16222044168344427,0.0019981249879473164,0.00111064951392611,0.0008874754740212066,1.2514706563029714,0.00010918221548480476,4.0984438566210996e-05,2.663991976086709,0.002037225225394401
3,Ischaemia,Red,254,62.745098039215684,0.0019731725784297716,2.63773269074965,0.07480563081124764,0.0003522524129269327,0.00018301175660719415,0.00016924065631973857,1.081369929583814,-4.932931867744969e-07,4.0984438566210996e-05,-0.01203610941205341,0.0012517976570434186
3,Ischaemia,IR,255,62.745098039215684,0.001644310012379968,1.82971865720985,0.08986682219699214,-0.00016447210893300528,8.79705856585955e-06,-0.0001732691674988648,,1.6443100086471754e-07,8.455864222818219e-05,0.0019445794839160159,0.0005794235281300075
3,Ischaemia,IR,256,62.745098039215684,0.0047684990349998735,1.82692333018976,0.2610125425736709,0.0006817309309010899,0.0006388555473391031,4.287538356198682e-05,14.90028763044141,-0.00019801603330337454,3.699697522832059e-07,,0.0021458011420938394
3,Ischaemia,IR,257,62.745098039215684,0.005097361037539994,1.82692333018976,0.2790134075856669,0.0023336047688420278,0.000951767742616409,0.001381837026225619,0.6887698943891299,-0.00014671356097345966,3.226958383911423e-05,-4.5464968406449335,0.002166025543300476
3,Ischaemia,IR,258,62.745098039215684,0.003946344029410076,1.82807434719789,0.21587437269491327,0.001320380939686644,0.00048235834204799356,0.0008380225976386505,0.5755910919433024,0.00010646907324668377,-9.528776550601239e-05,,0.0024716439473606577
3,Ischaemia,IR,259,62.745098039215684,0.0052617920386801575,1.82675889918862,0.28803976490916533,0.0012472091440305817,0.0005557767840083752,0.0006914323600222066,0.8038049940134786,5.45910923240901e-05,-7.399395070170732e-06,,0.001629204801516515
3,Ischaemia,IR,260,62.745098039215684,0.0052617920386801575,1.82675889918862,0.28803976490916533,0.002144796871746371,0.0005557767840083752,0.0015890200877379957,0.349760703654499,5.45910923240901e-05,0.00014453484995297894,0.37770193376787703,0.001629204801516515
3,Ischaemia,IR,261,62.745098039215684,0.004768499035240126,1.82725219219206,0.2609655665274975,0.002139247325509124,0.000432247994393036,0.001706999331116088,0.2532209512410407,7.34184419912165e-05,3.9915625247021204e-05,1.8393408981284973,0.0019376636584054197
3,Ischaemia,IR,262,62.745098039215684,0.005097361037539994,1.82692333018976,0.2790134075856669,0.0011954133786726295,0.0004379208639036112,0.0007574925147690182,0.5781190643674494,-4.7602774922073093e-05,-1.8909565275821002e-06,,0.001732351807562038
3,Ischaemia,IR,263,62.745098039215684,0.005097361037539994,1.82692333018976,0.2790134075856669,0.0021883710870952205,0.0004379208639036112,0.0017504502231916097,0.2501761307471781,-4.7602774922073093e-05,0.000160238010568617,-0.29707542394685854,0.001732351807562038
3,Ischaemia,IR,264,62.745098039215684,0.004604068034079978,1.82741662319322,0.251944081915751,0.0019644982790448726,0.00029178281162300283,0.0016727154674218698,0.17443660760351737,3.7408052740084074e-05,0.00023427306875584505,0.15967713633815092,0.0017931163477458156
3,Ischaemia,IR,265,62.745098039215684,0.004932930036520178,1.82725219219206,0.2699643791699271,0.0020153074584003767,0.0004431415481885762,0.0015721659102118002,0.28186691068048714,-0.0003226958399811814,0.0001348334208989989,-2.3932926853714305,0.0018301885348406266
3,Ischaemia,IR,266,62.745098039215684,0.004932930036520178,1.82725219219206,0.2699643791699271,0.002301376292703914,0.0003178451252974942,0.00198353116740642,0.16024206249962525,-0.00010268716031585101,0.00012998270618396336,-0.7900063272303224,0.0012484218827468752
3,Ischaemia,IR,267,62.745098039215684,0.00493293003639006,1.82708776119091,0.2699886749378004,0.0004592557863271105,0.0003355214579227248,0.00012373432840438568,2.7116279067372577,-3.321506229743196e-05,1.3976635087942204e-06,-23.764705945629903,0.0017911430461989841
3,Ischaemia,IR,268,62.745098039215684,0.00493293003639006,1.82708776119091,0.2699886749378004,0.0022150500170808173,0.0003355214579227248,0.0018795285591580923,0.178513625817432,-3.321506229743196e-05,0.00018358721273257497,-0.18092252615553991,0.0017911430461989841
3,Ischaemia,IR,269,62.745098039215684,0.004768499035240126,1.82725219219206,0.2609655665274975,0.00228374106783924,0.00027858722377068385,0.002005153844068556,0.13893558571317233,1.5127652073666845e-05,0.00027402426325064366,0.05520552046820004,0.001641333885005869
3,Ischaemia,IR,270,62.745098039215684,0.005097361037670112,1.82708776119091,0.2789882974393968,0.0021875489321444967,0.000374203850939845,0.0018133450812046516,0.20636108086567384,-0.00016229339827493429,0.00013943748894028451,-1.163915095634274,0.0017552325873213537
3,Ischaemia,IR,271,62.745098039215684,0.005097361037670112,1.82708776119091,0.2789882974393968,0.0025938579360465968,0.0003303829891287245,0.002263474946917873,0.1459627329114467,-0.00010416703933265258,0.00019032888362277486,-0.5473002171289355,0.0016592582845174064
3,Ischaemia,IR,272,62.745098039215684,0.005097361037670112,1.82708776119091,0.2789882974393968,0.00042328650481834065,0.0003058005544584999,0.00011748595035984081,2.6028691390066756,-2.6802253249474937e-05,3.2886200085047047e-07,,0.0016216298735811652
3,Ischaemia,IR,273,62.745098039215684,0.005097361037670112,1.82708776119091,0.2789882974393968,0.0024582434678538183,0.0003058005544584999,0.0021524429133953187,0.14207138900428362,-2.6802253249474937e-05,0.00023024450926376636,-0.11640778464241455,0.0016216298735811652
3,Ischaemia,IR,274,62.745098039215684,0.0019731720150601983,1.83021195021352,0.1078111207191058,-0.00018469712204790937,1.2003463091021237e-05,-0.00019670058513893065,,6.577240044250974e-07,0.0002346430384403254,0.0028030833933833936,0.0007292157446261438
3,Ischaemia,IR,275,62.745098039215684,0.005261792038949942,1.82708776119091,0.2879879199409811,0.0024480076380477885,0.0005603808520592559,0.0018876267859885328,0.2968705764396057,-4.340978441024991e-05,0.00021302036192109145,-0.2037823239936569,0.0017897544266956
3,Ischaemia,IR,276,62.745098039215684,0.004110775030789826,1.82823877819907,0.2248489135997431,0.0016096150708625545,0.0002785050083068466,0.0013311100625557082,0.20922763349269694,5.1384687855708707e-05,0.0001900000216201928,0.2704456947822139,0.0018742158010458532
3,Ischaemia,IR,277,62.745098039215684,0.005097361037800008,1.82725219219206,0.27896319181234464,0.0015018716572266215,0.0006558741560198231,0.0008459975012067989,0.7752672497072763,-3.0995243823728105e-05,1.331891108356729e-05,-2.3271605035316782,0.0019673757450910934
3,Ischaemia,IR,278,62.745098039215684,0.005097361037800008,1.82725219219206,0.27896319181234464,0.0023218479524322196,0.0006558741560198231,0.0016659737964123968,0.39368815850058386,-3.0995243823728105e-05,0.00017844874395630546,-0.1736926981750991,0.0019673757450910934
3,Ischaemia,IR,279,62.745098039215684,0.004768499035479934,1.82758105419438,0.2609186073873997,0.0023024450943283474,0.0004912787238511873,0.0018111663704771601,0.2712499148942113,8.357205631765276e-05,0.000145192573783923,0.5755945647883169,0.002008269859729017
3,Ischaemia,IR,280,62.745098039215684,0.005097361037800008,1.82725219219206,0.27896319181234464,0.0013287669207197811,0.0003957443121197343,0.0009330226086000468,0.42415297172008365,-3.8805716352716456e-05,1.2496756079593218e-05,-3.1052631663416146,0.001868534104283892
3,Ischaemia,IR,281,62.745098039215684,0.005097361037800008,1.82725219219206,0.27896319181234464,0.002395924118473572,0.0003957443121197343,0.002000179806353838,0.19785436832358758,-3.8805716352716456e-05,0.0002054154281348317,-0.1889133484523127,0.001868534104283892
3,Ischaemia,IR,282,62.745098039215684,0.0034530510260399883,1.82889650220382,0.18880516321612856,0.0011369992657199843,0.0001362721922638446,0.0010007270734561395,0.13617318435606132,1.0235829813385003e-05,0.00024204243351941485,0.04228940217031804,0.0014765002917365155
3,Ischaemia,IR,283,62.745098039215684,0.005261792039219948,1.82741662319322,0.2879360936328529,0.0011166509291814619,0.0008356383481121252,0.0002810125810693365,2.9736688120235493,2.137603004283809e-05,-4.6862835420686784e-06,,0.0019590931077888563
3,Ischaemia,IR,284,62.745098039215684,0.005261792039219948,1.82741662319322,0.2879360936328529,0.002388730262213224,0.0008356383481121252,0.001553091914101099,0.5380482253014479,2.137603004283809e-05,5.7961927775151284e-05,0.36879432522950273,0.0019590931077888563
3,Ischaemia,IR,285,62.745098039215684,0.004439637033369914,1.82823877819907,0.24283682669411683,0.0017971897355122193,0.0005433211357765649,0.0012538685997356546,0.4333158481607323,0.00012044570834808053,4.110772000160399e-07,,0.0024677597507238858
3,Ischaemia,IR,286,62.745098039215684,0.005261792039219948,1.82741662319322,0.2879360936328529,0.0013820014573952752,0.0005202596877950963,0.0008617417696001788,0.6037303820568899,-2.6966684283778233e-05,1.574426835060203e-05,-1.7127937407613532,0.0020743603226252016
3,Ischaemia,IR,287,62.745098039215684,0.005261792039219948,1.82741662319322,0.2879360936328529,0.0023466359259312762,0.0005202596877950963,0.0018263762381361803,0.28485898848860525,-2.6966684283778233e-05,0.00013018824509099757,-0.20713609177947942,0.0020743603226252016
3,Ischaemia,IR,288,62.745098039215684,0.004604068034550046,1.82807434719789,0.25185343482376726,0.00206356795744998,0.0003445651630429521,0.001719002794407028,0.20044479518243613,3.8394638745373954e-05,1.4058850283159033e-05,2.7309942116224493,0.001704889854512448
3,Ischaemia,IR,289,62.745098039215684,0.005097361038060022,1.82758105419438,0.27891299411106013,0.0011370814811262598,0.0005304133021461871,0.0006066681789800725,0.8743054614104127,9.586327365157011e-05,4.850714524021618e-06,19.76271190086281,0.0021376030156894377
3,Ischaemia,IR,290,62.745098039215684,0.005097361038060022,1.82758105419438,0.27891299411106013,0.002124736289862805,0.0005304133021461871,0.0015943229877166186,0.3326887376226334,9.586327365157011e-05,0.00012907833585925105,0.7426751593396809,0.0021376030156894377
3,Ischaemia,IR,291,62.745098039215684,0.005097361038060022,1.82758105419438,0.27891299411106013,0.002478427373413879,0.0005304133021461871,0.0019480140712676917,0.2722841225684857,9.586327365157011e-05,0.00013532671375297744,0.7083839619911035,0.0021376030156894377
3,Ischaemia,IR,292,62.745098039215684,0.004932930036890104,1.82774548519555,0.26989151809407047,0.0009197036975122736,0.0005693423416689625,0.0003503613558433112,1.625014666068321,-0.00010153614334809172,2.5897882634489144e-06,-39.206349330223766,0.0017827464062585285
3,Ischaemia,IR,293,62.745098039215684,0.004932930036890104,1.82774548519555,0.26989151809407047,0.002156759227355592,0.0005693423416689625,0.0015874168856866294,0.3586596229400043,-0.00010153614334809172,0.00014601472898231147,-0.6953828840129684,0.0017827464062585285
3,Ischaemia,IR,294,62.745098039215684,0.004932930036890104,1.82774548519555,0.26989151809407047,0.0024782629424286115,0.00047282134397568307,0.0020054415984529284,0.23576919135438043,5.845522087691423e-05,7.419948898625302e-05,0.7878116369203602,0.0017823146021584968
3,Ischaemia,IR,295,62.745098039215684,0.005261792039350066,1.82758105419438,0.28791018747289043,0.0012227500327659387,0.0008636738338621002,0.00035907619890383833,2.405266170519407,0.0002046343809335043,2.5486805107833916e-06,80.29032280338878,0.0027346089862874123
3,Ischaemia,IR,296,62.745098039215684,0.005261792039350066,1.82758105419438,0.28791018747289043,0.002358146096076617,0.0008636738338621002,0.0014944722622145163,0.577912254177474,0.0002046343809335043,6.474470658779648e-05,3.1606349262856215,0.0027346089862874123
3,Ischaemia,IR,297,62.745098039215684,0.0026308960202101606,1.83021195021352,0.14374816096590504,0.0003442774089130612,0.0002457421313685011,9.853527754455986e-05,2.493950770650349,1.8169625620322226e-05,4.8260498609627235e-05,0.37649063196163624,0.0017982858634277843
3,Ischaemia,IR,298,62.745098039215684,0.005097361038180148,1.82774548519555,0.27888790203384267,0.0022041564634780013,0.00048050849326023267,0.0017236479702177681,0.2787741473681105,-0.00014519257417638053,0.00018810906530263764,-0.7718531477618514,0.002023405517719734
3,Ischaemia,IR,299,62.745098039215684,0.00493293003702,1.82790991619671,0.2698672398081758,0.002410435154502075,0.0003869883613414645,0.0020234467931606105,0.19125205696018885,-8.040675966618037e-05,0.0002281069061593761,-0.3524959459579051,0.0016998434371107152
3,Ischaemia,IR,300,62.745098039215684,0.005261792039480184,1.82774548519555,0.2878842859741616,0.0007050801331827725,0.0006579706513326637,4.710948185010876e-05,13.966841185521226,-4.710948195768106e-05,8.221550003173502e-08,,0.0018455539237902663
3,Ischaemia,IR,301,62.745098039215684,0.005261792039480184,1.82774548519555,0.2878842859741616,0.002337427789968603,0.0006579706513326637,0.0016794571386359394,0.39177579242484845,-4.710948195768106e-05,0.00010671571967519999,-0.4414483836220521,0.0018455539237902663
3,Ischaemia,IR,302,62.745098039215684,0.004932930037140126,1.82807434719789,0.26984296588929346,0.0023502534081007217,0.0005069407767507158,0.0018433126313500065,0.2750161682445816,3.707919071311871e-05,4.797274431098453e-05,0.7729220257392805,0.0017427096665501018
3,Ischaemia,IR,303,62.745098039215684,0.005097361038320036,1.82790991619671,0.27886281447206096,0.0008942580001202805,0.000613122095778477,0.00028113590434180376,2.18087439672254,2.8199916631252525e-05,1.1510170036765934e-06,24.500000035773567,0.001795486226531695
3,Ischaemia,IR,304,62.745098039215684,0.005097361038320036,1.82790991619671,0.27886281447206096,0.0022335485050111624,0.000613122095778477,0.0016204264092326858,0.378370836395345,2.8199916631252525e-05,0.00013442234338642892,0.20978593231472817,0.001795486226531695
3,Ischaemia,IR,305,62.745098039215684,0.004604068034780084,1.82840320920025,0.25180813573357924,0.002074749265646626,0.0004512808828622139,0.0016234683827844121,0.2779733117365807,0.00010482476324501257,8.398313358498259e-05,1.2481644679159336,0.0024473451345652375
3,Ischaemia,IR,306,62.745098039215684,0.005261792039629842,1.82790991619671,0.28785838913648065,0.0009869148693098257,0.0006299351656538501,0.00035697970365597566,1.7646245968676244,2.3513633086510665e-05,-6.8238865609653325e-06,,0.0019321534348668568
3,Ischaemia,IR,307,62.745098039215684,0.005261792039629842,1.82790991619671,0.28785838913648065,0.0021317246075244823,0.0006299351656538501,0.001501789441870632,0.4194563818941233,2.3513633086510665e-05,0.00012624190108753686,0.18625854715389764,0.0019321534348668568
3,Ischaemia,IR,308,62.745098039215684,0.0044396370337198565,1.82873207120262,0.24277132247154393,0.0018137561590258853,0.0004091454388113491,0.0014046107202145366,0.2912874242828342,7.506275202392988e-05,2.6103421147761512e-05,2.875590582515153,0.0022244619169085045
3,Ischaemia,IR,309,62.745098039215684,0.005097361038449932,1.82807434719789,0.2788377314228643,0.0013003614654095823,0.0008784315162670391,0.00042192994914254335,2.0819368666581024,8.706621504768701e-05,-1.2167894104655355e-05,,0.0020099770213739543
3,Ischaemia,IR,310,62.745098039215684,0.005097361038449932,1.82807434719789,0.2788377314228643,0.002337592221060252,0.0008784315162670391,0.0014591607047932127,0.6020114942661696,8.706621504768701e-05,8.525747397419845e-05,1.02121504413837,0.0020099770213739543
3,Ischaemia,IR,311,62.745098039215684,0.0034530510264898506,1.82971865720985,0.18872032664056837,0.0010173346047062186,0.00041416058439073427,0.0006031740203154844,0.6866353165776463,8.5257474117576e-05,3.296841548497467e-05,2.5860349326291407,0.0022877919622883436
3,Ischaemia,IR,312,62.745098039215684,0.005097361038449932,1.82807434719789,0.2788377314228643,0.0013691347316665656,0.0007002705264288812,0.000668864205237684,1.0469547046250394,-4.012116440597129e-05,1.1962355325542452e-05,-3.3539519027915126,0.001935814196551977
3,Ischaemia,IR,313,62.745098039215684,0.005097361038449932,1.82807434719789,0.2788377314228643,0.0023729859940762655,0.0007002705264288812,0.001672715467647384,0.41864294315027006,-4.012116440597129e-05,0.00015049547372627186,-0.26659382779142926,0.001935814196551977
3,Ischaemia,IR,314,62.745098039215684,0.0026308960203498266,1.83054081221599,0.1437223361966431,0.00039767637657949563,0.00015982693322344477,0.0002378494433560508,0.6719668163536142,1.4469928099116846e-05,0.00013047599923620397,0.11090107133743098,0.0017231773706922748
3,Ischaemia,IR,315,62.745098039215684,0.0049329300372698,1.82823877819907,0.2698186963373048,0.0013638729396452478,0.000391921291380552,0.0009719516482646959,0.40323126369535034,-0.00021359587069431598,1.701860860888225e-05,-12.550724656940362,0.002006995906760123
3,Ischaemia,IR,316,62.745098039215684,0.0049329300372698,1.82823877819907,0.2698186963373048,0.002261707314042692,0.000391921291380552,0.00186978602266214,0.20960756291382868,-0.00021359587069431598,0.00022527047156209513,-0.9481751834280637,0.002006995906760123
3,Ischaemia,IR,317,62.745098039215684,0.0041107750313198466,1.82906093320502,0.22474784501119016,0.0016717699895353701,0.00015107098238143645,0.0015206990071539336,0.09934311896748954,9.249243800901748e-06,0.0002522782633328909,0.03666286456355145,0.0016014149683964973
3,Ischaemia,IR,318,62.745098039215684,0.0052617920397499685,1.82807434719789,0.2878324969559007,0.0012313415526584194,0.0006262354681398695,0.0006051060845185501,1.0349184782006131,1.9813935558685493e-05,-5.3440075537720965e-06,,0.002096584436142246
3,Ischaemia,IR,319,62.745098039215684,0.0052617920397499685,1.82807434719789,0.2878324969559007,0.002266352489826335,0.0006262354681398695,0.0016401170216864655,0.3818236503002311,1.9813935558685493e-05,9.775423012794749e-05,0.2026913365565014,0.002096584436142246
3,Ischaemia,IR,320,62.745098039215684,0.0050973610385698365,1.82823877819907,0.2788126528850382,0.0025196995549417404,0.000550638315343748,0.0019690612395979927,0.27964509395155596,5.874297512175862e-05,0.00012044570808620109,0.48771331129306167,0.0018338742491430526
3,Ischaemia,IR,321,62.745098039215684,0.0052617920397499685,1.82807434719789,0.2878324969559007,0.0011869040745808108,0.0005560234306169543,0.0006308806439638565,0.8813448881922096,2.219818433270137e-06,1.6525315612930554e-05,0.13432835325294465,0.0020145726940332676
3,Ischaemia,IR,322,62.745098039215684,0.0052617920397499685,1.82807434719789,0.2878324969559007,0.0022975121645661158,0.0005560234306169543,0.0017414887339491614,0.3192805211872166,2.219818433270137e-06,0.00013335354189774262,0.01664611529382793,0.0020145726940332676
3,Ischaemia,IR,323,62.745098039215684,0.0049329300373899265,1.82840320920025,0.2697944311499873,0.0023710539298913516,0.00045070537435709093,0.0019203485555342608,0.2346997752351786,3.2639553688294646e-05,0.00017865428255855217,0.18269673259916036,0.001648675436835445
3,Ischaemia,IR,324,62.745098039215684,0.0050973610385698365,1.82823877819907,0.2788126528850382,0.000460982311908275,0.00041465387731068115,4.6328434597593835e-05,8.950310557918508,-0.00011547167070058183,2.0142797649556067e-06,-57.32653065852883,0.0019415506680526828
3,Ischaemia,IR,325,62.745098039215684,0.0050973610385698365,1.82823877819907,0.2788126528850382,0.002125188475326088,0.00041465387731068115,0.0017105345980154068,0.24241186222820052,-0.00011547167070058183,0.00011781481231832382,-0.9801116551337276,0.0019415506680526828
3,Ischaemia,IR,326,62.745098039215684,0.0050973610385698365,1.82823877819907,0.2788126528850382,0.002563150447038959,0.0003700108604858104,0.002193139586553149,0.1687128638571239,-5.816746675405592e-05,0.0003262311061769462,-0.17830141164560243,0.001864530102909434
3,Ischaemia,IR,327,62.745098039215684,0.0052617920398798645,1.82823877819907,0.2878066094333181,0.0011009477686943119,0.0006490913773080749,0.00045185639138623694,1.4364992720734713,-0.00011255302046453536,-3.2886201219694807e-07,,0.0021566304372342415
3,Ischaemia,IR,328,62.745098039215684,0.0052617920398798645,1.82823877819907,0.2878066094333181,0.0023494723609807713,0.0006490913773080749,0.0017003809836726965,0.3817329078252133,-0.00011255302046453536,8.731286154515613e-05,-1.2890772158042905,0.0021566304372342415
3,Ischaemia,IR,329,62.745098039215684,0.005097361038699955,1.82840320920025,0.2787875788584706,0.002524098084282521,0.000504104342005888,0.002019993742276633,0.24955737805293274,1.8580703069717376e-05,5.623540211747546e-05,0.33040935727466453,0.0018566461080951058
3,Ischaemia,IR,330,62.745098039215684,0.005097361038699955,1.82840320920025,0.2787875788584706,0.0011592385586740271,0.0005571333399019781,0.000602105218772049,0.9253089369300139,2.0636090578808e-05,-6.2072703092881534e-06,,0.0016946938580013615
3,Ischaemia,IR,331,62.745098039215684,0.005097361038699955,1.82840320920025,0.2787875788584706,0.002159677877878793,0.0005571333399019781,0.0016025445379768146,0.3476554483817027,2.0636090578808e-05,0.00013105150788714638,0.15746549514392885,0.0016946938580013615
3,Ischaemia,IR,332,62.745098039215684,0.005097361038699955,1.82840320920025,0.2787875788584706,0.0025067506136788415,0.0005354284477435735,0.0019713221659352674,0.2716087999190871,4.990480880740277e-05,0.0002101839270644336,0.23743399176333804,0.001665457306136986
3,Ischaemia,IR,333,62.745098039215684,0.005261792040019975,1.82840320920025,0.2877807265675005,0.0010370663247442965,0.0005122847842985467,0.0005247815404457497,0.9761867459427246,-0.00014675466871395506,-3.453051037749306e-06,,0.0019170488583739598
3,Ischaemia,IR,334,62.745098039215684,0.005261792040019975,1.82840320920025,0.2877807265675005,0.002575195017951896,0.0005122847842985467,0.0020629102336533495,0.24833110813130552,-0.00014675466871395506,0.0001896300519648362,-0.7738998496987615,0.0019170488583739598
3,Ischaemia,IR,335,62.745098039215684,0.0021376030167699067,1.8315273982235,0.1167114954896818,-8.44353190811086e-05,2.8241024469385315e-05,-0.00011267634355049407,,-5.42622304474072e-06,0.00018741023338409758,-0.028953717984117052,0.0011979972950626472
3,Ischaemia,IR,336,62.745098039215684,0.005097361038840065,1.82856764020143,0.2787625093419325,0.001479961226601174,0.0009115643630748576,0.0005683968635263161,1.6037462934252333,1.825184101813656e-05,-9.290351588342805e-06,,0.0018059262172800405
3,Ischaemia,IR,337,62.745098039215684,0.005097361038840065,1.82856764020143,0.2787625093419325,0.0023887713703694283,0.0009115643630748576,0.0014772070072945707,0.6170864060172184,1.825184101813656e-05,6.864994286610526e-05,0.2658682623193864,0.0018059262172800405
3,Ischaemia,IR,338,62.745098039215684,0.003124189024279911,1.83054081221599,0.17067027423976822,0.0007382129801868073,0.0003313695752977635,0.0004068434048890435,0.8144892391413753,6.11272246975513e-05,3.305063098255259e-05,1.8495025020799247,0.0020620407933855667
3,Ischaemia,IR,339,62.745098039215684,0.005261792040160085,1.82856764020143,0.28775484835663284,0.0012798075903595351,0.0007532584166391042,0.0005265491737204309,1.430556639785069,-1.1016877194148063e-05,-1.1921247724611057e-06,,0.001737704556652897
3,Ischaemia,IR,340,62.745098039215684,0.005261792040160085,1.82856764020143,0.28775484835663284,0.0023485268828446126,0.0007532584166391042,0.0015952684662055082,0.4721828536050726,-1.1016877194148063e-05,0.00010470143989625389,-0.10522183080829087,0.001737704556652897
3,Ischaemia,IR,341,62.745098039215684,0.004932930037770067,1.82889650220382,0.2697216617684974,0.002240290176327129,0.0005822501753895747,0.0016580400009375542,0.35116774930661254,0.00011608828682030349,6.963652873143732e-05,1.667060218754063,0.0023098640650400792
3,Ischaemia,IR,342,62.745098039215684,0.005097361038840065,1.82856764020143,0.2787625093419325,0.0014626959714873662,0.0003764236695469049,0.001086272301940461,0.34652790913887893,-0.0001116486499220314,3.9093470528604245e-05,-2.855941117848295,0.0018980403560111547
3,Ischaemia,IR,343,62.745098039215684,0.005097361038840065,1.82856764020143,0.2787625093419325,0.0023083646108044936,0.0003764236695469049,0.0019319409412575886,0.19484222395632528,-0.0001116486499220314,0.0001652120484013283,-0.6757899983832761,0.0018980403560111547
3,Ischaemia,IR,344,62.745098039215684,0.0019731720155100607,1.83169182922476,0.10772401689126823,0.00018190179517965646,9.701429075633374e-06,0.00017220036610402292,0.05633802816524169,-6.577240057944464e-07,0.0001301882451389964,-0.005052099788980355,0.0007281944342230062
3,Congestion,Red,345,62.337662337662344,0.005426224440620242,2.58478589401892,0.20992935829525708,0.0005661771907675122,0.0005586955782820545,7.481612485457645e-06,74.67582414459675,5.270014919421694e-05,-1.6443104388508267e-07,,0.0017695072615544483
3,Congestion,Red,346,62.337662337662344,0.005426224440620242,2.58478589401892,0.20992935829525708,0.002376604088436017,0.0005586955782820545,0.0018179085101539623,0.3073287655354765,5.270014919421694e-05,0.00024035707761188745,0.2192577381861566,0.0017695072615544483
3,Congestion,Red,347,62.337662337662344,0.004932931310300148,2.58527918714924,0.19080845638724378,0.0022198190886189772,0.0004512809991489111,0.0017685380894700657,0.2551717725707199,4.308093322157381e-05,0.00031940730140493,0.13487773457926613,0.0018430186452245145
3,Congestion,Red,348,62.337662337662344,0.0054262244411003024,2.58495032506234,0.2099160045162354,0.0016886657099666681,0.0011522916456816659,0.0005363740642850022,2.1482985893766036,-1.1633496934348951e-05,1.0194724665768972e-05,-1.1411290952673763,0.0020111181476427653
3,Congestion,Red,349,62.337662337662344,0.0054262244411003024,2.58495032506234,0.2099160045162354,0.00271183787859484,0.0011522916456816659,0.0015595462329131738,0.7388634087039718,-1.1633496934348951e-05,9.117701317725707e-05,-0.12759243288362923,0.0020111181476427653
3,Congestion,Red,350,62.337662337662344,0.0024664656569699517,2.58791008384647,0.09530723931891742,2.3143669650664014e-05,9.072482839208118e-05,-6.758115874141746e-05,,3.1652975696478887e-06,3.601039762732976e-05,0.08789954508154654,0.001703366657751726
3,Congestion,Red,351,62.337662337662344,0.005261793397650205,2.58511475610579,0.20354196598902854,0.0021506347271578055,0.0003271355611733825,0.0018234991659844234,0.17939989624112443,-6.618349530097055e-05,0.00016369110374009582,-0.40431943941226556,0.0014919779966571234
3,Congestion,Red,352,62.337662337662344,0.005261793397650205,2.58511475610579,0.20354196598902854,0.0030071149253017844,0.0003271355611733825,0.0026799793641284018,0.12206644780631562,-6.618349530097055e-05,0.00035985733803169275,-0.1839159253024368,0.0014919779966571234
3,Congestion,Red,353,62.337662337662344,0.005261793398569914,2.58544361819271,0.20351607598575439,0.0006060517190594047,0.00040121174642364626,0.00020483997263575848,1.958659441617244,3.946344831617737e-06,-4.8096080444905986e-06,,0.0012740683500944705
3,Congestion,Red,354,62.337662337662344,0.005261793398569914,2.58544361819271,0.20351607598575439,0.0025001329107745525,0.00040121174642364626,0.0020989211643509063,0.19115141303924174,3.946344831617737e-06,0.00018428609186603407,0.021414230404791016,0.0012740683500944705
3,Congestion,Red,355,62.337662337662344,0.0037819140067001378,2.58692349758458,0.14619350012597299,0.0015429386986300132,0.00017992866957298526,0.001363010029057028,0.13200832403079632,3.124189759753813e-06,0.00023439645187991456,0.013328656362743881,0.0012196035162319596
3,Congestion,Red,356,62.337662337662344,0.005097362355960033,2.58593691132321,0.19711858915195812,0.0019547973548430697,0.00041629829476786035,0.0015384990600752096,0.27058729223241096,-1.4428824310762404e-05,7.169193466958453e-05,-0.2012614721204318,0.0022840347626753577
3,Congestion,Red,357,62.337662337662344,0.004932931312440214,2.58610134236673,0.19074779598257077,0.0021838497986447483,0.0003464562090141904,0.0018373935896305576,0.1885585162424845,2.8282139361796474e-05,0.00012702298004953395,0.22265372258442964,0.0015410630364294242
3,Congestion,Red,358,62.337662337662344,0.005261793399019776,2.5856080492362,0.20350313345343013,0.0022134473863348793,0.0003801645728422156,0.001833282813492664,0.20736820857331234,-5.787972762618086e-05,0.00017146047050883286,-0.33756893034537166,0.0014927178516912498
3,Congestion,Red,359,62.337662337662344,0.004932931312009892,2.58593691132321,0.19075992497766456,0.002499598510115999,0.000307074973997303,0.002192523536118696,0.14005549721071683,-4.932931329541155e-05,0.00023908273656277873,-0.20632737438346402,0.0017342069925745385
3,Congestion,Red,360,62.337662337662344,0.005097362355960033,2.58593691132321,0.19711858915195812,0.0011552925128785112,0.000475411254966427,0.0006798812579120841,0.6992563031174228,-1.1386850027756086e-05,1.3318914495948027e-05,-0.8549382932986224,0.0016486149134240513
3,Congestion,Red,361,62.337662337662344,0.005097362355960033,2.58593691132321,0.19711858915195812,0.002139617848031988,0.000475411254966427,0.001664206593065561,0.285668412171528,-1.1386850027756086e-05,4.645176959031061e-05,-0.24513275012307117,0.0016486149134240513
3,Congestion,Red,362,62.337662337662344,0.004932931312440214,2.58610134236673,0.19074779598257077,0.002368341429789589,0.0004075423417397363,0.001960799088049853,0.207845028194635,3.51060276505e-05,0.0003669278731632111,0.09567555429315856,0.0013492057152393322
3,Congestion,Red,363,62.337662337662344,0.005755086531920028,2.58593691132321,0.22255324585529743,0.0013004440167309061,0.0011614175692629132,0.00013902644746799267,8.35393258200243,-1.549762651473238e-05,9.043707334399618e-07,,0.002147252332305616
3,Congestion,Red,364,62.337662337662344,0.005755086531920028,2.58593691132321,0.22255324585529743,0.0027828720909975468,0.0011614175692629132,0.0016214545217346334,0.7162813102031549,-1.549762651473238e-05,7.74470209948825e-05,-0.20010616697259956,0.002147252332305616
3,Congestion,Red,365,62.337662337662344,0.003617482964960228,2.58807451489017,0.1397750700046495,0.0010113331348970825,0.0004164216184417022,0.0005949115164553802,0.6999723604660371,7.004762454676026e-05,7.25140895031604e-05,0.9659864038382135,0.0020452989365473684
3,Congestion,Red,366,62.337662337662344,0.005261793401300174,2.58643020445383,0.20343844547745277,0.001733308739601786,0.0010582781972870655,0.0006750305423147205,1.5677486142451653,-7.3007383992472e-05,2.5856781582150865e-05,-2.823529438902387,0.0020213546435381424
3,Congestion,Red,367,62.337662337662344,0.005261793401300174,2.58643020445383,0.20343844547745277,0.0027403255589635543,0.0010582781972870655,0.0016820473616764892,0.6291607605105033,-7.3007383992472e-05,9.027264254501175e-05,-0.8087431799292799,0.0020213546435381424
3,Congestion,Red,368,62.337662337662344,0.0023020346148698856,2.58938996324026,0.08890258507023835,7.140418098103122e-05,7.74470216672981e-05,-6.042840686266797e-06,,-4.275207160582941e-06,0.00015884038734452493,-0.026915114172505843,0.0014520882326887197
3,Congestion,Red,369,62.337662337662344,0.005097362357730173,2.5865946354974,0.19706846553286672,0.00227580786084997,0.00041152979462419283,0.0018642780662257768,0.22074485672479813,-2.3020346372304428e-05,0.00013022938649365567,-0.17676767887888267,0.0020479139074187636
3,Congestion,Red,370,62.337662337662344,0.004604069226940233,2.58708792862819,0.17796338408109508,0.0024316473827180824,0.0003124189830892073,0.002119228399628875,0.14742110059676386,-3.749027815825043e-05,0.00027455873445515083,-0.1365473884218186,0.0015188235875909228
3,Congestion,Red,371,62.337662337662344,0.005097362358620128,2.58692349758458,0.19704341328143465,0.00044947225808493956,0.00033992007517134106,0.00010955218291359848,3.102814258292132,1.1140203040342685e-05,-2.507573429290089e-06,,0.0014531115485234558
3,Congestion,Red,372,62.337662337662344,0.005097362358620128,2.58692349758458,0.19704341328143465,0.0020497973914801147,0.00033992007517134106,0.0017098773163087737,0.19879793241842006,1.1140203040342685e-05,5.9852899636974084e-05,0.18612637161961046,0.0014531115485234558
3,Congestion,Red,373,62.337662337662344,0.005097362358620128,2.58692349758458,0.19704341328143465,0.0025553817431095867,0.00033992007517134106,0.0022154616679382457,0.1534308086168233,1.1140203040342685e-05,0.0003027997662276052,0.03679065931632503,0.0014531115485234558
3,Congestion,Red,374,62.337662337662344,0.005590655491320096,2.58708792862819,0.216098395012208,0.000965744627863995,0.0006661923738021188,0.00029955225406187616,2.2239604769073402,-3.12418987400631e-05,-1.1099095702531366e-06,,0.0016594684087145595
3,Congestion,Red,375,62.337662337662344,0.005590655491320096,2.58708792862819,0.216098395012208,0.002162555980216796,0.0006661923738021188,0.0014963636064146768,0.44520754911858074,-3.12418987400631e-05,8.43531253643305e-05,-0.3703703757878072,0.0016594684087145595
3,Congestion,Red,376,62.337662337662344,0.004604069229340091,2.58807451489017,0.17789554368899127,0.0021366169835800473,0.0003786024784135849,0.001758014505166462,0.2153579946587164,-1.0441371465652814e-05,0.0003653657786729009,-0.028577858341244943,0.0013446372926551042
3,Congestion,Red,377,62.337662337662344,0.0054262244491001255,2.58774565280279,0.20968924991615678,0.0011674193033618123,0.001120474240342395,4.6945063019417144e-05,23.86777582722492,-9.364348014375804e-05,-4.110776156844856e-07,,0.002120884881779528
3,Congestion,Red,378,62.337662337662344,0.0054262244491001255,2.58774565280279,0.20968924991615678,0.0025872402589739055,0.001120474240342395,0.0014667660186315104,0.7639079622173107,-9.364348014375804e-05,3.095414338635661e-05,-3.0252324858400854,0.002120884881779528
3,Congestion,Red,379,62.337662337662344,0.003453051923960171,2.58971882532793,0.1333369433850765,0.0005234251205822313,1.7717444984155175e-05,0.0005057076755980761,0.03503495366804866,-4.110776166357247e-07,0.00014363051584295733,-0.0028620492951873023,0.0004932931315120292
3,Congestion,Red,380,62.337662337662344,0.005590655492770047,2.58758122175912,0.21605719835025472,0.002679362751400593,0.000935119346214622,0.0017442434051859709,0.536117461263911,1.685418152714174e-05,7.913243946236113e-05,0.21298700813031715,0.001854041357696179
3,Congestion,Red,381,62.337662337662344,0.004275207143020321,2.58889667010887,0.16513626026026512,0.0017457643930001313,0.0004998703734779503,0.001245894019522181,0.40121420092349275,9.800090203403999e-05,0.0002232973564471903,0.4388807086357834,0.0021787113320073104
3,Congestion,Red,382,62.337662337662344,0.005590655492770047,2.58758122175912,0.21605719835025472,0.0011195698696435637,0.0008068631319872527,0.000312706737656311,2.58025502755255,-3.78191446440395e-06,5.50843995253048e-06,-0.68656724898428,0.001480446397024604
3,Congestion,Red,383,62.337662337662344,0.005590655492770047,2.58758122175912,0.21605719835025472,0.0026069719843140153,0.0008068631319872527,0.0018001088523267627,0.44823018949344506,-3.78191446440395e-06,0.00010466035898815834,-0.03613511840554503,0.001480446397024604
3,Congestion,Red,384,62.337662337662344,0.004110776099240265,2.58906110115265,0.15877478122900027,0.0015533389639331447,0.00040043069965524055,0.001152908264277904,0.3473222562994121,4.382087304614758e-05,0.00016434882739568352,0.26663331731990497,0.002037144258466128
3,Congestion,Red,385,62.337662337662344,0.00526179340541999,2.58791008384647,0.2033221106971099,0.002213735143268736,0.00048367391538908935,0.0017300612278796465,0.2795704034023567,-6.61834954772997e-05,0.0001960840194299202,-0.33752620774358144,0.00184807905166684
3,Congestion,Red,386,62.337662337662344,0.004932931318009981,2.58823894593388,0.1905902592865164,0.0022238476525856484,0.0003332195103640833,0.0018906281422215654,0.17624804313583142,1.2578974693434603e-05,0.0003248335260062842,0.038724373213838925,0.0017581473143284398
3,Congestion,Red,387,62.337662337662344,0.005426224448629835,2.58758122175912,0.2097025748602749,0.0020195009726651962,0.0008455455350740893,0.0011739554375911068,0.7202535189999231,6.552577058355063e-05,0.00010844227339316937,0.6042456371785914,0.00210242962368401
3,Congestion,Red,388,62.337662337662344,0.005426224448629835,2.58758122175912,0.2097025748602749,0.002986232186938379,0.0008455455350740893,0.0021406866518642897,0.3949879980508671,6.552577058355063e-05,0.00025692350554920514,0.2550399989424142,0.00210242962368401
3,Congestion,Red,389,62.337662337662344,0.0047685002742801075,2.58840337697761,0.18422554678661104,0.0005324277199823354,0.0004939097479475505,3.85179720347848e-05,12.822838842644952,-0.0001355322882574237,1.5209871555841309e-06,-89.10810834912864,0.0017274602272547845
3,Congestion,Red,390,62.337662337662344,0.0047685002742801075,2.58840337697761,0.18422554678661104,0.0020585533459793774,0.0004939097479475505,0.001564643598031827,0.3156691712852959,-0.0001355322882574237,0.000352375726628364,-0.3846243597827723,0.0017274602272547845
3,Congestion,Red,391,62.337662337662344,0.004439638186790162,2.5887322390651,0.17149854742773638,0.0019134018421777526,0.00032964313521702704,0.0015837587069607256,0.2081397461420249,2.219818941252584e-06,0.00028783654165633206,0.007712081754730708,0.0012496759327618179
3,Congestion,Red,392,62.337662337662344,0.005426224450990169,2.58840337697761,0.20963596706963755,0.0012307252556909608,0.0011048532915664774,0.00012587196412448319,8.777596339672703,-0.0001703094544162124,6.659457274938554e-06,-25.57407419027008,0.001546176591595838
3,Congestion,Red,393,62.337662337662344,0.005426224450990169,2.58840337697761,0.20963596706963755,0.0023120238002709596,0.0011048532915664774,0.0012071705087044822,0.9152421166684976,-0.0001703094544162124,5.286458026848017e-05,-3.2216174525792503,0.001546176591595838
3,Congestion,Red,394,62.337662337662344,0.0026308967054600174,2.59119870472314,0.10153203228546377,0.00024011043215506437,0.00015012554321389702,8.998488894116749e-05,1.6683417069287017,1.0688017824516118e-05,3.983341947812541e-05,0.26831785883673537,0.0021531159356289464
3,Congestion,Red,395,62.337662337662344,0.005097362363500224,2.5887322390651,0.19690573967360547,0.002214968377030096,0.0005092840506924156,0.0017056843263376798,0.2985804834039326,-2.4664656884232792e-05,0.00021967987435652462,-0.1122754506141233,0.002046558218763206
3,Congestion,Red,396,62.337662337662344,0.004604069232150287,2.58922553219645,0.1778164619072267,0.0022571038322439954,0.00035837746023921046,0.001898726372004785,0.18874623828014506,1.1921250519901356e-05,0.00010457814317463121,0.1139937099475413,0.0016978461274255174
3,Congestion,Red,397,62.337662337662344,0.004604069232549968,2.58938996324026,0.17780517024900405,0.0009599073268655453,0.0008570968166164324,0.00010281051024911314,8.336665332558505,0.00010318047978637512,-7.810474645812988e-07,,0.002023129440305027
3,Congestion,Red,398,62.337662337662344,0.004604069232549968,2.58938996324026,0.17780517024900405,0.002207157902970678,0.0008570968166164324,0.0013500610863542454,0.634857804050162,0.00010318047978637512,7.144528822240368e-05,1.444188726136596,0.002023129440305027
3,Congestion,Red,399,62.337662337662344,0.002466465661690176,2.59152756681112,0.095174201242442,0.0003015254272687406,0.00023295768168945152,6.856774557928902e-05,3.3974820044224514,2.0225018368673875e-05,0.00018177851810982474,0.11126187284932408,0.0017872939574843372
3,Congestion,Red,400,62.337662337662344,0.00575508654043011,2.5887322390651,0.22231293192796617,0.0022453059049481047,0.0015035985735105764,0.0007417073314375283,2.0272127694846978,0.00031661197454686645,-1.3647776796864598e-05,,0.0031261829387285722
3,Congestion,Red,401,62.337662337662344,0.00575508654043011,2.5887322390651,0.22231293192796617,0.0027566864514416427,0.0015035985735105764,0.0012530878779310661,1.1999147066948892,0.00031661197454686645,7.563827528762537e-06,41.858698303590884,0.0031261829387285722
3,Congestion,Red,402,62.337662337662344,0.0024664656623301084,2.5920208599432,0.0951560884577201,-4.887712765731518e-05,0.00014268503851668315,-0.0001915621661739985,,-4.538296823598762e-05,-0.0001915621670893093,,0.0011752776267242027
3,Congestion,Red,403,62.337662337662344,0.004768500277190224,2.58955439428409,0.18414366146220795,0.0022148861623822874,0.00077623785087796,0.0014386483115043274,0.5395605337806878,0.00018136744129847962,9.051928940389286e-05,2.003633065315245,0.0026180453797084446
3,Congestion,Red,404,62.337662337662344,0.004604069233740127,2.58988325637179,0.17777130387684129,0.00026485730407259866,0.00023505417734283787,2.9803126729760823e-05,7.886896548613382,-7.226744400931562e-05,2.0553880392037983e-07,,0.0012649489294336291
3,Congestion,Red,405,62.337662337662344,0.005097362366599967,2.58988325637179,0.19681822931821824,0.001439676005874526,0.0008366662596798488,0.0006030097461946771,1.3874838092745148,8.862833238130357e-05,-1.1140203317117745e-05,,0.0022855074758489913
3,Congestion,Red,406,62.337662337662344,0.005097362366599967,2.58988325637179,0.19681822931821824,0.002145537369910838,0.0008366662596798488,0.0013088711102309887,0.6392273869748676,8.862833238130357e-05,-2.3020346639260258e-05,,0.0022855074758489913
3,Congestion,Red,407,62.337662337662344,0.002302034618880011,2.59267858411951,0.08878981887613334,-4.086111423803456e-05,0.0001362311200845904,-0.0001770922343226252,,-1.9731725344530388e-05,2.3020345221330695e-05,-0.857142894896595,0.0013894726610823582
3,Congestion,Red,408,62.337662337662344,0.0055906554991000945,2.58971882532793,0.21587886084089314,0.0018845030876086244,0.0012292042694369877,0.0006552988181716366,1.875791982757755,3.420165650434286e-05,-5.467332341600346e-06,,0.002193183188393011
3,Congestion,Red,409,62.337662337662344,0.0055906554991000945,2.58971882532793,0.21587886084089314,0.002602696779861342,0.0012292042694369877,0.0013734925104243543,0.8949479229830039,3.420165650434286e-05,-2.3513640067594673e-05,,0.002193183188393011
3,Congestion,Red,410,62.337662337662344,0.002795327751619947,2.59251415307541,0.10782304691775535,0.00026362407162558346,0.00020952625801185857,5.4097813613724754e-05,3.8731002976930147,-2.458244118631204e-05,-2.3513640067594673e-05,,0.00162516772307697
3,Congestion,Red,411,62.337662337662344,0.004932931322729761,2.59004768741566,0.19045716210931318,0.001357994884802049,0.0007918176923978427,0.0005661771924042062,1.3985333620301448,-0.0001170749038151155,1.3072267963847732e-05,-8.955974903428716,0.0018593871374634752
3,Congestion,Red,412,62.337662337662344,0.004932931322729761,2.59004768741566,0.19045716210931318,0.0024695487422547657,0.0007918176923978427,0.0016777310498569229,0.4719574644966898,-0.0001170749038151155,0.00013803986091541053,-0.8481238900034668,0.0018593871374634752
3,Congestion,Red,413,62.337662337662344,0.004768500279260124,2.59037654950344,0.18408521649774112,0.000522150780338686,0.0004893056792827091,3.2845101055976936e-05,14.897371709978906,-3.0419745508987037e-06,1.9320647684972767e-06,-1.5744682065004962,0.0020221435167822044
3,Congestion,Red,414,62.337662337662344,0.004932931323589962,2.59037654950344,0.1904329825922635,0.0021124045151228324,0.0007257164129061945,0.0013866881022166384,0.5233450923434965,6.840331403783196e-05,9.035485834055573e-05,0.7570518652136402,0.0020450532657112497
3,Congestion,Red,415,62.337662337662344,0.004275207147860005,2.59103427367917,0.16500002301356567,0.0017148924664512513,0.0004846605024671044,0.0012302319639841469,0.39395863272607173,0.00012126789489900381,0.00014338386957372625,0.8457568850633461,0.0025215984232294097
3,Congestion,Red,416,62.337662337662344,0.000986586265579792,2.59399403247281,0.03803348246870468,-0.000640828886743278,1.1510173097247778e-06,-0.0006419799040530025,,-3.288620886450211e-07,6.873217579723103e-05,-0.0047846890460038335,0.0
3,Congestion,Red,417,62.337662337662344,0.0047685002788497854,2.59021211845954,0.18409690252262909,0.0023830580133973626,0.00045304863398661446,0.0019300093794107482,0.23473908407892552,-9.532889808111087e-05,0.0002793683434846161,-0.34123013685822395,0.001909544862801038
3,Congestion,Red,418,62.337662337662344,0.0027953277511301167,2.59218529098726,0.10783672605693584,0.000838557217340046,9.031375099090801e-05,0.0007482434663491381,0.12070102186333917,-1.9320647963858602e-06,0.00040762455756022,-0.004739814519394918,0.0011248578244642538
3,Congestion,Red,419,62.337662337662344,0.00526179341229005,2.59037654950344,0.2031285147828683,0.0014909373842647094,0.0009389834770108549,0.0005519539072538547,1.7011990759927667,-3.181740755665929e-05,2.6226751515563866e-05,-1.2131661650043748,0.00215943858863632
3,Congestion,Red,420,62.337662337662344,0.00526179341229005,2.59037654950344,0.2031285147828683,0.00253412903546795,0.0009389834770108549,0.0015951455584570957,0.5886506545014528,-3.181740755665929e-05,0.0001236521447661538,-0.2573138348455755,0.00215943858863632
3,Congestion,Red,421,62.337662337662344,0.004110776104610192,2.59152756681112,0.15862366880659928,0.0016001195980601905,0.0004623389883131383,0.001137780609747052,0.40635161502350103,7.181525837517036e-05,0.00010022072060204682,0.7165709640058571,0.002250109024605429
3,Congestion,Red,422,62.337662337662344,0.004768500280090127,2.59070541159128,0.1840618488985665,0.002005565444574909,0.00038341208693837606,0.0016221533576365327,0.2363599502682071,-0.00016496544527198843,0.0001361489042680619,-1.2116545936145766,0.0012829196018020461
3,Congestion,Red,423,62.337662337662344,0.004768500280090127,2.59070541159128,0.1840618488985665,0.002414587666566975,0.0003318629546497984,0.0020827247119171765,0.15934076776969436,-7.22674440878399e-05,0.00024565997901245543,-0.2941767087107656,0.0014192484799275817
3,Congestion,Red,424,62.337662337662344,0.005097362368819969,2.59070541159128,0.19675576952954424,0.0006111901908085148,0.0005680681494891864,4.3122041319328396e-05,13.173498566139626,-1.557984174070023e-05,2.5486811829815714e-06,-6.112903349674427,0.0015107550941420023
3,Congestion,Red,425,62.337662337662344,0.005097362368819969,2.59070541159128,0.19675576952954424,0.0022620778734468794,0.0005680681494891864,0.001694009723957693,0.3353393675698721,-1.557984174070023e-05,3.7243631177930704e-05,-0.41832230767907264,0.0015107550941420023
3,Congestion,Red,426,62.337662337662344,0.0037819140168999787,2.5920208599432,0.14590600235303866,0.0014092562638500289,0.00026280191631485354,0.0011464543475351752,0.22923016243940783,1.8868462224804987e-05,0.0002708590364672792,0.06966155706266927,0.0016532330567757825
3,Congestion,Red,427,62.337662337662344,0.005426224457599993,2.59070541159128,0.20944969016245896,0.0023285902309007427,0.0005094484822566706,0.001819141748644072,0.28004881018007344,-0.0001104976620241287,8.686069871985611e-05,-1.2721249500940204,0.0019357527719479073
3,Congestion,Red,428,62.337662337662344,0.0050973623697099235,2.59103427367917,0.1967307967127684,0.002073804328317017,0.0003644203014686423,0.0017093840268483746,0.21318808163928576,-7.687151520181936e-06,0.0001488512022941046,-0.051643194019981346,0.0015992608391193208
3,Congestion,IR,429,62.337662337662344,0.004932929993540114,1.76427511903187,0.2796009500064261,0.0006916378927703015,0.000689376966523314,2.260926246987538e-06,304.9090908833674,1.8498487401858414e-05,0.0,,0.0017827463906918695
3,Congestion,IR,430,62.337662337662344,0.005097360993379985,1.76427511903187,0.28892098167643576,0.0022861252975286193,0.0008462030325586626,0.001439922264969957,0.5876727189688383,5.101471759138499e-05,5.179576482252012e-05,0.9849206352331814,0.0018016261943982759
3,Congestion,IR,431,62.337662337662344,0.003288619996089981,1.76608386002916,0.1862097304957921,0.0008707443593965944,0.00032993080108215664,0.0005408135583144379,0.6100638491950112,4.7109481418418326e-05,4.0121163759029995e-05,1.174180332887664,0.001994203869660982
3,Congestion,IR,432,62.337662337662344,0.005097360993480127,1.76443955003161,0.28889405666455437,0.0013686825343513498,0.0006669732428077355,0.0007017092915436144,0.9504979495718707,-0.00012184337093331406,-1.685417749880712e-05,,0.0014713785260427326
3,Congestion,IR,433,62.337662337662344,0.005097360993480127,1.76443955003161,0.28889405666455437,0.0020832996593402806,0.0006669732428077355,0.0014163264165325453,0.4709177453885393,-0.00012184337093331406,8.739507628133293e-05,-1.394167453336717,0.0014713785260427326
3,Congestion,IR,434,62.337662337662344,0.004932929993739954,1.76460398103135,0.2795488419365815,0.002137068596275324,0.0005307010517670845,0.0016063675445082395,0.330373365411556,5.467330737117892e-05,0.00012352878833526217,0.4425956743200082,0.0017797738782030503
3,Congestion,IR,435,62.337662337662344,0.0050973609932700725,1.76411068803214,0.28894791170706885,0.000709807518227743,0.0006655755792889278,4.423193893881533e-05,15.047397768603311,-2.384249505084947e-05,8.221549983249423e-07,,0.001968005033982534
3,Congestion,IR,436,62.337662337662344,0.0050973609932700725,1.76411068803214,0.28894791170706885,0.002367189780392632,0.0006655755792889278,0.001701614201103704,0.391143643992405,-2.384249505084947e-05,0.00017544787668711867,-0.13589503333442152,0.001968005033982534
3,Congestion,IR,437,62.337662337662344,0.004110774994820154,1.76509727403059,0.2328922635200281,0.001724593433415549,0.0003584184717667014,0.0013661749616488473,0.26235180839072275,4.9082653406484784e-05,0.0001345867731093242,0.3646915092214536,0.0017175118381742571
3,Congestion,IR,438,62.337662337662344,0.005097360993379985,1.76427511903187,0.28892098167643576,0.0012232433150521254,0.0005449654409781638,0.0006782778740739616,0.8034545454135499,1.2291217169955543e-05,3.4530509845411762e-06,3.559523802278505,0.0016926951959890246
3,Congestion,IR,439,62.337662337662344,0.005097360993379985,1.76427511903187,0.28892098167643576,0.0021314779422639085,0.0005449654409781638,0.0015865125012857447,0.3434989894731443,1.2291217169955543e-05,0.00011033320076787181,0.1114008936966746,0.0016926951959890246
3,Congestion,IR,440,62.337662337662344,0.004932929993640034,1.76443955003161,0.2795748935434858,0.0023062680950135975,0.0004937040768082972,0.0018125640182053006,0.2723788356436289,2.7542192409313994e-05,0.0001674318653097717,0.164497912977062,0.0015085891723103373
3,Congestion,IR,441,62.337662337662344,0.001973171997770029,1.76723487702764,0.11165307019566975,-0.00023275208016852397,1.1345738986712595e-05,-0.00024409781915523678,,9.86585998419942e-07,3.633925077627909e-05,0.02714932139063111,0.0005637634278776726
3,Congestion,IR,442,62.337662337662344,0.004932929993540114,1.76427511903187,0.2796009500064261,0.0023123931497423126,0.000529796681237885,0.001782596468504427,0.29720505487278165,-8.558633545624415e-05,0.00024516662056414126,-0.3490945678465751,0.0019794328968467667
3,Congestion,IR,443,62.337662337662344,0.003288619996020037,1.76591942902939,0.18622706913800566,0.0010041801157137497,0.00016591087878617893,0.0008382692369275707,0.19792075323469638,1.710082396627232e-05,0.0002553613424593349,0.06696716034454411,0.001920481400846663
3,Congestion,IR,444,62.337662337662344,0.004932929993540114,1.76427511903187,0.2796009500064261,0.0015034337386535404,0.0008515881477971464,0.0006518455908563938,1.306426183965333,3.64214663646424e-05,2.8446562953928223e-05,1.2803468181245747,0.0020032720741718357
3,Congestion,IR,445,62.337662337662344,0.004932929993540114,1.76427511903187,0.2796009500064261,0.00236817636641369,0.0008515881477971464,0.0015165882186165436,0.5615157346889975,3.64214663646424e-05,0.00011090870925702066,0.3283914005368057,0.0020032720741718357
3,Congestion,IR,446,62.337662337662344,0.003781912995310055,1.7654261360301,0.21422097011741387,0.0014425120533378163,0.0004592146746474054,0.0009832973786904112,0.46701505017638006,0.00010371485308826034,0.00018087409958101233,0.573409091343159,0.0023029086300210277
3,Congestion,IR,447,62.337662337662344,0.004932929993540114,1.76427511903187,0.2796009500064261,0.0006779490120323278,0.0005591476146941578,0.00011880139733817002,4.70657439409181,-0.00010186500444021741,2.3842494958445914e-06,-42.72413798042263,0.001971944900042155
3,Congestion,IR,448,62.337662337662344,0.004932929993540114,1.76427511903187,0.2796009500064261,0.00243830618781138,0.0005591476146941578,0.0018791585731172222,0.2975521186413884,-0.00010186500444021741,0.00027842279025296676,-0.36586446227216485,0.001971944900042155
3,Congestion,IR,449,62.337662337662344,0.002137602997570154,1.76707044602784,0.1209687481546209,8.320208595255605e-05,3.087192021331581e-05,5.233016573924032e-05,0.5899450112034745,9.454782473335989e-07,0.0003437841125762417,0.002750209252685923,0.001197997284318797
3,Congestion,IR,450,62.337662337662344,0.0050973609932700725,1.76411068803214,0.28894791170706885,0.0016049698809969723,0.0004911965040301275,0.0011137733769668449,0.4410201520239333,-9.627435044424838e-05,9.265686836949094e-05,-1.0390417044997882,0.002103004717006307
3,Congestion,IR,451,62.337662337662344,0.0050973609932700725,1.76411068803214,0.28894791170706885,0.0025784836150897087,0.0004911965040301275,0.0020872871110595814,0.23532771386720183,-9.627435044424838e-05,0.00027739509651473923,-0.3470657976794225,0.002103004717006307
3,Congestion,IR,452,62.337662337662344,0.003288619996020037,1.76591942902939,0.18622706913800566,0.0010452056501688346,0.00012217223284218486,0.0009230334173266496,0.13235949051121915,8.714842979493538e-06,0.00027435312291841554,0.031765058428312745,0.0017539306644001051
3,Congestion,IR,453,62.337662337662344,0.005261791993220077,1.76427511903187,0.29824101334645803,0.001484606389199442,0.0007159325729964535,0.0007686738162029885,0.9313867051344867,5.95240218422487e-05,-7.810472646601133e-07,,0.001968888223510268
3,Congestion,IR,454,62.337662337662344,0.005261791993220077,1.76427511903187,0.29824101334645803,0.0023394009414810122,0.0007159325729964535,0.001623468368484559,0.44098954244778243,5.95240218422487e-05,0.00013290135545925003,0.4478812246613982,0.001968888223510268
3,Congestion,IR,455,62.337662337662344,0.004275205994749953,1.76526170503034,0.24218539282686555,0.0016720988367734902,0.0004412505879183602,0.00123084824885513,0.35849308664068713,7.678927686592663e-05,9.134142019074481e-05,0.8406840697853231,0.002232596859182978
3,Congestion,IR,456,62.337662337662344,0.004768498993899861,1.76460398103135,0.27023054720259887,0.001812399587272224,0.0005727542799455089,0.0012396453073267148,0.4620307732867952,-0.0001198701989184458,9.356123884969308e-05,-1.2811950802727001,0.0016774226085434218
3,Congestion,IR,457,62.337662337662344,0.004768498993899861,1.76460398103135,0.27023054720259887,0.002299649747322845,0.0005727542799455089,0.0017268954673773365,0.3316670237228429,-0.0001198701989184458,0.00023082001581744318,-0.5193232419377867,0.0016774226085434218
3,Congestion,IR,458,62.337662337662344,0.0018087409980198643,1.76756373902723,0.10232960532531041,-0.00022148855667129195,9.49589023918951e-06,-0.00023098444691048133,,-4.1477905084353624e-16,0.00017590006183307517,-2.358038118469517e-12,0.0004071624757047143
3,Congestion,IR,459,62.337662337662344,0.004932929993739954,1.76460398103135,0.2795488419365815,0.0022886739781030436,0.0008445176148404831,0.0014441563632625607,0.5847826705777165,3.305063087026052e-05,0.00011201861848602232,0.29504587109672825,0.0017327728761231675
3,Congestion,IR,460,62.337662337662344,0.002630895997040028,1.76690601502805,0.1488984685469115,0.000384234138827815,0.0002207486172379851,0.00016348552158982973,1.3502640178243017,2.474686545850305e-05,0.00011160754090055197,0.22173112371102033,0.002098978266044993
3,Congestion,IR,461,62.337662337662344,0.0052617919933199975,1.76443955003161,0.2982132197856102,0.0015759889173443103,0.0009126742642390656,0.0006633146531052451,1.3759295983685373,4.710948133792592e-05,-5.590654009117959e-06,,0.0018452256872321104
3,Congestion,IR,462,62.337662337662344,0.0052617919933199975,1.76443955003161,0.2982132197856102,0.0024022135834268006,0.0009126742642390656,0.001489539319187735,0.6127225058662826,4.710948133792592e-05,5.6769802559919765e-05,0.8298334539423929,0.0018452256872321104
3,Congestion,IR,463,62.337662337662344,0.003946343995309798,1.76575499802962,0.22349329322094313,0.0013496496462691563,0.0004712592454026041,0.0008783904008665522,0.5365031823409,9.832973784582822e-05,-2.9597582288132555e-06,,0.002429924774783654
3,Congestion,IR,464,62.337662337662344,0.004932929993640034,1.76443955003161,0.2795748935434858,0.002207198417717671,0.00045900913585390134,0.0017481892818637691,0.262562607273593,-1.0852446040311874e-05,0.00026218522909461775,-0.04139228620081961,0.0019045511861468523
3,Congestion,IR,465,62.337662337662344,0.004439636994409968,1.76493284303084,0.2515470779492085,0.0021290114773710248,0.0003237235308110887,0.0018052879465599362,0.17931961016410686,3.070748918003074e-05,0.0003303418783614477,0.09295669484094825,0.0017695017815726466
3,Congestion,IR,466,62.337662337662344,0.0052617919933199975,1.76443955003161,0.2982132197856102,0.0010306946143367208,0.0009098789372473622,0.00012081567708935842,7.531133038093989,8.64084902927827e-05,1.3154479969610376e-06,65.68749999422594,0.0019863054635158583
3,Congestion,IR,467,62.337662337662344,0.0052617919933199975,1.76443955003161,0.2982132197856102,0.002565411350708839,0.0009098789372473622,0.0016555324134614768,0.5495989869174099,8.64084902927827e-05,5.545435455228155e-05,1.5581912545987355,0.0019863054635158583
3,Congestion,IR,468,62.337662337662344,0.0023020339974999526,1.76739930802743,0.1302497962426624,6.014063824167596e-05,0.00015407184682366656,-9.393120858199039e-05,,9.86585989919627e-07,6.552575320896854e-05,0.015056461644527766,0.0016270014718617887
3,Congestion,IR,469,62.337662337662344,0.0052617919934299096,1.76460398103135,0.2981854314051005,0.001512107473960125,0.0007653440884526619,0.0007467633855074633,1.024881646992604,3.6996974036826377e-06,-6.988317510784335e-06,,0.0019285853529669161
3,Congestion,IR,470,62.337662337662344,0.0052617919934299096,1.76460398103135,0.2981854314051005,0.0024277003884274413,0.0007653440884526619,0.0016623562999747796,0.460397141373527,3.6996974036826377e-06,8.258546948693468e-05,0.04479840614416975,0.0019285853529669161
3,Congestion,IR,471,62.337662337662344,0.0024664649973500374,1.76739930802743,0.13955335311875985,0.00014169841413341219,0.00013043489060121617,1.126352353219602e-05,11.580291924492089,-5.837300502373414e-06,0.000114690622132729,-0.050896057531347516,0.0017722834459996673
3,Congestion,IR,472,62.337662337662344,0.005097360993579825,1.76460398103135,0.2888671366705516,0.0017332260609110052,0.0006620403128305691,0.001071185748080436,0.6180443625365113,-7.835137148690021e-05,5.006923942103193e-05,-1.5648604291358215,0.0019358141796181894
3,Congestion,IR,473,62.337662337662344,0.005097360993579825,1.76460398103135,0.2888671366705516,0.002519781748308917,0.0006620403128305691,0.0018577414354783472,0.35636838377354774,-7.835137148690021e-05,0.00016327998267395366,-0.47985901396962105,0.0019358141796181894
3,Congestion,IR,474,62.337662337662344,0.0031241889964499503,1.76657715302848,0.17684984723673622,0.0008339529232600622,0.00019209651551786163,0.0006418564077422007,0.2992826950089692,1.9485073464001857e-05,0.00017553009207542093,0.11100702582454981,0.0016763033599485055
3,Congestion,IR,475,62.337662337662344,0.005097360993689959,1.76476841203109,0.2888402216936416,0.002126503904662798,0.00044005846314267163,0.0016864454415201264,0.2609384521482131,-9.643878144319649e-05,0.00018424493520037232,-0.5234270420422477,0.0015302628433404575
3,Congestion,IR,476,62.337662337662344,0.004932929993940016,1.76493284303084,0.2794967532854631,0.0023854005138058696,0.00038896152996949034,0.001996438983836379,0.19482765720295525,-8.090005195329631e-05,0.00024278237099070314,-0.33322045428246605,0.0014759948009963608
3,Congestion,IR,477,62.337662337662344,0.001973171997939893,1.76789260102684,0.11161153097161113,-0.00021170491220619118,2.6720037470738147e-05,-0.00023842494967692948,,-1.8909564993903067e-06,4.3985292267811454e-05,-0.04299065441868425,0.001264417688313202
3,Congestion,IR,478,62.337662337662344,0.004932929993940016,1.76493284303084,0.2794967532854631,0.0024138470767678145,0.0009236911412699096,0.0014901559354979046,0.6198620689728538,1.603202238494674e-05,4.5794033298590585e-05,0.3500897656341653,0.0018190179348993585
3,Congestion,IR,479,62.337662337662344,0.001973171997939893,1.76789260102684,0.11161153097161113,-0.00011119646356576096,0.00010474254688522266,-0.00021593901045098373,,-4.275206000956428e-06,0.00012447426665137485,-0.034346103142188764,0.0016033882562227486
3,Congestion,IR,480,62.337662337662344,0.005261791993540044,1.76476841203109,0.2981576482029273,0.0024441434884756785,0.0008269234978847582,0.0016172199905909205,0.5113240639466782,-3.6010389055808995e-05,0.00012969495097113446,-0.27765451766756627,0.002033329680014795
3,Congestion,IR,481,62.337662337662344,0.004768498994289994,1.76526170503034,0.27012986123822563,0.0021137605022371886,0.0005739052970105871,0.0015398552052266015,0.37270081957227436,0.00011970576780446529,9.919300041728364e-05,1.2067965209328164,0.0023982757632132756
3,Congestion,IR,482,62.337662337662344,0.005097360993790101,1.76493284303084,0.2888133117312629,0.0012081978786610513,0.0010872588783169298,0.00012093900034412173,8.990142759765058,9.454782477630755e-05,-1.3976635005699148e-06,,0.0021781302784256162
3,Congestion,IR,483,62.337662337662344,0.005097360993790101,1.76493284303084,0.2888133117312629,0.0024203009935304574,0.0010872588783169298,0.0013330421152135277,0.815622301732584,9.454782477630755e-05,2.2033753843269204e-05,4.291044796490259,0.0021781302784256162
3,Congestion,IR,484,62.337662337662344,0.0023020339976000948,1.76772817002703,0.1302255650293164,-1.1797924159553594e-05,0.00022847687424892903,-0.0002402747984084824,,1.0359152976320054e-05,-8.451753410371794e-05,,0.002010049662790614
3,Congestion,IR,485,62.337662337662344,0.005097360993790101,1.76493284303084,0.2888133117312629,0.0016808547875609538,0.0006192060374284995,0.0010616487501324545,0.5832494385278045,4.065556463332297e-05,3.6750328435953725e-05,1.1062639808559822,0.0018496676559507375
3,Congestion,IR,486,62.337662337662344,0.005097360993790101,1.76493284303084,0.2888133117312629,0.002407968668564047,0.0006192060374284995,0.0017887626311355472,0.3461644528180989,4.065556463332297e-05,0.000191233252621469,0.21259673239882304,0.0018496676559507375
3,Congestion,IR,487,62.337662337662344,0.0024664649973999975,1.76756373902723,0.1395403709038184,0.00033967333790058335,0.00012229555611404568,0.00021737778178653757,0.5625945536335377,1.0688014981695799e-05,0.0002173777815475689,0.04916792740088267,0.0019886157934603244
3,Congestion,IR,488,62.337662337662344,0.005261791993750098,1.76509727403059,0.29810209732718157,0.0022954156492560793,0.0007816227574649413,0.0015137928917911378,0.5163340122043485,-0.0001405062894397634,7.572047531489012e-05,-1.8555917518406466,0.0018380617891364803
3,Congestion,IR,489,62.337662337662344,0.004768498994480064,1.76559056702986,0.27007954638666903,0.0020516466921337057,0.0005251515055877745,0.0015264951865459312,0.34402434427327494,7.095197636354843e-05,5.590653749963092e-06,12.691177013782482,0.002009856078907246
3,Congestion,IR,490,62.337662337662344,0.005261791993750098,1.76509727403059,0.29810209732718157,0.0011436587112812193,0.0007771831204906352,0.00036647559079058416,2.1206954569990515,7.210299332812208e-05,9.948075483071864e-06,7.247933879353457,0.0017473861469867735
3,Congestion,IR,491,62.337662337662344,0.005261791993750098,1.76509727403059,0.29810209732718157,0.0023752468996577182,0.0007771831204906352,0.0015980637791670831,0.48632797427879004,7.210299332812208e-05,4.665729606677843e-05,1.5453744517240005,0.0017473861469867735
3,Congestion,IR,492,62.337662337662344,0.0032886199965000973,1.76707044602784,0.18610576640521131,0.0008022999558450674,0.0002886586201711151,0.0005136413356739524,0.561984793907531,4.1189965434482746e-05,4.636954173961976e-05,0.8882978759155732,0.0020190597186713344
3,Congestion,IR,493,62.337662337662344,0.004932929994139856,1.76526170503034,0.27944468404219264,0.0022188319111551735,0.000650489035154547,0.0015683428760006266,0.41476200460280416,-5.985288400159223e-05,0.00018169625470365093,-0.3294117652519206,0.0018190179349830693
3,Congestion,IR,494,62.337662337662344,0.004768498994379922,1.7654261360301,0.2701047014690067,0.002279959135332704,0.0005285223410787744,0.0017514367942539299,0.30176500962680314,7.432281186408685e-05,0.00020907401605623407,0.3554856469782282,0.0017185413153608664
3,Congestion,IR,495,62.337662337662344,0.005097360993999933,1.76526170503034,0.28875950684673823,0.0004504587239022609,0.0004060212462073116,4.4437477694949306e-05,9.13691026737684,-0.00017507790710868089,1.2332324928954212e-07,,0.0017719603791157557
3,Congestion,IR,496,62.337662337662344,0.005097360993999933,1.76526170503034,0.28875950684673823,0.0023435117167464083,0.0004060212462073116,0.0019374904705390964,0.20956038358957108,-0.00017507790710868089,0.00024302901759442515,-0.7203991887127514,0.0017719603791157557
3,Congestion,IR,497,62.337662337662344,0.004604067994719907,1.76575499802962,0.26074217543529643,0.002078448945146772,0.00022050197072152262,0.0018579469744252496,0.11868044339087463,9.865859963086864e-06,0.0001560861263131387,0.06320779556854436,0.0018878116423124425
3,Congestion,IR,498,62.337662337662344,0.00526179199386001,1.76526170503034,0.2980743296512839,0.0011848897845131326,0.0009146474363473376,0.0002702423481657952,3.3845451778941626,0.00018983558919312115,-1.068801503546049e-06,,0.002638953414197731
3,Congestion,IR,499,62.337662337662344,0.00526179199386001,1.76526170503034,0.2980743296512839,0.0023192170365441992,0.0009146474363473376,0.0014045696001968619,0.651194099757778,0.00018983558919312115,8.303765477971287e-05,2.286138616230529,0.002638953414197731
3,Congestion,IR,500,62.337662337662344,0.0026308959973599944,1.76789260102684,0.1488153746348561,0.0002582799930217274,0.00025042841273265016,7.851580289077386e-06,31.895287765321598,2.088273696299073e-05,-4.357421515480066e-05,,0.001979296934911501
3,Congestion,IR,501,62.337662337662344,0.005097360994100075,1.7654261360301,0.28873261192124816,0.0015689594922936702,0.0009996993709950408,0.0005692601212986297,1.7561380704386385,0.00010256383603342753,7.646041478748117e-06,13.413978503582518,0.0020988309150433704
3,Congestion,IR,502,62.337662337662344,0.005097360994100075,1.7654261360301,0.28873261192124816,0.002409695194196291,0.0009996993709950408,0.00140999582320125,0.7090087463701322,0.00010256383603342753,4.727391231241495e-05,2.169565221419013,0.0020988309150433704
3,Congestion,IR,503,62.337662337662344,0.0019731719980999873,1.7685503250261,0.1115700226438774,-0.00025901993239436195,0.0001354911438621504,-0.00039451107625651245,,-1.2990048994873645e-05,-3.2516230416930854e-05,,0.0015263130018157156
3,Congestion,IR,504,62.337662337662344,0.00526179199395993,1.7654261360301,0.29804656714735633,0.0017394333313419448,0.0010218564482261487,0.0007175768831157958,1.4240375801811485,0.0001523453212242703,8.46819646986816e-06,17.990291293589003,0.0022184503120306065
3,Congestion,IR,505,62.337662337662344,0.00526179199395993,1.7654261360301,0.29804656714735633,0.0024456233676702034,0.0010218564482261487,0.001423766919444055,0.7177132958147094,0.0001523453212242703,7.85158022718796e-05,1.9403141382512843,0.0022184503120306065
3,Congestion,IR,506,62.337662337662344,0.0026308959974099544,1.76805703202665,0.14880153466510457,0.0003966486793581907,0.00027632629521047,0.00012032238414772068,2.296549367499419,2.5733451457171884e-05,7.683038448375368e-05,0.3349384703731816,0.0018808144285509254
3,Congestion,IR,507,62.337662337662344,0.004932929994340141,1.76559056702986,0.2793926341959616,0.002326657539352475,0.000596473451733815,0.0017301840876186602,0.34474565799224954,-0.00016319776739456645,0.0002583211006102621,-0.6317632086926903,0.0018290279390940078
3,Congestion,IR,508,62.337662337662344,0.004768498994579984,1.76575499802962,0.2700543959893123,0.002314407429889119,0.00042978152571615427,0.0018846259041729652,0.22804606726699764,2.9227610171435706e-05,0.0002927693949640098,0.09983150791778854,0.0016242455007957624
3,Congestion,IR,509,62.337662337662344,0.005261791994070064,1.76559056702986,0.29801880981510004,0.00120577252151667,0.0008252791879699882,0.00038049333354668217,2.1689714778373004,-4.16010430530551e-05,6.412808987567361e-06,-6.4871795080296115,0.0018294508199903081
3,Congestion,IR,510,62.337662337662344,0.005261791994070064,1.76559056702986,0.29801880981510004,0.002349472340592666,0.0008252791879699882,0.0015241931526226782,0.541453152804112,-4.16010430530551e-05,0.00011830810426741266,-0.35163307966649493,0.0018294508199903081
3,Congestion,IR,511,62.337662337662344,0.003453050996500062,1.76739930802743,0.1953746943781462,0.0009505345022213351,0.00031574862740617375,0.0006347858748151611,0.49740966195587516,5.5906539919544095e-05,8.394202517359093e-05,0.6660137136783412,0.002202610602268562
3,Congestion,IR,512,62.337662337662344,0.005261791994070064,1.76559056702986,0.29801880981510004,0.002307008034912583,0.0006365124002048145,0.0016704956347077685,0.3810320643646363,-1.9896151055425964e-05,0.0001666919259711613,-0.11935881680836849,0.001618936877543442
3,Congestion,IR,513,62.337662337662344,0.005261791994070064,1.76559056702986,0.29801880981510004,0.0026939963928924054,0.0005738641892909201,0.0021201322036014858,0.2706737760579705,7.530939785278146e-05,3.2392906725308617e-05,2.3248731116168138,0.001846052517287422
3,Congestion,IR,514,62.337662337662344,0.005097360994309907,1.76575499802962,0.2886788370978974,0.0010970836306868669,0.0004867568671538065,0.0006103267635330602,0.7975348554863756,4.583514114599953e-05,1.2085678480283292e-05,3.7925170043846093,0.0015435603678481957
3,Congestion,IR,515,62.337662337662344,0.005097360994309907,1.76575499802962,0.2886788370978974,0.002181670505360115,0.0004867568671538065,0.0016949136382063083,0.28718682544140195,4.583514114599953e-05,0.0002149935321688156,0.21319311647947253,0.0015435603678481957
3,Congestion,IR,516,62.337662337662344,0.00427520599545006,1.76657715302848,0.24200505413086462,0.0016245371703808085,0.00032960193911981593,0.0012949352312609927,0.2545316021704448,3.995673292807433e-05,0.0002149935321688156,0.18585086037239393,0.0016163992010318484
