Depth,State,Pulse_Index,Combined_PI_Ratio,Combined_Amplitude_Ratio,Combined_Delta_A_Ratio,Red_Amplitude,Red_PI,Red_Max_Start_Datum_Diff,Red_AUC,Red_S_AUC,Red_D_AUC,Red_AUC_Ratio,Red_Start_Datum_Area,Red_End_Datum_Area,Red_Datum_Area_Ratio,Red_Rise_Time,Red_Fall_Time,Red_Pulse_Width,Red_Rise_Decay_Time_Ratio,Red_PW50,Red_Systolic_Width,Red_Diastolic_Width,Red_Width_Ratio,Red_Delta_T,Red_Upslope,Red_Downslope,Red_Onset_End_Slope,Red_Slope_Ratio,Red_Upslope_Length,Red_Downslope_Length,Red_Slope_Length_Ratio,Red_Upslope_Length_Ratio,Red_Downslope_Length_Ratio,Red_Length_Height_Ratio,Red_SDPPG_b_a,Red_SDPPG_c_a,Red_SDPPG_d_a,Red_SDPPG_e_a,Red_DNP,Red_Skewness,Red_Kurtosis,Red_Variance,Red_RWI,Red_IPAR,IR_Amplitude,IR_PI,IR_Max_Start_Datum_Diff,IR_AUC,IR_S_AUC,IR_D_AUC,IR_AUC_Ratio,IR_Start_Datum_Area,IR_End_Datum_Area,IR_Datum_Area_Ratio,IR_Rise_Time,IR_Fall_Time,IR_Pulse_Width,IR_Rise_Decay_Time_Ratio,IR_PW50,IR_Systolic_Width,IR_Diastolic_Width,IR_Width_Ratio,IR_Delta_T,IR_Upslope,IR_Downslope,IR_Onset_End_Slope,IR_Slope_Ratio,IR_Upslope_Length,IR_Downslope_Length,IR_Slope_Length_Ratio,IR_Upslope_Length_Ratio,IR_Downslope_Length_Ratio,IR_Length_Height_Ratio,IR_SDPPG_b_a,IR_SDPPG_c_a,IR_SDPPG_d_a,IR_SDPPG_e_a,IR_DNP,IR_Skewness,IR_Kurtosis,IR_Variance,IR_RWI,IR_IPAR
3,Normal,0,0.4316787560164538,0.6216706659868813,0.431384169586317,0.002717235484917542,0.10355386248411516,0.0014551546272462796,2.8019538848255086,0.41669595763870504,2.385257927186804,0.17469639357312214,0.8312608467727381,0.2093866075483176,3.969980965396367,0.158,0.798,0.956,0.19799498744386027,0.625,0.5735,0.3825,1.4993464048367722,0.0,11.506154597230761,-4.363304438436046,0.036059868689791316,2.6370276837917017,1.0261822500057831,1.3660699980438369,0.7511930218803721,0.4289607213451355,0.5710392786130629,2.392252335850326,-0.9904008156402458,0.19313947176065266,-0.1870375144733692,0.2948463063764848,0.5897561086743344,-0.32298652460311716,-1.2146857438319338,0.09345397637934318,0.589756130319628,0.6050789723309952,0.004370859960775141,0.2398863894095443,0.002157446506663024,4.4718840216645095,0.6818123369509499,3.790071684713559,0.17989431167829997,1.384115738908236,0.3246019283935909,4.26404040583377,0.1555,0.805,0.9605,0.19316770183935802,0.545,0.576,0.3845,1.4980494144348375,0.0,11.433276964016159,-1.708039777805709,0.01521483459724778,6.693800174861808,1.0248228801140438,1.2843961358323224,0.7979024939763941,0.4437963107841767,0.5562036891725186,2.3092190685475877,-0.9992263303578189,0.2344282168057056,-0.21514018177238559,0.19580681507802342,0.5629982301265354,-0.1969287191064184,-1.2863309039347446,0.0959576806850005,0.5629982429509555,0.6520292322818398
3,Normal,1,0.4158860203167206,0.5989773517752399,0.4155881063122971,0.0026739223208289958,0.10189236472402556,0.0014129795978354554,2.8417769442801255,0.4308787127558581,2.4108982315242673,0.17872123638564663,0.8082919349740503,0.2079097171794384,3.8877063830916367,0.1645,0.799,0.9635,0.20588235291540896,0.5985,0.578,0.3855,1.4993514911804533,0.0,10.445109694262896,-4.489735767877846,-0.03590077261949724,2.326441963190925,0.9933124767744432,1.6179903475841417,0.6139174304693406,0.3803896152796418,0.6196103846820631,2.6113029217555956,-0.9296392714518075,0.3479358276798899,-0.35684498089650335,0.6642234621958222,0.5955756089356352,-0.3443032271030507,-1.321165236129388,0.10168914149800054,0.5955756311495597,0.5775379968156704,0.004464145852938063,0.24500068669261657,0.0023145456155465108,4.458160094851776,0.7272547525401762,3.7309053423115994,0.19492715193628848,1.3883710626827188,0.30025664046920664,4.623947900205428,0.162,0.7955,0.9575,0.2036455059454877,0.5185,0.5745,0.383,1.499999999608355,0.0,10.99376869482586,-1.7969094279145281,0.005971183239319182,6.11815405018676,1.0260509922095267,1.2836039580446397,0.7993516892021836,0.4442442764241431,0.5557557235325605,2.309655001761092,-0.9846270191677292,0.19248947870372407,-0.17579990516650384,0.16049248617447656,0.5370771081100811,-0.12577674089800395,-1.3177721366919728,0.10093554055333799,0.5370771200872775,0.6658158010406758
3,Normal,2,0.45987928546433665,0.6624033367427719,0.4595741470082691,0.0029619593317706926,0.11285583157128942,0.0016100600926402422,2.9887096156820516,0.9209593000732181,2.0677503156088335,0.44539192816300427,0.825194476082439,0.2078568389104888,3.9700135920993116,0.259,0.714,0.973,0.3627450979884111,0.5555,0.5835,0.3895,1.49807445404414,0.0,9.227548906205982,-3.5492832103566343,-0.024817103554831646,2.599834490248753,1.0587082717056027,1.3526878621869827,0.7826700462260745,0.4390436962145589,0.5609563037439711,2.4113962150636423,-0.9959935877513056,0.3105687282924252,-0.7488950351945576,0.7037425482328742,0.5223008616477852,-0.1314937198657139,-1.3644424480231292,0.10374880301447283,0.5223008792291822,0.5871673096671116,0.00447153433751582,0.24540315369206778,0.0022691650754809315,4.529949825169167,0.7425466872506007,3.7874031379185666,0.1960569446111497,1.351360164650152,0.326170730664496,4.14310677565324,0.1705,0.7975,0.968,0.21379310342146796,0.5165,0.5805,0.3875,1.4980645157424348,0.0,10.458465547986805,-1.9362916604799238,-0.018077620607312626,5.401286263276303,1.0123458784422008,1.2927669859639603,0.783084569265226,0.4391741046740816,0.5608258952825366,2.3051129157264754,-1.0541857501147018,0.21678185378912074,-0.19703016111540042,0.17385060473469344,0.5387871429057972,-0.13073122343964935,-1.3563400866402673,0.1013599867674052,0.5387871549011861,0.627409411654584
3,Normal,3,0.43532062039864694,0.6269981387570115,0.4350190530925852,0.0028001161630333057,0.10668845760408122,0.0014676426051454645,2.8941702638683635,0.5232055576779733,2.3709647061903896,0.22067201434498807,0.9215544637535655,0.15008577672184234,6.140185187884169,0.1725,0.818,0.9905,0.21088019557324203,0.523,0.594,0.3965,1.4981084485502878,0.0,11.346542780510333,-2.9017883211891444,0.0942478270715531,3.9101896913933176,1.0333470107331717,1.4588034106662562,0.7083524778643013,0.4146407062024161,0.5853592937574579,2.4921505101518924,-0.851524411732752,0.28517453116489566,-0.35947269287429806,0.37795489990381487,0.5111317373888193,-0.10143617749460394,-1.523343034507723,0.10511564406239993,0.5111317555916538,0.6873998687884124,0.004465908153865599,0.245080173669202,0.0022635218200484624,4.512342054989046,0.7512875479731445,3.761054507015901,0.19975449612647497,1.3975958260343857,0.29005957065487936,4.818306192749116,0.1665,0.803,0.9695,0.20734744704765287,0.5245,0.5815,0.388,1.4987113398199197,0.0,10.718937076997122,-1.9391370729579762,0.023312304753481963,5.527684053862988,1.027700135439735,1.2791196814166383,0.8034432979885058,0.4455051616453019,0.5544948383113483,2.3068198682796828,-0.973486167701976,0.19898482461049358,-0.16595164628030762,0.16108361778000732,0.5473696091509913,-0.12312595056099361,-1.3727623009567163,0.10176275766564845,0.5473696213528791,0.6612892183406878
3,Normal,4,0.4136076892750772,0.5957524715034106,0.4133144388278561,0.0026224695953984095,0.09990946586912783,0.0014853626956169042,2.549559712595969,0.8243545738302301,1.7252051387657386,0.4778298854200111,0.7467526732391645,0.08243620781358107,9.058551965684725,0.2445,0.676,0.9205,0.36168639047904044,0.5525,0.552,0.3685,1.4979647214388156,0.1255,11.244351383874232,-4.826091526112009,-0.014168145457335125,2.3299084409822424,1.089602781218121,1.282288953858341,0.8497326424395917,0.45938133054671554,0.540618669411124,2.371891825284239,-0.9470066214852438,0.6123447886897593,-0.40625922757692107,0.2852906274710429,0.6283677156652759,-0.3459558223473272,-1.4320476361980048,0.11760628098768287,0.6283677395633543,0.6288753159689348,0.0044019448701660135,0.24155610333667696,0.0022844823173581745,4.415392899936653,0.7059444809094051,3.7094484190272476,0.19030982538247518,1.3736516479855674,0.29065213299350134,4.7261020704213115,0.161,0.801,0.962,0.20099875153545582,0.514,0.577,0.385,1.4987012983120254,0.0,11.053927282651046,-1.715339043515371,-0.003760779438979705,6.444164682075328,1.022737324843945,1.2948596028529331,0.7898441827296087,0.4412921473002492,0.5587078526566026,2.317596980114504,-1.0789128861562467,0.19517428111307583,-0.21772912314526624,0.18455893527408992,0.527709229068676,-0.11042496392497088,-1.3792559931699089,0.10371537008193946,0.5277092410039976,0.6636602825285612
3,Normal,5,0.43290147823942104,0.6235118603240524,0.4326053999752368,0.0027376541212562463,0.1043020064972528,0.001529622575975869,2.7412427889219733,0.48420396589133446,2.2570388230306384,0.21453063231748784,0.73832518727171,0.183509241917244,4.023367865049168,0.1975,0.7915,0.989,0.24952621601395752,0.5125,0.593,0.396,1.497474747096597,0.0,10.155048401572913,-3.9857601150367827,-0.037876889961305844,2.5478323100798086,1.0100492832654044,1.4828691792330144,0.6811452401483713,0.4051673965351477,0.5948326034247385,2.492918553309515,-0.858745676997325,0.19532653052079077,-0.47011503567464785,0.28003940148445283,0.5966457170918453,-0.02937634552073588,-1.6085599462697793,0.11466921381150105,0.5966457388262311,0.5558278363168756,0.004390700856086753,0.24093704320594372,0.002254546044621102,4.455430775866291,0.7332834927410861,3.7221472831252047,0.19700550164842026,1.38006047694217,0.3087155697504014,4.4703300115731945,0.1645,0.8005,0.965,0.20549656462142454,0.5215,0.579,0.386,1.4999999996113988,0.0,10.85961832080784,-1.9216684741996346,-0.00441300841718016,5.651140384537818,1.022880665043981,1.2931870119592814,0.7909765992894853,0.4416454126777988,0.5583545872790247,2.3160677295210395,-0.9597355235831424,0.15937493672923597,-0.13466152367752868,0.17723266549797465,0.5355420556536533,-0.11246790661444424,-1.362357497207331,0.1029300655571922,0.5355420677972874,0.6609329560401859
3,Normal,6,0.45576756953303416,0.656409417970538,0.4554680590242102,0.0028856218266554196,0.10994022482206539,0.0016440508152303778,2.897679368694025,0.4465169379365738,2.4511624307574515,0.18216538092923357,0.9390611861499004,0.2253841139905653,4.166492345474539,0.1495,0.8225,0.972,0.18176291791103186,0.53,0.583,0.389,1.4987146525710244,0.0,11.239434359885138,-4.470688491795016,-0.011906092095120321,2.514027622425783,1.0102099220055774,1.6155053202276628,0.6253213216287538,0.38473704448921636,0.6152629554726987,2.625715332963716,-0.844155446468185,0.3054610745522112,-0.3291883003817947,0.34963678202428244,0.5547594760852907,-0.17558159767902476,-1.2932508785616066,0.09103993690641286,0.5547594952547691,0.6825713100179698,0.004396070016691922,0.24121992790138005,0.002259740280282552,4.394309758269193,0.7080184352489924,3.6862913230202,0.1920679548055095,1.384096053746838,0.27842436002828724,4.971174408407008,0.1605,0.802,0.9625,0.20012468825434854,0.5095,0.5775,0.385,1.4999999996103897,0.0,11.141617138468064,-1.8939967224595193,0.0188769622920289,5.882595785810783,1.0261778106734565,1.2827066818362565,0.8000097178292019,0.4444474437582524,0.5555525561984367,2.308884544800383,-1.0428107089017085,0.21783941258268555,-0.2126602471904649,0.18646825587474403,0.5220365896564622,-0.10747537428496302,-1.3744235270345746,0.10261074477560075,0.522036601479333,0.6776354797700923
3,Normal,7,0.47541791901450087,0.6846630529468835,0.4751189379862996,0.0029882579993616627,0.11385435703620793,0.0016865428541159126,2.9173406858648776,0.4342707367602975,2.4830699491045802,0.17489267142853168,0.9150930309155951,0.20981891582761875,4.361346673010525,0.152,0.8015,0.9535,0.18964441669499132,0.534,0.572,0.3815,1.4993446916122293,0.0,11.25015840919093,-2.771503857632581,-0.021110564251754317,4.059225238962826,1.0028456502452445,1.3314686047307078,0.7531876054807566,0.4296103868896669,0.5703896130674939,2.334314332858743,-1.189507106738927,0.3834613794447189,-0.35904832694871364,0.3011971361026569,0.5643988593922314,-0.0880511021864531,-1.324906031102964,0.0970541069880562,0.5643988782230115,0.6770099186849129,0.004364567239364658,0.23948266930310388,0.002208305031139589,4.4024595099865245,0.6749714261873291,3.727488083799196,0.18107943231337303,1.329940490908519,0.3034404395337136,4.382871618937494,0.16,0.8005,0.9605,0.1998750780512336,0.5305,0.576,0.3845,1.4980494144348375,0.0,10.90208510468085,-1.765099550505056,-0.02380759117738459,6.176470387148272,1.0036368707889802,1.302210322518146,0.7707179503623716,0.4352573204584314,0.5647426794982006,2.3058472459076027,-0.9817296472285436,0.28203840505588357,-0.3199840678168743,0.1282802520659568,0.5556055686618643,-0.15211069239737152,-1.3743432178809996,0.10320443433555636,0.5556055813362156,0.6376363664113004
3,Normal,8,0.46549646515517595,0.6704800060916071,0.4651940128903192,0.0029673794847256503,0.11303827708429397,0.0016223901368523624,3.0571812569705514,0.40608910987033386,2.6510921471002176,0.15317804411257416,0.9459924104054437,0.23112343963523213,4.093018049095943,0.1405,0.8145,0.955,0.17249846529496643,0.575,0.573,0.382,1.4999999996073297,0.0,12.244400826967592,-4.013600691633428,-0.015267270873448674,3.0507272066667337,1.0057298765615899,1.5446494034690748,0.6511055999100801,0.39434521931579636,0.6056547806449937,2.5503793657228164,-1.0067940672197473,0.31656187294192695,-0.2823575887780774,0.24213523499112077,0.5777416330663531,-0.23751182866389034,-1.3037240294586567,0.09410254091932822,0.5995738272166558,0.6517216946633216,0.004425753774486483,0.24283379335598432,0.002247109959368952,4.53434462663726,0.7260901576675249,3.8082544689697357,0.19066219538761314,1.37368611730696,0.3256282381312187,4.218571843672684,0.165,0.8015,0.9665,0.20586400496495771,0.515,0.5795,0.387,1.4974160202849054,0.0,10.859427149416263,-1.9779044702651163,-0.005209197070959642,5.490369890013768,1.0229320292461388,1.2942004892503465,0.7903968802852354,0.441464621050565,0.558535378906278,2.3171325706204304,-1.0613795122370335,0.17931598732734513,-0.19276425718729373,0.17300486239409366,0.5329169356604075,-0.14656373523084743,-1.3531587090291062,0.10236398748546854,0.5329169476483853,0.6367966734674335
3,Normal,9,0.4310428353668318,0.6208835252308382,0.43073987285618426,0.002792718764157001,0.10637609833989282,0.0013780397608477097,3.079164697690093,1.087887769829955,1.9912769278601377,0.5463267085328941,0.8370590252543056,0.2735038191947083,3.0605021436733586,0.2735,0.6405,0.914,0.42701014825495553,0.608,0.548,0.366,1.497267759153752,0.184,10.284637246785906,-2.9952060934779183,-0.009545737627632226,3.433699360066542,1.103014311068825,1.2917049605966793,0.853921247212611,0.46060276211650847,0.5393972378417329,2.394719357174705,-0.6552594415420596,0.2033960065513629,-0.33102914852262716,0.3223516061768955,0.6649482879337129,-0.49113726738512437,-1.0469878005170423,0.10212691811369783,0.6649483116772879,0.5470893014828742,0.004497975205623864,0.2467877558784855,0.002319299743533323,4.508132419810166,0.7386825723305607,3.7694498474796054,0.19596561890984562,1.4012274446414494,0.2963758090917947,4.727873872238568,0.1645,0.802,0.9665,0.20511221942579647,0.519,0.5795,0.387,1.4974160202849054,0.0,10.84156659196401,-1.6848807321419486,0.01057837659308936,6.4346196051146745,1.0270666179906787,1.2856888762909768,0.7988453791975941,0.4440878512604195,0.555912148696342,2.3127555454680824,-0.9925457096200431,0.19609490062370447,-0.17608650027249292,0.17005074010188126,0.5365533696731142,-0.12279224158631423,-1.3612679349572343,0.10064977157183994,0.5365533815482344,0.6615645824946365
3,Normal,10,0.5027615691079192,0.7241616560988425,0.502459546410824,0.003185339692947259,0.12133117112012254,0.0018159374637799655,3.1127756945726253,0.5508747053960156,2.5619009891766096,0.21502575927087766,0.7389961260543437,0.2761550240860062,2.6760191245211153,0.219,0.7795,0.9985,0.28094932645529835,0.4885,0.599,0.3995,1.4993742173969025,0.0,10.051229387747185,-4.659087952485038,0.015512276341751913,2.1573384082973543,1.058647779531443,1.3826558792011967,0.7656625161616428,0.433640352645708,0.5663596473133303,2.4413037351303712,-0.3805653246858291,0.08822476231732675,-0.22501628053566428,0.46325426846422424,0.6082531395831792,-0.05358069827852678,-1.3880935524952633,0.09908272217836514,0.6082531586177471,0.4958101711312056,0.0043986582190652735,0.24132943634844042,0.0022659017645578106,4.428612905496003,0.716645250021156,3.711967655474847,0.19306344141896195,1.389532474422217,0.2945645604355693,4.717242535544014,0.161,0.801,0.962,0.20099875153545582,0.517,0.577,0.385,1.4987012983120254,0.0,11.17292071098609,-1.7688526378599363,0.010257071800064034,6.316479095665149,1.0262668694640595,1.2852243332207656,0.7985118573131812,0.44398476110470997,0.5560152388520277,2.311491255003592,-1.0005571963157065,0.1626608830429223,-0.15497981590199164,0.16067335743895864,0.5280957087728727,-0.11370446958085637,-1.3710622604307872,0.10237754204319369,0.5280957207258995,0.6706706597729158
3,Normal,11,0.4874770542472981,0.7021924344882213,0.48717838103033323,0.003056491126060105,0.11641150559298745,0.0017363649712385733,2.8570372060669165,0.5218863514962118,2.3351508545707045,0.2234914932593537,0.7547475707150448,0.2932630460755946,2.573619760681102,0.186,0.716,0.902,0.25977653627656755,0.49,0.541,0.361,1.4986149580336248,0.0,10.958415611469832,-3.42086742503065,0.07506291356657478,3.203402602207335,1.0396369315436698,1.2710007312009384,0.8179672174378254,0.44993507561189006,0.5500649243448318,2.3106377381112666,-1.002055427190846,0.0815849755513746,-0.23025561940132808,0.2928158610017179,0.5853573237816554,-0.15508903808296207,-1.117682256498511,0.08858258969837832,0.5853573428744046,0.5496543120465316,0.004352782664297035,0.23880406206198213,0.002192261303855828,4.445488893915456,0.7003479965607972,3.74514089735466,0.18700177529683334,1.3460960686443901,0.32016382292476464,4.204397785880604,0.1625,0.7995,0.962,0.2032520324949028,0.5255,0.577,0.385,1.4987012983120254,0.0,10.827406058173267,-2.0398854833691473,-0.016966221889139835,5.307849948399825,1.0108728969844338,1.2990073336573995,0.7781887528382675,0.4376300050240204,0.5623699949326874,2.3098802834775936,-0.9745114315650673,0.2515210932379152,-0.24746927646428635,0.14737744275440343,0.5521222191541058,-0.15316952965556666,-1.3608177891521416,0.10286457629435607,0.5521222317832442,0.639319804089588
3,Normal,12,0.44380809730869486,0.6393053880093522,0.4435095155867314,0.0028159582717717426,0.10724440206769552,0.0014520212691470824,2.8380618661567767,0.5866296002164483,2.251432265940328,0.2605584050050833,0.40026863251415284,0.3587977366106615,1.1155829359005516,0.274,0.685,0.959,0.39999999994160584,0.5635,0.575,0.384,1.4973958329433863,0.0,9.589179289848062,-5.14146694240128,-0.06849534164532363,1.865066798461804,1.0292131360149983,1.6043139255973617,0.6415285185333169,0.39081168026645907,0.6091883196955691,2.6335271548705306,-0.2464426120015244,0.6119650322929873,-0.504791246312539,0.7764140860858972,0.618159760605439,-0.23487414679743462,-1.3156611622058754,0.10255576616602466,0.6653580167751575,0.301245883462522,0.004404715274822633,0.2416458786537654,0.002244167398003892,4.521693185888386,0.742009733085876,3.7796834528025105,0.19631531114492373,1.3719524928558535,0.32113066028750614,4.272256318348201,0.1675,0.8,0.9675,0.20937499997382814,0.521,0.5805,0.387,1.4999999996124032,0.0,10.723311249217204,-1.6943916980893619,0.0003373423893925967,6.328708562887911,1.0282631050934432,1.2921067893375364,0.7958034997564355,0.44314620161079443,0.556853798346109,2.3203699468781678,-0.9650280543366754,0.20264751862975475,-0.1910812965790047,0.2004817121884682,0.5392575117303765,-0.13136912560288813,-1.3244638471375305,0.1027389944365725,0.5392575239191832,0.6442856842495119
3,Normal,13,0.5182806330005474,0.7465808224012357,0.5179810253650545,0.0032621446889125674,0.12423656886184911,0.001517265387053679,3.517921600076835,0.5062302219139362,3.011691378162899,0.16808834582709553,0.582082067141616,0.46301909163795474,1.2571448511048544,0.248,0.7985,1.0465,0.31058234185215,0.641,0.6275,0.419,1.4976133647977055,0.0,9.423373809108739,-3.8467795328606087,-0.1308879435769962,2.4496786801442187,0.9477911802263023,1.3574249155443008,0.6982273341995007,0.4111506864471868,0.5888493135094335,2.3052161662057418,-0.34159429250832835,0.7183434051783286,-0.4295341243700991,0.34280248994790796,0.6615031581653438,-0.2101116071932671,-1.3050214196609502,0.08999324869460892,0.6615031783773607,0.33296303381387793,0.004369446035008528,0.23970906062551517,0.0022103204304979194,4.4504532683293725,0.7208228066024409,3.729630461726932,0.19326922974812663,1.374137498739755,0.28498776142600035,4.82174213861597,0.163,0.8005,0.9635,0.20362273576469422,0.52,0.578,0.3855,1.4993514911804533,0.0,11.107302926414945,-1.9129937699848938,0.014806748994849692,5.806241034398158,1.0273147615197502,1.2879764089318178,0.7976192376784222,0.44370866808731213,0.5562913318694966,2.315291223208247,-0.9925439070674482,0.2429004048956056,-0.23110308422801856,0.13691136706478707,0.5370343209770659,-0.1445011689238466,-1.3544037432297518,0.10494107025401822,0.5370343332140354,0.6608231430098702
3,Normal,14,0.5357048520147535,0.7715800679077315,0.5354040223242903,0.0033980040190520005,0.12942002569538366,0.0015896536463619639,3.458174366827927,1.1825621189126276,2.2756122479152987,0.5196676718294221,1.0393493867536803,0.25634792941507967,4.054448142880516,0.266,0.712,0.978,0.3735955055655063,0.6035,0.5865,0.3915,1.498084290805087,0.1585,10.407708842843192,-3.2508902909758035,0.13950835469452516,3.201494947834432,1.0946857837818396,1.2297128808963118,0.890196240682562,0.47095440225883983,0.5290455976981384,2.3243987328505353,-0.876417413787343,0.3197998481047712,-0.5167170035633734,0.47530931416349376,0.5908215029101083,-0.2778654159191804,-1.153321172024528,0.07847467812462547,0.5908215202383365,0.6441514265932989,0.00440395505693693,0.24158829222737838,0.002266779087691276,4.45713151120163,0.6983525850916712,3.758778926109959,0.18579240726877014,1.3633787107016753,0.32253461596709077,4.227077165627634,0.162,0.8055,0.9675,0.20111731841078617,0.5165,0.5805,0.387,1.4999999996124032,0.0,10.990655229911056,-1.6304930312996646,-0.009459522400538174,6.74069439013569,1.0177141626103294,1.2953302777167326,0.785679281986427,0.43998902261576384,0.5600109773410031,2.3130444926177387,-0.9703725355254368,0.2513618356240526,-0.23471216117799934,0.1722578352942961,0.528788891650446,-0.11599765992369074,-1.3335471799121947,0.1004068277395555,0.5287889036047034,0.6485008563987101
3,Normal,15,0.4536545471130783,0.6533764878063356,0.4533578480776625,0.0028483116683527946,0.10848839357254642,0.0014227340495776139,3.0533992561632846,0.9974899798259758,2.0559092763373084,0.4851819052806305,0.8732659018379137,0.22787056863448268,3.832289122231721,0.2595,0.6905,0.95,0.3758146270273983,0.63,0.57,0.38,1.499999999605263,0.141,11.373657363308155,-4.3974634696335215,-0.036152213457573794,2.5864131542171465,1.130208851767157,1.3795997410337413,0.819229533080633,0.4503167512311501,0.549683248729006,2.5098086806655764,-1.0515169405292428,0.5212005274980296,-0.3835278780986419,0.4179964743664659,0.7067580693679179,-0.45643705419522235,-1.1216520548263553,0.10006408074092524,0.7067580941104701,0.5928897808079467,0.004359372668242389,0.2391431756268495,0.0022026597173850073,4.48166428471672,0.6930856778761195,3.7885786068406,0.18294082023437508,1.3645198142901762,0.313144176116376,4.357481051626909,0.16,0.8025,0.9625,0.19937694701565398,0.5185,0.5775,0.385,1.4999999996103897,0.0,11.119936237611398,-1.8836968307950883,-0.0046443611824441575,5.90325155047772,1.0215552527152072,1.298960680623241,0.7864404734302052,0.4402276398945071,0.559772360062399,2.320515986336898,-1.0755820828720255,0.2772334367248802,-0.23829603412216233,0.1690367346548878,0.5389621544347907,-0.16633980138015836,-1.3589844281932557,0.1037267667816274,0.5389621667441906,0.6421167264175037
3,Normal,16,0.5097377110103172,0.7340622075395019,0.5094318659966371,0.0032713045894450146,0.12461175259333958,0.00177295552721391,3.269311467304493,0.4405675152084916,2.8287439520960014,0.15574669275615124,0.8796130419347745,0.3519899388236476,2.49897211444324,0.1625,0.789,0.9515,0.2059569074517165,0.536,0.5705,0.381,1.4973753276909776,0.0,11.309551008802828,-3.06834888063068,-0.03825716260638345,3.685875188387845,0.9934061632878445,1.3460807173808258,0.737998955327874,0.424625661060107,0.5753743388971485,2.339486951950131,-1.436384272607897,0.6190841218698638,-0.45914200548492945,0.16768912871454403,0.5655082893956439,-0.2970749274030483,-1.0589351710178732,0.08214678167288028,0.5655083066260278,0.5370129208359519,0.004456440452102632,0.2444624849256078,0.0022995420628853036,4.4627566057914825,0.7101423528360346,3.752614252955448,0.18923936886340595,1.3731451894286957,0.2932039534377697,4.683242408093283,0.163,0.8015,0.9645,0.2033686836926552,0.516,0.5785,0.386,1.4987046628241698,0.0,11.056284380291004,-1.6694133504176136,0.010669112683597888,6.62285609304785,1.0272883149606775,1.2857506819993394,0.7989794049989136,0.44412926728274366,0.5558707326740232,2.313039048631998,-0.9714923240684761,0.2153204203867749,-0.21693946572104345,0.14606082121331168,0.5345560583302269,-0.12521249623575373,-1.368948309874087,0.10206725082719109,0.5345560702719064,0.6536957486915664
3,Normal,17,0.5472355204179469,0.7880471199330196,0.5469371701189318,0.003455301252492425,0.13162057163959612,0.0019569417043630508,3.3125081372716405,0.5933675676074778,2.719140569664163,0.21821879096855293,0.9546265347353476,0.28329987730360096,3.369668012158531,0.192,0.796,0.988,0.2412060301204515,0.5435,0.5925,0.3955,1.498103665866472,0.0,9.658143245016959,-2.9546968752628118,0.03324930520237322,3.2687424979359414,1.0351150913645881,1.3881342471696494,0.7456880293823006,0.4271599603316047,0.5728400396271285,2.4232494084232603,-1.1587530764411875,0.18576595213717254,-0.3288290553656383,0.4457290468555654,0.635134609040296,-0.11511094153707316,-0.979210147690778,0.0805260714655924,0.6351346273582364,0.6028146359771539,0.0043846377789965125,0.2405190475656815,0.002232024491136261,4.468804201226849,0.707861506468925,3.760942694757925,0.18821385059568568,1.3700569394141895,0.3008194088859293,4.554416698153521,0.1625,0.804,0.9665,0.20211442783555789,0.53,0.5795,0.387,1.4974160202849054,0.0,11.024504406730443,-1.7218938120774965,-0.009808933967917292,6.402546038996982,1.0179331638379763,1.294865452420749,0.7861304522847055,0.44013047942782507,0.5598695205289372,2.3127986687752147,-0.996823802836813,0.128059694625771,-0.18467286626877277,0.14660778221964393,0.5466513263390015,-0.1574957767463365,-1.355243643033938,0.10329675846847017,0.546651338751759,0.6471371662236286
3,Normal,18,0.48201928971529223,0.6943273959621482,0.481715950714151,0.0030716541297308533,0.11698310959872256,0.0016866642452749462,3.011398505572685,0.589202360549826,2.422196145022858,0.2432512997496908,0.8657660735087681,0.23294054044712853,3.716682684238926,0.186,0.747,0.933,0.24899598390241018,0.532,0.5595,0.3735,1.4979919674704172,0.0,9.655803282579598,-2.5285402656607516,0.0494131188238922,3.8187263273319854,1.0333687983318156,1.2576124802991138,0.8216909536424666,0.45105946867634034,0.5489405312800104,2.290981352986442,-0.8257135470875006,0.365144930686774,-0.321342531541674,0.3038116837974274,0.5995449986529009,-0.1722724716145035,-1.2938901651267594,0.09340521705963442,0.5995450181115827,0.5956549248928252,0.004423927498988629,0.24269382423608843,0.0022589435691181465,4.5225333785361945,0.724662958294795,3.7978704202413995,0.1908077101350007,1.3970887091833077,0.3066551693211531,4.555894856820687,0.163,0.805,0.968,0.2024844720245361,0.5235,0.5805,0.3875,1.4980645157424348,0.0,10.983284997556439,-2.0565137831373193,-0.002889756333781851,5.340730068079967,1.024177484261903,1.298114108893531,0.7889733862117716,0.4410201919674483,0.5589798079894908,2.322291645417094,-0.9798439441182747,0.21390851613745543,-0.19152469411172485,0.14358878519115192,0.5322402634742456,-0.13603411468829787,-1.3433549447420152,0.10315109164488961,0.5322402754519661,0.6557944547368879
3,Normal,19,0.48617943347410425,0.7004430916631297,0.48587384366147535,0.0031197799414728186,0.11880360807927803,0.0016086049795450365,3.20471807025248,0.4393366535740738,2.765381416678407,0.1588701836601943,0.8059340019426073,0.33791596863849205,2.385013069821235,0.1795,0.812,0.9915,0.22105911327326855,0.587,0.5945,0.397,1.4974811079351433,0.0,10.03818146658125,-3.2407174503148326,-0.08655127724047257,3.097518256426921,0.9529697693986239,1.457765556871327,0.6537194988874112,0.39530252822635303,0.6046974717321658,2.4107354033014854,-1.076793188152673,0.556532987794956,-0.41495796640841925,0.5407647760288747,0.6694823695127506,-0.3648195444106702,-1.1874720357070576,0.08293569373042498,0.6694823909050842,0.4898184411549231,0.004454009053070843,0.24436163900754104,0.0022889514562689636,4.4710921718172045,0.6898989557909885,3.7811932160262156,0.18245535638027544,1.4092737880626798,0.2858012220866107,4.930957877928564,0.156,0.8085,0.9645,0.19294990721175634,0.5195,0.5785,0.386,1.4987046628241698,0.0,11.342074076418442,-2.0960674630081257,0.013718441851996622,5.411120718223448,1.0244014470160256,1.297600040373832,0.7894585504497634,0.4411717445209002,0.5588282554360335,2.3220015392904987,-1.0438898652873472,0.2859626147502959,-0.2902810913889704,0.16433967909315045,0.5346486865091125,-0.13665972222631498,-1.3661276153416748,0.10198833765931227,0.5346486984594104,0.6747132488724984
3,Normal,20,0.4714860248765362,0.6794510827446628,0.47118354611008606,0.003002674455473435,0.11432847172553719,0.0014557384875009398,3.071547060216601,1.1004786188066427,1.9710684414099582,0.5583157822584837,0.7891051159789236,0.30106906853016263,2.6210102537908706,0.2715,0.604,0.8755,0.4495033111838571,0.5715,0.525,0.3505,1.497860199287344,0.0,9.414423513413738,-3.0912096495632397,0.10225821466329375,3.0455467536598033,1.103801260511709,1.1657978158745905,0.9468204909862064,0.4863419587835614,0.5136580411723779,2.2695991517452585,-0.6947645194028687,0.19463913466944177,-0.351939992159944,0.5083118199987179,0.7377126445582873,-0.460111424141984,-1.0056502449711089,0.08759988227270302,0.7377126690530351,0.5164038561210577,0.004419264997560876,0.24248537809513027,0.0023129871850610163,4.404572260047049,0.6983502044432284,3.7062220556038206,0.1884264336964046,1.377900198087868,0.2910285069331216,4.734588415873126,0.159,0.8,0.959,0.19874999997515624,0.503,0.575,0.384,1.4973958329433863,0.0,11.25197051290968,-1.9340044282131714,0.0018523285381205354,5.817965227061858,1.0257578629449484,1.291860014423795,0.7940162644658236,0.442591452593238,0.5574085473636141,2.317617929580496,-1.0644965792475343,0.1918801443090315,-0.19469424331323515,0.16078222314204865,0.5132906445931148,-0.1173075356139511,-1.3523212469497994,0.10201641597470833,0.5132906561566276,0.6685477809319978
3,Normal,21,0.47239089631615305,0.6808292712334589,0.4720930366099772,0.0029614473416641586,0.11277750373525314,0.001718844559493853,2.891589584710885,0.4406509032164024,2.4509386814944825,0.1797886281388862,0.5720648375385444,0.23623485743400546,2.4215936780464205,0.24,0.813,1.053,0.29520295199320995,0.4795,0.6315,0.4215,1.498220640213945,0.062,12.075849657106346,-2.7537937398502663,0.012324384679790485,4.3851685338366835,1.1135177818345554,1.3739602899470627,0.8104439334243159,0.4476492856044557,0.5523507143553428,2.487478155528221,-0.3275448693478623,0.6977727536550759,-0.464932534275791,0.41431079714314156,0.5386930731028572,0.019450024620701164,-1.4410408814771525,0.10368199666937655,0.5386930912391837,0.4219019188001138,0.004349764909807675,0.23873766384772047,0.0022213154772772817,4.431098458867163,0.720177826610146,3.7109206322570176,0.1940698543457449,1.3495827176493966,0.31098437840731186,4.3397122521948965,0.1655,0.7995,0.965,0.20700437771019334,0.5245,0.579,0.386,1.4999999996113988,0.0,10.826294491443605,-1.8620982868565932,-0.007115459311023262,5.814029564002264,1.0212630686943864,1.2925774217919552,0.7900981801148561,0.4413714224681028,0.558628577488679,2.3138405434495675,-0.9958814086437392,0.23000774820084113,-0.20841769276276176,0.1640069850877053,0.5399873661250961,-0.15035834499708892,-1.3387587316790406,0.102856211769868,0.5399873784852709,0.6443144751944366
3,Normal,22,0.4591102285672153,0.6617937944093507,0.45881108142540816,0.0029016312191140073,0.11048517222238544,0.0015782193674510328,2.8515333030560783,1.1424832289281963,1.709050074127882,0.6684902017539478,0.8744195116083864,0.20705931248806025,4.22303880312799,0.2935,0.689,0.9825,0.42597968063483604,0.51,0.5895,0.393,1.4999999996183206,0.1435,11.863366424329342,-3.888195541676737,0.005038287812664008,3.051123920302706,1.3649528724421618,1.3643987901532482,1.0004060998828728,0.5001015043602638,0.49989849560309746,2.72935175638514,-1.2108301498139422,0.7623905126985164,-0.7301464509129514,0.36245983789856434,0.5029303958059742,0.001707075869741215,-1.2527672339565903,0.09473129584417482,0.5029304130883592,0.672465414973578,0.004384494350727974,0.2406506341063811,0.002231185379704486,4.475864060652158,0.734763861006824,3.7411001996453344,0.1964031492812839,1.3600077031084583,0.3144806700688045,4.324614617421299,0.167,0.797,0.964,0.20953575907032174,0.5165,0.578,0.386,1.4974093260369403,0.0,10.90106748843607,-1.9227507504105006,-0.005850541306047112,5.669516699209077,1.0235818786363824,1.2931663980398018,0.7915314534222261,0.4418183403424059,0.5581816596144303,2.316748329284086,-1.0338710152357187,0.21870120699162987,-0.23311684113474335,0.19650972487582843,0.538980526929282,-0.1305119442019879,-1.354552134710963,0.10342083863263174,0.5389805391682616,0.6438714803173622
3,Normal,23,0.4490735520303681,0.6473954606250862,0.4487755769135865,0.002837933273940484,0.10804906521924887,0.001587895769174034,2.8572183815239733,0.3575739419985904,2.4996444395253827,0.1430499219529716,0.898552670480476,0.21246617887183195,4.229156258321956,0.1315,0.816,0.9475,0.16115196076456473,0.5015,0.5685,0.379,1.4999999996042217,0.0,12.935829033260916,-2.970243411055037,-0.022356543828943705,4.355141058365505,0.9969320241576896,1.4332369714069229,0.6955807336657686,0.4102315624700185,0.5897684374888321,2.4301690809532417,-1.0481369957190572,0.41617752383899875,-0.37881081930749505,0.21874352420216747,0.5004438911484296,-0.2530659430429953,-1.2187851162991898,0.09325179969563073,0.5004439087324817,0.6621945078626597,0.00438361616941336,0.24060437368930138,0.002230230401667051,4.483776046012651,0.708559209717218,3.7752168362954337,0.1876870231363315,1.3797429286649088,0.307197441436474,4.491388085017921,0.162,0.804,0.966,0.20149253728837158,0.5175,0.5795,0.3865,1.499353169081668,0.0,11.06455573033304,-1.830533333975609,0.006378498186735064,6.044443728155581,1.0266036118764068,1.2941600828335904,0.7932585971507566,0.4423559426460501,0.5576440573108603,2.3207637474196847,-0.9933534711267941,0.25157283980091466,-0.21592773246878913,0.1967360919000006,0.5336122831200307,-0.1321521297970441,-1.3702785694646837,0.10253342355758757,0.5336122952395482,0.6531726081979642
3,Normal,24,0.4197047086959824,0.605089381607645,0.41941258448991464,0.0026416684901616957,0.10057135913872879,0.0013915186652124895,2.7959953314631547,0.41004478330938143,2.3859505481537733,0.1718580393920924,0.7927798863197871,0.2055683396479729,3.8565271641135817,0.1565,0.7735,0.93,0.2023270846538685,0.534,0.558,0.372,1.4999999995967743,0.0,11.484562760615347,-3.8841110823494773,0.046915650472523704,2.9568059504036426,1.0253988674284444,1.3769638153011727,0.7446810554928771,0.42682933545266394,0.5731706645057103,2.402362773430492,-0.9284120135513217,0.34769329543409694,-0.33744077883734935,0.2784606942439018,0.6942649303396345,-0.35724989440265364,-1.3635464889107076,0.10412061069579423,0.6942649565515122,0.5793115802326829,0.004365749110708542,0.23962408058862267,0.0022393315366919073,4.453154278454234,0.7299961861532519,3.723158092300982,0.1960690811500012,1.3758118009496543,0.30556822072312184,4.5024701758696395,0.1645,0.8005,0.965,0.20549656462142454,0.525,0.579,0.386,1.4999999996113988,0.0,10.929135647237501,-1.7165507636108543,0.0008421065281348412,6.366916655357632,1.0273016073627,1.2911179421771322,0.7956682915821447,0.44310427227129445,0.5568957276855728,2.318419602412726,-1.0818953792196107,0.19907184091781419,-0.1877307301031894,0.18807221152286804,0.5415819352328048,-0.13525514617737627,-1.3408541474481626,0.10244773571997504,0.541581947583893,0.6577768537815675
3,Normal,25,0.4362274234649884,0.628892747021709,0.43593335393263377,0.002737092022043967,0.10420594759274356,0.0015682231543771336,2.7271073067923965,0.44807236073925866,2.2790349460531383,0.1966061825842449,0.6830725658548623,0.17965183255040265,3.802202047023378,0.207,0.8035,1.0105,0.25762289978125413,0.514,0.606,0.4045,1.4981458587149206,0.0,9.791678333536083,-3.9888422171716797,-0.012258777112001977,2.4547670226558806,1.0326180428270075,1.4390181482711015,0.7175851423388099,0.41778723199810924,0.5822127679614317,2.4716362811524837,-0.5550891204173861,0.40682803183430316,-0.36072592142824417,0.3649111871028646,0.6128598904316359,-0.06019636077621958,-1.5734420573711518,0.11142934567547333,0.6128599127612628,0.5084913019810884,0.004352239665852291,0.23887985400138576,0.002218130968954811,4.4482280881539475,0.7301783975408287,3.718049690613119,0.19638747684428637,1.3603568247847773,0.3070895335209151,4.429837802495938,0.165,0.796,0.961,0.207286432134763,0.5135,0.5765,0.3845,1.4993498045515345,0.0,10.866287290097944,-2.105591306605902,-0.002683625727531149,5.160682063746614,1.0248886779169006,1.2934598218444417,0.7923622060221387,0.44207705527369945,0.5579229446831666,2.318348552797449,-0.9669047547533031,0.19537003701157216,-0.20159360519939912,0.1442752559728255,0.530150576993472,-0.14296593310979427,-1.357909214395662,0.10365421826988847,0.5301505891215549,0.6474458701462039
3,Normal,26,0.4757201669053313,0.685814016503541,0.4754215161501543,0.002988884321383801,0.11379425378904419,0.0015045346302762414,3.0472007193859536,0.9123965674351554,2.134804151950798,0.42739122769583443,0.8820979012797557,0.2841352271789873,3.1045003103879107,0.2435,0.712,0.9555,0.341994381974439,0.5585,0.573,0.3825,1.49803921529463,0.141,10.843772277471544,-3.0911705325669345,-0.10921514132356216,3.5079825467008394,1.0121861522328912,1.3417026775263126,0.7544042127303576,0.4300059286544277,0.5699940713030893,2.3538889082785803,-0.955224596427969,0.3816278025682094,-0.4013491219151664,0.39606329176625693,0.6205098942102792,-0.27944031659655927,-1.2828472383202043,0.08978603922667167,0.620509914908814,0.5996010084847898,0.004358155681974119,0.2392041728442728,0.002223931281968374,4.4077720533513824,0.7432421060563915,3.6645299472949913,0.2028205845567563,1.3531234965820977,0.2858216932198592,4.734152544075217,0.1685,0.7955,0.964,0.2118164676037943,0.5195,0.578,0.386,1.4974093260369403,0.0,10.657600569428098,-2.0265655683546697,0.012679229805330539,5.258946828725067,1.0285693712033726,1.2848815887565515,0.8005168570581842,0.4446039224348764,0.5553960775218983,2.3134510128118344,-0.9344177433699034,0.22751713374833296,-0.22142773358023077,0.1638595979094829,0.5399613087643224,-0.132577108106034,-1.353757355392568,0.1045000816668606,0.5399613211000007,0.6550674134413554
3,Normal,27,0.5063798886406782,0.7300631989091482,0.5060780551816213,0.0032084543174461895,0.12214336908814706,0.0017277164092478294,3.2616953275029896,0.5181565072440524,2.7435388202589372,0.18886428848718165,0.9850940544514549,0.31173018332968805,3.160085570198391,0.158,0.791,0.949,0.1997471554741154,0.527,0.569,0.38,1.497368420658587,0.0,10.95533183524418,-2.549385390161774,0.037321276012463135,4.297244299387498,1.0241252926214606,1.3531318669014833,0.7568554976765897,0.4308012233661321,0.5691987765918026,2.377257233378751,-0.913125551736218,0.2634007277586723,-0.159421357927882,0.3109165627720254,0.5383296474835224,-0.2575192469428665,-1.0633872671228364,0.08076635401813347,0.5383296642081626,0.6078063756897145,0.004394762329116033,0.24120895549421356,0.0022465711394999113,4.4375261947195455,0.7049882152969071,3.7325379794226383,0.18887636754524584,1.3378061961186147,0.32277578430654036,4.1446919525835,0.164,0.797,0.961,0.20577164363792075,0.5175,0.5765,0.3845,1.4993498045515345,0.0,10.846455664465509,-1.9917478734409997,-0.01590035444171394,5.445697122890508,1.0128152877050245,1.2925599157604108,0.7835731831671645,0.43932774419479736,0.5606722557618258,2.3053752556922325,-1.0026628618850928,0.2622923568018384,-0.22859183502835834,0.20706747611969656,0.5377587037074243,-0.15320723593308055,-1.3294426130778905,0.10107700768943233,0.537758715890003,0.6350198333087278
3,Normal,28,0.45472877512231,0.6556601552083821,0.4544364170769902,0.002813931022964811,0.10711328875828814,0.0014467259578036936,3.047578258072262,0.4307369748443554,2.616841283227907,0.16460187233693277,0.8408730260308801,0.24852571604037896,3.383444735980222,0.1645,0.805,0.9695,0.2043478260615717,0.581,0.5815,0.388,1.4987113398199197,0.0,10.880430169951865,-3.2413594080809958,0.04766541476020978,3.356749067224793,1.026728344210976,1.403558417387384,0.731518069656837,0.4224720968703572,0.5775279030884956,2.430286847721583,-1.2269550234905824,0.45822093122067376,-0.3930835288841479,0.5282204282110077,0.6718374386467996,-0.40577434189062866,-1.1977345692632182,0.0960906726670199,0.6718374624550212,0.5614428245046802,0.004291752266849999,0.23555422500014012,0.002143514602700534,4.535774476549865,0.7410296457558005,3.7947448307940648,0.19527785892818766,1.34402676514789,0.3553694292659788,3.7820551068385178,0.1705,0.802,0.9725,0.2125935161829684,0.5515,0.5835,0.389,1.4999999996143958,0.0,10.659397359574484,-1.7960234837048148,0.007765451182642932,5.934998877070868,1.0293930157161473,1.2883662459195215,0.7989909848201268,0.4441328453349723,0.5558671546218827,2.317759315408856,-1.0072966477578946,0.1823265114062637,-0.16720168010705913,0.1378639540694423,0.5658985903082095,-0.1947423665748847,-1.2923416374169643,0.09884068410232524,0.5658986034373432,0.6170699851781957
3,Normal,29,0.444136757103042,0.6404002181069391,0.44385508752185016,0.002659655444685295,0.1012358759057291,0.0014222886020962674,2.6098051991968423,0.7032348218253801,1.906570377371462,0.3688480793234743,0.7545246803324153,0.23871203105482047,3.1608154674158686,0.232,0.7395,0.9715,0.3137254901536544,0.5655,0.5825,0.389,1.497429305527653,0.0,9.255875792647316,-3.7096834111524686,0.14431272356214883,2.4950581401560448,1.043358356602176,1.2576367061103733,0.8296182446408705,0.4534378945284913,0.5465621054280492,2.30099514899723,-0.7796959091073895,0.3118251605322485,-0.5850827199209506,0.6291116670848926,0.6235684027770205,-0.19066023090960227,-0.9415094226176013,0.0707662302037357,0.6235684261601218,0.6114927241276711,0.004153114420396938,0.22793851182907496,0.002037133768829188,3.9381696000312996,0.6411212991132769,3.2970483009180223,0.19445311095846526,1.2815485648339517,0.3334276617982825,3.8435580225641535,0.157,0.807,0.964,0.19454770753475245,0.5775,0.578,0.386,1.4974093260369403,0.0,11.260772346182023,-1.638823328674107,0.16444226520975325,6.871254605952824,1.0246808147591786,1.1790819699740456,0.8690496850654321,0.4649687442819415,0.5350312556726816,2.2037628375757436,-0.9577342588554739,0.1750231381985877,-0.1812317620699209,0.2089862419711775,0.5500623532578389,-0.15587117235329062,-0.9081685207642969,0.06828199246089181,0.5500623664474076,0.6971854480894911
3,Ischaemia,0,0.4960468157239858,0.7149148850940201,0.4958593345580951,0.001960243645685374,0.07434591009418848,0.0010568915084551737,1.8613171444297838,0.2806380760543889,1.580679068375395,0.17754272935686521,0.5631390449761826,0.10622564907715976,5.301347173101266,0.1635,0.819,0.9825,0.19963369960932434,0.612,0.5895,0.393,1.4999999996183206,0.0,10.946206856683943,-2.8001193686912984,0.20686983699193268,3.9091929360886466,1.0256804759762637,1.3663151988130569,0.750690965592875,0.4287969609408774,0.5712030390173165,2.391995796575548,-1.3665880199553933,0.8849034684626307,-0.5928304692211172,0.5470717609631678,0.5799660767009598,-0.20536830490747757,-1.1340520533904335,0.07955675577925418,0.5837295503854978,0.6464929224779878,0.0027419258083234473,0.14987679141527707,0.0013653449620100425,2.905980109205675,0.39128563695447216,2.514694472251203,0.1555996727461789,0.9000947695856876,0.19824533115626614,4.540307526446413,0.143,0.8225,0.9655,0.17386018234968265,0.565,0.579,0.3865,1.4980595080212005,0.0,12.298038976426028,-2.032316708197868,0.030575779460124908,6.0512413868437065,1.0209734160199089,1.332223508666786,0.766367962508787,0.4338665435373434,0.5661334564201614,2.3531970102741533,-0.9777536435137576,0.36855736234943437,-0.3287460476054208,0.20738484039386576,0.5652013085464154,-0.24905543694484236,-1.3347970930762336,0.09971639818699951,0.5652013291031921,0.6565243484461953
3,Ischaemia,1,0.42539594414437837,0.6130677776867954,0.42520994208051616,0.0017057174920756283,0.06469328858555733,0.0009044554008026684,1.8033879499354115,0.4493574724320661,1.3540304775033454,0.33186658636180455,0.5040454447624054,0.21891849224551507,2.3024342958057633,0.2305,0.768,0.9985,0.3001302082942539,0.7105,0.599,0.3995,1.4993742173969025,0.149,10.24768670841297,-5.975628340157726,-0.17393067892202008,1.7149136667979241,0.9322698002455777,2.132184022176377,0.4372370257470842,0.30422054115938585,0.6957794588079818,3.064454001773268,-1.0897777231088166,0.37735654290734405,-0.41071073577346434,0.4766537548104474,0.45609416066067354,-0.22090806169864727,-1.3252327125774919,0.08823283328903755,0.6665696488912057,0.5640064173729717,0.002782265669229592,0.15207781179163912,0.0014865816344675057,2.815601283438167,0.44984145064337205,2.3657598327947946,0.19014671074744574,0.900317255783129,0.16537835219939012,5.443984918614098,0.1585,0.817,0.9755,0.19400244795667046,0.5305,0.585,0.3905,1.4980793850196978,0.0,11.338972705803826,-2.161340578254169,0.023195891999684484,5.246268366662647,1.0258441623390833,1.2932516135892789,0.7932285964156981,0.44234661325455205,0.5576533867023276,2.3190958590492325,-0.8778455614305533,0.24093758897937365,-0.23929676126815055,0.19332275596653745,0.5231523994085947,-0.1405423826303572,-1.3748024836075532,0.1021109750186652,0.5231524181593867,0.6866129400875558
3,Ischaemia,2,0.49255970252987025,0.7098905104811588,0.49237016494122526,0.0019682565272780067,0.07464453661137592,0.0011669553434939485,2.03219857675754,0.29395721062601143,1.7382413661315286,0.16911184852498626,0.6709723932983599,0.21977085200788088,3.053054519572931,0.1385,0.8215,0.96,0.16859403528075545,0.6465,0.576,0.384,1.499999999609375,0.0,12.51911067088082,-5.757012473733653,0.0378867998985569,2.174584600568742,1.0195560415216172,2.0823673557277615,0.48961391882573646,0.3286851127248458,0.6713148872429162,3.101923554536702,-0.968847037198214,0.2222268273817883,-0.36249872785056575,0.47082873036255535,0.37743727846670927,-0.039049789844101,-0.8977086431072245,0.07324047492290128,0.6217525999048109,0.7070807935070929,0.002772619759284971,0.15154413018593046,0.001481942977096942,2.8231207883754865,0.4458967542587243,2.3772240341167623,0.18757035426222943,0.8886548404982648,0.18045706839969405,4.924466788064727,0.1605,0.8205,0.981,0.1956124314204007,0.5425,0.5885,0.3925,1.4993630569428373,0.0,11.230090471973426,-2.287170264446047,-0.02128122230504262,4.910036933434141,1.0071564961000838,1.3151329176545588,0.7658210683523077,0.43369120579521536,0.5663087941617236,2.3222894972803614,-0.9669205139185764,0.2092933967088622,-0.2656856586687241,0.2949345449546122,0.532854151487812,-0.1261384928964614,-1.3881227141541537,0.10362081908366265,0.5328541706529625,0.6728499225314081
3,Ischaemia,3,0.4723253648299681,0.6806669780083292,0.4721321133801602,0.0019297825382271316,0.07318885849357468,0.0011351345522477424,1.7742388804548055,0.5799019682359485,1.1943369122188567,0.485543034176214,0.5127113540155495,0.12444041811332952,4.1201352532953,0.2665,0.731,0.9975,0.3645690833974598,0.475,0.5985,0.399,1.49999999962406,0.1445,8.442326152056467,-5.41024312536797,0.0827100194913691,1.5604337838932572,1.0820311947020846,1.5728326851114516,0.6879506033132929,0.40756560172016215,0.5924343982421713,2.6548640171212643,-0.8389240041707511,0.7830749195986019,-1.1973201993917557,0.9415909279556282,0.404246408092557,0.04747794503914282,-1.1484613613088983,0.07228163602091772,0.44876585035169614,0.6469940437691144,0.0028351345555312356,0.15495431585691744,0.0015169167238823257,2.9089096105269157,0.4249936624956206,2.483915948031295,0.17109824622501932,0.9275196331341135,0.20530188963672877,4.5178329060854185,0.1495,0.825,0.9745,0.18121212119015612,0.5365,0.5845,0.39,1.4987179483336621,0.0,11.86365147445622,-1.9941171775005273,-0.009945341486844936,5.949325148851815,1.0136897179817725,1.3112291550440374,0.773083571246873,0.43601079147285937,0.5639892084841285,2.324918954797146,-0.9663772899963602,0.28409917262124845,-0.22850450444244294,0.20135614978727254,0.5310261639524979,-0.1314509309928182,-1.3569800606679894,0.09960186489399094,0.531026182629588,0.6784867340353204
3,Ischaemia,4,0.4057152793453133,0.5846994416278812,0.40553058069406417,0.0016378484618295116,0.06211326854400318,0.0010129200165978158,1.6608753149385431,0.24821851530631212,1.4126567996322312,0.1757104169628192,0.46363289335548186,0.21692151024833425,2.1373301919711722,0.1465,0.718,0.8645,0.204038997186067,0.531,0.5185,0.346,1.4985549128616893,0.0,11.94780023637037,-6.838170816255172,-0.03836845928379612,1.7472216704201449,0.9903160266105381,1.3977414411732783,0.7085116011931403,0.41469522401741415,0.5853047759407107,2.3880576133495537,-0.8797085029912763,0.32916484082796804,-0.4133596776346318,0.3229907407356291,0.5646444767625518,-0.3183499345683184,-0.8461804563916617,0.07709654606217708,0.5646445111808566,0.5592051974946151,0.0028011800367032658,0.1530956994916261,0.0014829385733705937,2.9082063424486497,0.43993317511103264,2.4682731673376166,0.1782352054524579,0.9259422772132662,0.1868763000964373,4.954840588346145,0.1535,0.8245,0.978,0.18617343842496378,0.519,0.5865,0.3915,1.498084290805087,0.0,11.715291952178859,-2.3199331353788466,0.007339152107431537,5.049840347989495,1.024405993805336,1.3215191958620682,0.7751729955459078,0.43667462128530393,0.563325378672069,2.3459252731805593,-0.8900730664849488,0.1959731465511986,-0.2240049755772222,0.20407355308800143,0.5117891830086936,-0.1595087846385991,-1.3920847520053485,0.10299758406604811,0.5117892012279999,0.6742311782296433
3,Ischaemia,5,0.4187992005672754,0.6035323927678329,0.4186102111620898,0.0017136046674116347,0.06498581591960534,0.001045976555297071,1.7962138565865347,0.288343604339186,1.5078702522473486,0.19122573967508977,0.3252518581553501,0.15118057821850434,2.151412977598986,0.2585,0.8215,1.08,0.3146682896756338,0.582,0.648,0.432,1.4999999996527777,0.0635,12.130963041854272,-6.401602719524078,-0.023061378902027706,1.8949884229252265,1.2951654492614193,1.8521523189624771,0.6992758834851155,0.4115140397631852,0.5884859602050416,3.1473179515756677,-0.8062981923240843,0.8332401413996868,-0.5549047679640348,0.32561424486756324,0.5414788043285772,0.012680083975628793,-1.557966010439939,0.10376292489126517,0.7058975160526157,0.3842009504958133,0.002839291855072948,0.15517176642768443,0.0015410284500055626,2.877448627151315,0.4158809817997145,2.4615676453516,0.16894964579509528,0.922777379038719,0.17577090894820963,5.249886821633402,0.1475,0.8255,0.973,0.178679588106762,0.5375,0.5835,0.3895,1.49807445404414,0.0,12.023000596599502,-1.9742057511474513,0.004513455342422296,6.090044357839839,1.022660912587111,1.3107854571362028,0.7801893947949318,0.43826201699443634,0.5617379829627086,2.333446451674066,-1.1191263964040137,0.2268878407864208,-0.2698632760253227,0.21455319583836685,0.5453937136706276,-0.17450331595525953,-1.3631089753764245,0.1007798446786736,0.5453937328248819,0.681631682388291
3,Ischaemia,6,0.4154662827436476,0.598749196152565,0.4152756661123819,0.0017186062392843468,0.06517138380578652,0.0009958430765524484,1.8106047193568156,0.21485553100330146,1.595749188353514,0.13464241909565003,0.4962037124800517,0.17961950373269203,2.7625269076694723,0.1275,0.7515,0.879,0.1696606786201383,0.5485,0.527,0.352,1.4971590904837617,0.0,12.661018284500358,-5.2036149069138276,-0.03644126974953693,2.4331197659217394,0.9842405568110894,1.706860047760242,0.5766381127995558,0.36573904190077516,0.6342609580620654,2.6911007608884447,-0.8836531517136589,0.5108476722178393,-0.4150138495211415,0.3260026049031659,0.7886235944673092,-0.5112844147188773,-1.1987165728335827,0.08879598452885416,0.7886236402758396,0.536421188509207,0.0028703273264545906,0.15686322177495624,0.0015402677645828325,2.9104710825786135,0.4263116657731475,2.4841594168054666,0.17161204022252594,0.9114237032072526,0.19491585580576856,4.675985434698948,0.154,0.8255,0.9795,0.18655360385383965,0.5385,0.5875,0.392,1.4987244894135907,0.0,11.466621603337217,-2.1203247330575437,-0.015736952137259855,5.40795540608601,1.0090673142847721,1.319133759451398,0.7649469259492903,0.43341072453941226,0.5665892754176362,2.3282011546160875,-1.152195461006611,0.28458745309419725,-0.23366421459134565,0.22500277633104643,0.5306111818602339,-0.14013651503564484,-1.3759594889995164,0.10032791982198326,0.5306112002932589,0.663180663573701
3,Ischaemia,7,0.43297442211012327,0.6239307121795723,0.43278335102643645,0.001775817312945877,0.06734323464973964,0.0010530158812914424,1.8998605264596762,0.3269133194153209,1.572947207044355,0.20783489613031805,0.42104657736155005,0.12773175320281002,3.296334438965908,0.2405,0.8315,1.072,0.28923631986900344,0.5905,0.643,0.429,1.4988344984851203,0.074,11.253185093187085,-6.866597198967099,0.03440776049018247,1.6388299425392172,1.1323122119240505,1.7925859231963401,0.6316641212053427,0.38712876810622027,0.6128712318595907,2.924898299535053,-0.6780546334310467,0.8552065301803954,-0.2912706473777645,0.5151461095129639,0.6204149684538766,0.0009351468309354366,-1.5078610103520649,0.10263029849585796,0.6542441704100784,0.46420777028724,0.0028461770127477092,0.15553627854197108,0.0015017495154546457,2.973386612696892,0.41121293405395776,2.5621736786429343,0.1604937781796701,0.9504835129525024,0.20668428105387096,4.598721816899529,0.1445,0.834,0.9785,0.1732613908665154,0.542,0.587,0.3915,1.4993614300129343,0.0,12.197582921764251,-2.0225712394705795,-0.0051312215724900094,6.030730924639258,1.0166892411256812,1.3268003344815726,0.7662714687559301,0.43383561491578193,0.5661643850415469,2.343489657711057,-0.9889706379719928,0.2855391028647162,-0.29043720501095055,0.21062862357076387,0.551182760149806,-0.16420725923551413,-1.3830926344109595,0.10073568008660835,0.5511827794604109,0.6804101024316279
3,Ischaemia,8,0.4494962331200688,0.6477070262773675,0.44930375905534703,0.0018425075903710675,0.06987273912251601,0.0011742285016046196,1.7991303117595594,0.5332200506893634,1.265910261070196,0.42121473144270083,0.5533800529672265,0.14567874184733648,3.798632838051799,0.23,0.7145,0.9445,0.3219034289262556,0.4225,0.5665,0.378,1.498677248280773,0.1205,11.478653644162307,-4.408971708822037,-0.006272209904934982,2.603476366367694,1.0839696506876044,1.5843007133507667,0.6841943839857328,0.4062443091435512,0.5937556908189713,2.668270508588878,-0.8147903244552156,0.6130753237653894,-0.3253585621427356,0.3490986618173992,0.4807496343107476,-0.09334580457397015,-1.2620534926231923,0.0891086099298527,0.4807496603548112,0.660269731193528,0.0028446619395037223,0.15544676346090966,0.0015001868906645592,2.912432612057904,0.4128330238122947,2.4995995882456095,0.16515966226636053,0.9479946342888658,0.1836877588877816,5.160902607298528,0.1435,0.8285,0.972,0.1732045865813875,0.5335,0.583,0.389,1.4987146525710244,0.0,12.313420967933155,-2.3289713580542184,0.024460688120148313,5.28706414736329,1.0210357763134512,1.3045638061044595,0.7826644978631486,0.43904195029480647,0.5609580496621939,2.32559966393846,-0.9421049568196291,0.22575151199815394,-0.18781754482805046,0.183682446125918,0.5482816406290407,-0.16051013102386338,-1.3779646406742272,0.10084554715198821,0.5482816598482653,0.6983779519485138
3,Ischaemia,9,0.47255852182704133,0.6809707929262823,0.4723674472044943,0.0019091982662367759,0.07239696256865204,0.0012408974805936093,1.7301417042565614,0.4686836414312189,1.2614580628253425,0.3715411991932048,0.5437205129420398,0.10764965888144867,5.0508335844866865,0.232,0.779,1.011,0.29781771498102466,0.5315,0.6065,0.4045,1.4993819526577548,0.0,8.590050769274058,-4.86161243795766,0.060794833008432934,1.7669139362137234,1.0527643321416922,1.559432336569215,0.6750945888362729,0.4030187867213378,0.5969812132403801,2.612196805271343,-1.0012505631372155,0.23731825263010214,-0.9221022063613716,0.9588148333817897,0.5110361316615724,0.23034311458861392,-1.099425026438198,0.08416350842324448,0.5209567568493034,0.712658336133585,0.002803641827185347,0.15320209984141117,0.0014848587317001804,2.885549417845441,0.4172065701334615,2.4683428477119804,0.16902294205332416,0.9068029245377249,0.18869225096569903,4.805724238363098,0.15,0.8225,0.9725,0.18237082064652024,0.546,0.5835,0.389,1.4999999996143958,0.0,11.752116956681732,-2.008312999522559,-0.015356345427538628,5.851735739842553,1.0085244752271607,1.3120871157606335,0.7686413981480507,0.43459425916010863,0.5654057407967995,2.320611673527061,-1.027999850184974,0.2459112645462176,-0.3035145936211738,0.20055778253628215,0.550783206548954,-0.1872898003653892,-1.3602338676443169,0.10235495103336693,0.5507832261391528,0.6639708667681795
3,Ischaemia,10,0.43563742734294814,0.6277191951933345,0.43544833742213757,0.0017657704146966401,0.0669597801235968,0.0010916817884389295,1.7131989584550325,0.19953459663214165,1.5136643618228907,0.13182222007173502,0.54171703384196,0.122652338212737,4.416687372569274,0.1235,0.8475,0.971,0.14572271384711236,0.6175,0.5825,0.3885,1.4993564989705646,0.0,12.764590682937637,-5.988553372905585,-0.07179819379194685,2.131498191278746,0.9466449626460786,2.434758423419532,0.3888044717297533,0.27995623548468135,0.7200437644857451,3.3814035772248108,-1.05210535529954,0.5955265531837288,-0.524803466111549,0.9879563592685245,0.4721906788320812,-0.22613435529464948,-1.3078956275361644,0.08617784436442494,0.5116749327352442,0.6567636773398029,0.0028129940353040688,0.15370528692749347,0.0014843187270823636,2.936923613374374,0.42420116873126196,2.5127224446431127,0.16882133942757455,0.91339201445624,0.19510088895635533,4.68163942703718,0.152,0.8225,0.9745,0.18480243158847387,0.5395,0.5845,0.39,1.4987179483336621,0.0,11.785680580834025,-2.0723890236611737,-0.0035652426099822064,5.687002027951404,1.0208628216223847,1.3154342232530223,0.7760652744918104,0.436957630802093,0.5630423691551042,2.3362971276955276,-0.9420273637790054,0.2729953723813235,-0.2577629337816155,0.20099287180797826,0.5370295914356894,-0.18669605709797965,-1.3575006569856152,0.1037451849145238,0.5370296104730184,0.6567404931830475
3,Ischaemia,11,0.4866815676885283,0.7013845246971712,0.48649159187170987,0.0019507761985288205,0.0739605895767503,0.0012766490070448867,1.693327718859594,0.2604799160870908,1.4328478027725033,0.18179175454985058,0.5790304458977884,0.06226624341494569,9.29926735918804,0.1415,0.841,0.9825,0.16825208083611745,0.524,0.5895,0.393,1.4999999996183206,0.0,11.894094389741781,-5.492311249077943,0.07975773758069238,2.1655900130426913,1.01947951974315,1.7758997072757337,0.5740636791081215,0.36470168693136423,0.6352983130328624,2.7953793700350875,-1.1027681531163835,0.5362483832429475,-0.640866096722301,0.4841351200129534,0.5310446953566549,-0.14832272859804463,-1.1435584676106574,0.07511799742114826,0.5310447225257758,0.6955170786287154,0.0027813218850710067,0.15196915112271447,0.0014526153731615368,2.9522930965368426,0.4376019050895832,2.5146911914472594,0.17401814845517152,0.9246755933194258,0.19975725418879642,4.628996311606227,0.155,0.8255,0.9805,0.1877649908918516,0.5335,0.588,0.3925,1.4980891715928433,0.0,11.751739465050775,-2.1901916144756797,0.0016632951447495194,5.365621613580836,1.0254791562048835,1.3298428604037116,0.7711280683316654,0.43538809085558583,0.5646119091019571,2.3553221010566094,-0.9281482594640548,0.24444433597587462,-0.28259190055709105,0.2593870846156825,0.5355887197184156,-0.1521211975844296,-1.3693369985735426,0.10571052651817517,0.5355887389214815,0.6691627615177788
3,Ischaemia,12,0.39511903019179834,0.5694277136424005,0.39493689868462634,0.001587295746444969,0.060177646292238686,0.0009094394713166871,1.6559928944234423,0.5569085593013134,1.0990843351221287,0.5067022988629534,0.4074532274508821,0.21473840014418294,1.8974399873872563,0.266,0.5985,0.8645,0.4444444443701847,0.6275,0.5185,0.346,1.4985549128616893,0.182,10.017400731975329,-4.873521749844372,-0.09827479432802379,2.055474715402608,1.0293198037971594,1.3017260019288925,0.7907346109648603,0.44156996024039935,0.5584300397167015,2.331045952349373,-0.7855246063191081,0.25258264852640666,-0.4055920794088377,0.46504684733243806,0.746184285316504,-0.6116428675405505,-0.6343676713267037,0.08417861049010258,0.7461843322516686,0.4772517415379663,0.0027875279890205978,0.15230256642113782,0.0014632823624148462,2.870385492765054,0.40832408379145263,2.4620614089736015,0.16584642539240826,0.9258291014795188,0.17161368964980758,5.394844099146565,0.1455,0.8255,0.971,0.17625681403073812,0.5295,0.5825,0.3885,1.4993564989705646,0.0,12.236401924450092,-1.9735308560572093,0.02455065282606666,6.200258732349586,1.0219108018728982,1.3093690374922318,0.7804604909186383,0.43834754823228655,0.5616524517248187,2.3312799227645193,-0.9542806134903139,0.3019542219833422,-0.2536112162263015,0.20896965064354375,0.5366573866845192,-0.18041494400130553,-1.3811619558731794,0.10401912012306198,0.5366574058829431,0.6930536820428046
3,Ischaemia,13,0.41159960040014393,0.5931623478502638,0.41141205166467565,0.0016802344064265056,0.0637017998492843,0.0008910471247446075,1.6934735466001103,0.32176501815191855,1.3717085284481918,0.2345724411967262,0.19861424146222517,0.16370360211389368,1.2132551683420965,0.284,0.7035,0.9875,0.40369580662349736,0.5205,0.5925,0.395,1.499999999620253,0.065,9.990058676085937,-3.852568008603839,0.03698035100979074,2.5930908042417657,1.1482712152039245,1.408759596412516,0.8150938017008375,0.4490642857890056,0.5509357141718866,2.5570309635437187,-0.5638879762936864,0.9612656978172194,-0.898001094955809,0.8660600231191206,0.7289413991986997,-0.11140849621667753,-1.5488771262915193,0.12208351088807118,0.7289414425091214,0.27023232119462365,0.0028326719543136348,0.1547664178252217,0.0014734228407111204,2.9056212576989178,0.4272724306221436,2.4783488270767746,0.17240205492334726,0.8917884404618941,0.20788632856888886,4.28978878107127,0.1545,0.8185,0.973,0.18875992667211242,0.5405,0.5835,0.3895,1.49807445404414,0.0,11.340013734302033,-2.1497754359694454,-0.03676857906753093,5.274975955179586,0.990108045625175,1.3141471210128384,0.7534225275985367,0.4296868072240487,0.5703131927325532,2.3042552477532294,-0.9890331328311592,0.2637773951397153,-0.23724741937291358,0.2477985121294314,0.5461834707826354,-0.19279641802878383,-1.3364759338060757,0.09949170523543505,0.5461834900095816,0.6425898873254922
3,Ischaemia,14,0.45170429096440573,0.650897673112395,0.4515119335595499,0.0018491976427901043,0.07011154285805025,0.0012543333385410319,1.6717389106964502,0.24800195859657587,1.4237369520998742,0.1741908561222478,0.3987706217846141,0.13536040418972245,2.945991657435465,0.2275,0.8595,1.087,0.26468877251138,0.54,0.652,0.435,1.4988505743680804,0.0535,12.272226734969422,-4.224193553617511,0.03903897296668612,2.9052235838410443,1.0971248351909202,1.5787205646561433,0.6949455525464617,0.41001054665289133,0.5899894533097372,2.6758455442825295,-0.31170812574157014,0.6311518438915174,-0.4594847193716567,0.5060012683743823,0.5652780581221902,0.10467379144073828,-1.1702444901197173,0.08131439405363891,0.5692057418947293,0.5019402598646423,0.0028409958340426013,0.1552155685529228,0.0014816270632305915,2.9316799175071204,0.42165628002779004,2.51002363747933,0.16798896779889924,0.928021312709329,0.18313075613118823,5.067533885666778,0.1495,0.8285,0.978,0.18044659020151518,0.539,0.5865,0.3915,1.498084290805087,0.0,11.832680927141894,-2.0882143733342104,0.029261581856529363,5.666411014920008,1.0228195272331937,1.3118257529969637,0.7796916052444596,0.4381048957846608,0.5618951041725062,2.3346453621736973,-0.9782216763275605,0.3008278387167942,-0.2817092588037691,0.18363699725758248,0.5405024267421472,-0.18130732458285048,-1.37938872706215,0.10027070323428607,0.5405024457132015,0.6718811382177846
3,Ischaemia,15,0.4177731734984851,0.6019807631489034,0.417592099752217,0.0016393582642584494,0.06215575938456582,0.0009829303286172982,1.6694276691527845,0.4317318072608387,1.2376958618919458,0.34881897929755556,0.4940023086902152,0.21771271180195373,2.269055878155097,0.2175,0.7365,0.954,0.2953156822409619,0.726,0.572,0.382,1.4973821985608946,0.0,10.965066871103772,-5.531105307036626,-0.08950977533050031,1.9824368299326833,0.9681982849674126,2.0812057193452165,0.465210274948458,0.31750410361053655,0.6824958963566701,3.0494041900197444,-0.7321010274104899,0.4440354832960807,-0.19933433700364894,0.5478331392348925,0.6549295812533521,-0.3478085020857227,-0.9832344018480264,0.07709022164315944,0.6549296211382224,0.5987290031101966,0.0027232734074176196,0.14877871330342943,0.0014450526391768057,2.829086658790232,0.4087591309471656,2.4203275278430665,0.16888587442318298,0.9030103111882503,0.1706413278890816,5.2918617185517265,0.1495,0.8255,0.975,0.1811023621827859,0.5325,0.585,0.39,1.4999999996153845,0.0,11.959576009704676,-2.1757228158950284,0.007815419541856883,5.496828879939459,1.023170287923628,1.3304297135686873,0.7690524928988656,0.4347256488916586,0.5652743510658533,2.353600087682358,-1.0129221812788347,0.3079726430913827,-0.31367036239472074,0.19936103445692716,0.5413962554360304,-0.1719127307284708,-1.370349703181274,0.10759376714898447,0.5413962752622398,0.6894336816736885
3,Ischaemia,16,0.4302214049339211,0.6199167155241535,0.43003348812626635,0.0017385186215634256,0.06591224333450825,0.0008261392375957803,1.8105717920919164,0.8295045809068005,0.9810672111851162,0.8455124902403156,0.46258578423977365,0.1962425517928391,2.3572144765645673,0.369,0.5925,0.9615,0.6227848100214709,0.5405,0.5765,0.385,1.4974025970136615,0.152,9.271529451176661,-4.094958002044677,-0.03229047771222063,2.2641329767779856,1.3818549205352921,1.3338173550765524,1.0360150999477595,0.508844507083637,0.49115549287953986,2.715672431546385,-0.8882917203638203,0.44900652020010084,-0.48063563394734304,0.5530078127496606,0.671886088591412,-0.2859579661307234,-1.1543861757576266,0.0789203931622611,0.6718861271712692,0.4734704595541188,0.002804438912575212,0.15320539209646256,0.00145705752114937,2.906599094062373,0.44339721643046126,2.463201877631912,0.18000847613786994,0.9045763805808378,0.22013256391559766,4.109234745099972,0.157,0.818,0.975,0.19193154031883478,0.5435,0.585,0.39,1.4999999996153845,0.0,11.374086455387555,-2.0168596966720997,-0.03286707941317351,5.639503071825625,0.9953950994550413,1.3254774621056673,0.75097097297954,0.428888305156567,0.5711116948003457,2.32087264408573,-0.9269283971182234,0.22755632042424417,-0.2165425313110422,0.2862929103089573,0.5627505963224199,-0.16333573609809798,-1.3174936834872084,0.09968238951316967,0.5627506163325686,0.6579811532615049
3,Ischaemia,17,0.4180147641159499,0.6022087275003319,0.417824964548029,0.0017188326465889356,0.06517628593174918,0.0010072796153966137,1.7545197998346316,0.5184852254053176,1.2360345744293137,0.41947469438932045,0.5083814156727671,0.11074306517907864,4.590638830446113,0.2525,0.749,1.0015,0.3371161548281554,0.5935,0.6005,0.401,1.497506234040522,0.0,9.384938874524948,-5.98430326136031,0.08000411645606013,1.5682592382918115,1.0605472615598668,1.6768811013571736,0.63245227144505,0.3874246631941049,0.6125753367693645,2.737428521904199,-0.9195292548566089,0.6066704013426707,-0.6561853413480406,0.42708288625284785,0.6344451784079008,-0.25724435496399356,-1.3676249288955138,0.0905786499147699,0.6750027190175714,0.6192742278259387,0.0028542140089909533,0.1559186118422214,0.0015067870877672864,2.945944403411601,0.4473084429613414,2.49863596045026,0.1790210538964761,0.9253295413794028,0.2052722854556558,4.507815260470302,0.1555,0.82,0.9755,0.1896341463183373,0.544,0.585,0.3905,1.4980793850196978,0.0,11.497224612731657,-1.8566295810023803,0.016082634897705624,6.19252473932099,1.0247283370891334,1.2947896743277751,0.791424551282436,0.4417850312009372,0.5582149687559503,2.319518092451393,-0.9502121388827915,0.2565825044972087,-0.17729869524932812,0.20617664924174495,0.5538124769384783,-0.17290226955278135,-1.3224846307775795,0.0976410481244824,0.553812496286424,0.666902901197546
3,Ischaemia,18,0.4730226801713429,0.6815638467759885,0.4728330466580634,0.0018968818075003656,0.07191455413291796,0.0012186607698010052,1.753975510011795,0.2375886462487244,1.5163868637630706,0.15668075997668268,0.5710689389459278,0.14911341060274397,3.82976243554879,0.138,0.85,0.988,0.16235294115737026,0.567,0.5925,0.3955,1.498103665866472,0.0,12.021677675902538,-4.256818336858714,-0.05621075183686881,2.8240992977143184,0.9651444263733502,1.7196276071429293,0.5612519956694354,0.3594884088066649,0.6405115911560879,2.684772174783876,-1.059154757185095,0.4058243949958706,-0.27889771400315033,0.35082880827576235,0.561061965409419,-0.07666929567684205,-1.2645412589328506,0.07579016516956535,0.565288522700338,0.6637373043721917,0.0027831313945374725,0.15203192662017723,0.0014398026689455153,2.94315516655932,0.4407709730018783,2.5023841935574422,0.17614040806326184,0.904129098711318,0.2158561671158532,4.188572003167281,0.157,0.8225,0.9795,0.19088145894335787,0.541,0.5875,0.392,1.4987244894135907,0.0,11.430793543419725,-2.0426154381095785,-0.014880344591554056,5.596155463036744,1.0120524075534314,1.3111119274417233,0.7719038979768758,0.4356353066654575,0.5643646932914979,2.3231644182358764,-0.9732407583895686,0.24995768767854845,-0.21445134722877154,0.1753534494970196,0.5585800980915404,-0.19936442000468915,-1.3434751641053364,0.1010483631536621,0.5585801181058846,0.6430341961186142
3,Ischaemia,19,0.4568683005314352,0.6582794797845579,0.45667712644389885,0.0018554704325932268,0.07034281014283353,0.0011171966015543044,1.7040378878023428,0.6906857876710415,1.0133521001313015,0.6815851938466302,0.4946213903426512,0.18729421258496443,2.6408791988390057,0.273,0.583,0.856,0.46826758139480834,0.531,0.5135,0.3425,1.4992700725549573,0.1155,13.853816126281117,-5.518861519106281,0.0572773174873206,2.5102670320804794,1.573859145569966,1.3751609754522265,1.144490844017696,0.5336888461008752,0.4663111538652153,2.9490202796638094,-0.9597692579350475,0.6719738414073997,-0.6512482226404434,0.39182744564985855,0.6466752581165066,-0.2500396173199259,-0.6640674053115339,0.06866828485916027,0.6468675202502197,0.5863761798576024,0.0028186665751339206,0.15396735884531976,0.001475287849144496,2.912525105437123,0.419608727309581,2.492916378127542,0.16832041819546387,0.9311867693557052,0.18470809125991522,5.04139673849604,0.1495,0.8315,0.981,0.17979555018883997,0.539,0.5885,0.3925,1.4993630569428373,0.0,11.876126564492836,-1.933602864415917,0.027567777610855198,6.141967816884703,1.02282254080173,1.3130611523250475,0.7789603240585666,0.43787391631165007,0.5621260836455396,2.3358837757651294,-1.0644615449708124,0.33598600616279284,-0.34173860877606976,0.20090861907051552,0.5472436773598336,-0.1664487261538952,-1.36478723030958,0.1001421513634811,0.5472436967200937,0.686693823558198
3,Ischaemia,20,0.4153292068762255,0.5983365188331504,0.41514595724002534,0.0016520529716410961,0.0626393635146057,0.001064654838226765,1.6375833482212443,0.28515855257668166,1.3524247956445625,0.21084984057815265,0.36848995662720246,0.14646159903527234,2.515949291847238,0.2455,0.8435,1.089,0.2910491997283878,0.609,0.653,0.436,1.497706421674838,0.0,9.986793237070856,-6.757992572801527,0.05238713929583111,1.477775112851752,1.0699971177200247,2.2115606534396615,0.4838199287039521,0.32606377589667934,0.6739362240728475,3.281557969466672,-0.4248688262552338,0.44341517472963166,-0.8190326649762096,0.7287164970251194,0.4731187868418859,0.04747879342485794,-1.1801029154325395,0.08419131221569423,0.5726610428014218,0.464165734773301,0.0027610765176579984,0.15081857553768085,0.0014622262407455616,2.8678700453229466,0.40276572659896864,2.4651043187239776,0.16338688935935794,0.9118700687517831,0.1909692032676911,4.774958750789117,0.147,0.8315,0.9785,0.17678893563718712,0.5345,0.587,0.3915,1.4993614300129343,0.0,11.899293682782343,-2.153962860508585,-0.011685332681836993,5.524372727308906,1.0108260303959378,1.3375213314334333,0.7557457264902475,0.43044144438898363,0.5695585555684333,2.3483474466464114,-1.057964264264249,0.36107165693255105,-0.2930493958747108,0.25415812364557644,0.5371097716793998,-0.16318327610876568,-1.3765858733822465,0.10253104672510349,0.5371097910786002,0.6792740204182286
3,Ischaemia,21,0.39451281127368665,0.5683326455598633,0.39432807085216426,0.0016082706271815217,0.060978075143055185,0.0009258143181795664,1.6140716998508453,0.343340134302228,1.2707315655486173,0.27019092275950307,0.46060384061968074,0.12483112678258688,3.689815610275741,0.199,0.7655,0.9645,0.25996080989419196,0.648,0.5785,0.386,1.4987046628241698,0.0,9.155764449248409,-6.075349557926643,-0.12203245522139126,1.5070350046199361,0.9177100746656905,1.7477503204885314,0.5250807646006691,0.3442970213699846,0.6557029785924984,2.6654605606222455,-0.691376434588529,0.39759773491602496,-0.403724513948761,0.4275445436922058,0.5778202209812197,-0.47936983900044183,-1.1493869124173095,0.08555142931685501,0.6306492794333055,0.5607986232213501,0.0028298050145684544,0.1545655032089843,0.0015308464419213613,2.876458086916859,0.42292181042716903,2.4535362764896904,0.17237234862286696,0.918000350343262,0.19407889914314982,4.730036876359002,0.1485,0.82,0.9685,0.1810975609535247,0.526,0.581,0.3875,1.4993548383227469,0.0,11.830080088222758,-1.8374987252913115,0.005263037058225924,6.438143289434629,1.0222677038164312,1.3055907413587637,0.7829924580150056,0.43914513182333165,0.5608548681337105,2.3278585272045587,-1.0737246151428395,0.2388921807757878,-0.2556289683450289,0.17385853399416923,0.5304183514398869,-0.17747108016432364,-1.3368617432540781,0.09818917893830593,0.5304183701308345,0.6757995399470605
3,Ischaemia,22,0.433259810583582,0.6241870206878136,0.43307783816877976,0.0016926025652678788,0.06417053659896443,0.000990117346107214,1.856454515314082,0.2078563881443302,1.6485981271697514,0.1260806892268899,0.5335731929299077,0.2192242655042242,2.4339148381192084,0.1275,0.82,0.9475,0.15548780485908686,0.509,0.5685,0.379,1.4999999996042217,0.0,12.832476238276058,-4.231081437536318,-0.012489260435131024,3.032906935831726,1.003715381971848,1.7412633416235894,0.5764293992305153,0.3656550680365903,0.6343449319269795,2.74497888549597,-1.1534504034330852,0.7523515981298516,-0.5393460123077506,0.2977804652925979,0.509973340646864,-0.3047701527931371,-1.0034492323565292,0.08289278254464555,0.509973370725405,0.59281612629282,0.0027116912828210344,0.14811097336459464,0.001427092674615782,2.856157034890286,0.41731266281875323,2.4388443720715327,0.17111082100215377,0.8843156104234151,0.18691839893310266,4.731024955262995,0.155,0.824,0.979,0.18810679609367637,0.549,0.587,0.392,1.4974489792098342,0.0,11.595544867838896,-1.995441195557504,0.00631492862249707,5.8110180811507846,1.0246376626014757,1.3189372417538152,0.7768661237901733,0.43721139898433453,0.5627886009729958,2.343574990545775,-1.0490489381064874,0.33292463864788335,-0.2662993783076706,0.20879092008396613,0.542735664374051,-0.20161327268127535,-1.342663118910247,0.10473236913492405,0.5427356843344328,0.6560424159128903
3,Ischaemia,23,0.41001254665513603,0.5907196691171277,0.4098274536552825,0.0016538992041048393,0.06269909271441769,0.0009513894456555041,1.8766877085752376,0.3400621959128888,1.536625512662349,0.22130453587326454,0.5243323523721025,0.17531115491010385,2.9908670235039136,0.197,0.823,1.02,0.2393681652200039,0.5185,0.612,0.408,1.499999999632353,0.0,7.68942090830285,-6.571447511538622,0.013741827549871433,1.1701258961110466,1.0316386882904591,1.670599274025165,0.6175261202784208,0.38177196184759454,0.6182280381153992,2.7022381254312915,-0.6658962049220216,0.39009628652443845,-0.45565298174235547,0.45669046048222167,0.5040231198361633,-0.15501483846555833,-1.42166585580156,0.09807705176299421,0.5040231502606,0.5614488529545446,0.0027998037504062484,0.1529199267796583,0.0015279332393879743,2.845813861148182,0.4291847766021884,2.4166290845459937,0.1775964624977021,0.8926213901845587,0.18935874347802217,4.713916945782694,0.1585,0.8265,0.985,0.19177253476203598,0.5265,0.591,0.394,1.4999999996192892,0.0,11.494150547814229,-1.721683461238456,-0.0014408197955457572,6.676111379311588,1.0248838418522037,1.313009482978956,0.7805608832686349,0.4383792155625329,0.5616207843946934,2.3378934080994136,-0.9959543422093529,0.2388997640739631,-0.2187322587246896,0.1996008410938794,0.5241365376801536,-0.12346720856395023,-1.3632833561530964,0.10048238747710107,0.5241365563482141,0.6667683597371845
3,Ischaemia,24,0.4358687106993417,0.6279224373802367,0.4356823915161269,0.001741062249588184,0.06600624400674246,0.0010616825862209646,1.5452630112458134,0.5570266212658209,0.9882363899799924,0.5636572654653332,0.5620198719190296,0.08352154376853355,6.7290407467044995,0.2385,0.725,0.9635,0.32896551719600475,0.4835,0.578,0.3855,1.4993514911804533,0.1465,11.956228075252795,-4.44676273900285,0.18382063326294884,2.688748821724859,1.1016718686394822,1.4483064717315393,0.7606621181815888,0.43203185342977696,0.567968146531007,2.54997848657709,-0.9119108312750274,0.3203241867330134,-0.3423138039055443,0.3480340542887946,0.3950638817304776,0.12352635879147703,-1.5598515962363444,0.09940133471532547,0.3950639043819394,0.8727049068901901,0.0027727344702951663,0.15143605867245483,0.0014803287897768502,2.863200418402692,0.4094185739025581,2.4537818445001336,0.16685206747435066,0.908220609248207,0.209263697415217,4.340077232851933,0.148,0.822,0.97,0.1800486617785829,0.529,0.582,0.388,1.499999999613402,0.0,12.001577451941102,-1.6879662562806175,-0.007607933733355975,7.110081381410554,1.0155683660849377,1.3111887062786836,0.7745402024471313,0.4364737419749763,0.5635262579820456,2.3267571560465563,-1.0566373111774057,0.31498978844472153,-0.2407315273852474,0.2237495191863134,0.5332844478347103,-0.144992601263619,-1.309264836801323,0.10010888139540675,0.5332844670145415,0.6770361606918636
3,Ischaemia,25,0.4460721709959351,0.6426659701698856,0.4458852589529853,0.0017789260955738736,0.06743551537824131,0.0010500049248670157,1.5743278470716726,0.24663967593042008,1.3276881711412525,0.18576626746613042,0.46116908554714997,0.16502194309690132,2.79459250456705,0.163,0.8,0.963,0.20374999997453125,0.7005,0.5775,0.3855,1.4980544743195707,0.0,8.327101344120592,-6.633658726423562,-0.2089163811622427,1.25528033433889,0.8280127547989806,2.445657601043405,0.3385644639756049,0.25293101160780196,0.7470689883616515,3.2736705395401082,-0.9145588863354148,0.24784004856489683,-0.3245650548355841,0.1995326847075041,0.5008715972847024,-0.37092797223633944,-0.902825228923231,0.08075799471427725,0.6982120622765471,0.5683410879626619,0.0027680414303514877,0.15117623402919586,0.0014756101896862134,2.847098061019827,0.44391365348131906,2.403184407538508,0.18471893046174154,0.8908806347596365,0.1864925679678549,4.777030226939079,0.16,0.819,0.979,0.19536019533634186,0.5325,0.587,0.392,1.4974489792098342,0.0,11.363133855253693,-1.992357794973941,0.012274027394098132,5.703360050764366,1.0266850491932775,1.3022109448847257,0.7884168483972618,0.44084624292363545,0.5591537570334257,2.32889607798027,-1.0173283825147537,0.21791697199121163,-0.2388944058880085,0.26128172685352347,0.5335252594571597,-0.1537506011637853,-1.358450791337083,0.10138447586332275,0.5335252786782751,0.6642092838124839
3,Ischaemia,26,0.4273607172500679,0.6157059714810794,0.42717411000576583,0.0017180719155243482,0.06512628679773963,0.0009891113533167114,1.8181852483297374,0.3948119835500788,1.4233732647796584,0.2773776867190623,0.5589615562410466,0.152639790787154,3.6619648978311603,0.194,0.7855,0.9795,0.2469764480907732,0.5485,0.5875,0.392,1.4987244894135907,0.1925,11.20818397706364,-5.289897498243022,0.08341851681793525,2.11879038876924,1.0456826075018544,1.8439604038885815,0.5670851745189261,0.3618725923388393,0.6381274076265544,2.8896431792925106,-0.8522778007128546,0.42283742905300126,-0.8939407521932451,0.7082040167622509,0.6650123675645659,-0.1870760925340703,-1.3375856299128963,0.09073193214501439,0.665012406204964,0.6334182219636787,0.0027904096005775822,0.15239183175775173,0.0014830928443176458,2.8716155140391852,0.4224417821146492,2.449173731924536,0.17248338759760026,0.8953932855052787,0.2028488794907205,4.4140903677253505,0.1545,0.827,0.9815,0.18681983069083194,0.533,0.5885,0.393,1.4974554703568814,0.0,11.405043282129384,-1.8869744800751178,-0.017537177206179685,6.0440898390268405,1.0081594977766004,1.3184669456456786,0.7646452579108237,0.4333138654825688,0.5666861344744504,2.3266265265690045,-0.9337191971032436,0.27450647131825234,-0.3177979901488121,0.23945303907848903,0.5348095811770235,-0.1493129834151107,-1.3510115199231354,0.09910451981107449,0.534809600289531,0.6607753577278781
3,Ischaemia,27,0.3933741046590584,0.5667416469587812,0.39319477995226315,0.0015586472796338961,0.05908034339403048,0.000889369243666968,1.7763196851105654,0.5300194003329308,1.2463002847776345,0.42527423508129075,0.5180310945239477,0.14884691730004412,3.4802944096697437,0.256,0.7555,1.0115,0.3388484446937329,0.6765,0.6065,0.405,1.4975308638277702,0.1505,11.475907046649013,-6.215819374112925,-0.050815963808528264,1.8462420407932372,1.0972898790015067,2.0036104801567958,0.547656288392378,0.35386170204577777,0.6461382979219735,3.10090055779639,-1.0515957210894267,0.594976409936384,-0.4178239808699334,0.37055283208259426,0.3758274411085217,-0.3274680845214591,-1.2823009177077886,0.10353232763625123,0.7241617202907517,0.6024394102463142,0.0027501900227796233,0.150188684917397,0.0014428357860033674,2.88522972462942,0.41580003785707964,2.4694296867723398,0.16837897433059204,0.9108833987430014,0.1851686028842136,4.91921083846303,0.148,0.8245,0.9725,0.17950272890485108,0.551,0.5835,0.389,1.4999999996143958,0.0,11.987447182037272,-2.2378476728330554,0.01137831454759051,5.356685947406695,1.0225144656918954,1.316010221182976,0.776980641301591,0.43724766789382324,0.5627523320634149,2.3385247716724047,-1.0096903172314078,0.20548930543910177,-0.25674540892454717,0.2125118907095713,0.5690074534894746,-0.23601282132434928,-1.3478759136264453,0.10202304074232176,0.5690074741223243,0.6663238401294197
3,Ischaemia,28,0.45798924996347445,0.6597425663027602,0.45780659876480634,0.0017765515109479397,0.06734764679431837,0.0009721854490598846,1.6981440595939306,0.649324255772373,1.048819803821558,0.6190999191134042,0.5256643513437869,0.11655184313356043,4.510133317157398,0.2735,0.678,0.9515,0.4033923303239834,0.532,0.5705,0.381,1.4973753276909776,0.1285,11.961579593613067,-5.162598557867,0.07510664178994508,2.316968762785899,1.2714601757073773,1.383220212212061,0.9192030049807645,0.47895037814927627,0.5210496218130545,2.6546805370828146,-1.033022530136896,0.7593860727229955,-0.6104627522142291,0.8970151620086819,0.5308663388554724,-0.19319099292029898,-1.1104962603654172,0.08036526724361583,0.5308663686842291,0.6814120493222028,0.002692794941108002,0.1470507052702051,0.001415850461940006,2.7546011497825083,0.4020886663369508,2.3525124834455573,0.17091882366164887,0.8736826852052851,0.21616820994523775,4.041679787339908,0.15,0.827,0.977,0.18137847639886598,0.578,0.586,0.391,1.4987212272381785,0.0,11.831535816598205,-1.7544553875461588,0.0715960606220122,6.743708560450672,1.023144225059001,1.2588034013793399,0.8127911188169707,0.4483644642673443,0.5516355356888335,2.2819477109528643,-0.9329509989104434,0.26349769821487395,-0.22281015715918862,0.17663986547406296,0.563670358742165,-0.22355534028830384,-1.157922303212043,0.08217485072541614,0.5636703796183372,0.6693655916188597
3,Ischaemia,29,0.45800034502600845,0.6597241861690069,0.4578302901468583,0.0016541047947634124,0.06270692296939274,0.0011120812046749632,1.0344386742418166,0.190006015955656,0.8444326582861608,0.22501026466549315,0.39052774177433447,0.14166930475134548,2.7566150775153284,0.1325,0.6935,0.826,0.19105984135673254,0.7045,0.4955,0.3305,1.4992435698943285,0.0,13.33105575264085,-5.313591809157401,0.40926230872895114,2.508859587109294,1.01865950381482,2.020074063665231,0.5042683939598398,0.3352250143555848,0.6647749856115067,3.0387337508848264,-1.2157254351120637,0.651181965485872,-0.5534546419705311,0.6876198336810138,0.20809717616813445,-0.07645023122927269,-0.5379218240100747,0.05742028470719866,0.6518360413295223,0.9106477137785136,0.0025072670723144423,0.13691456582807013,0.0014185789857250903,1.622675748792407,0.32444424151341217,1.2982315072789947,0.2499124691315142,0.7514621358578394,0.15811188257257985,4.752723977197697,0.1405,0.84,0.9805,0.16726190474199265,0.866,0.588,0.3925,1.4980891715928433,0.0,12.405064953143835,-2.5160668731722353,0.46039121579268993,4.93033992256756,1.0198906290751049,1.2854611387916908,0.7934044820323719,0.4424013043244142,0.5575986956322083,2.305351859583058,-1.0738532311371167,0.3213795246363171,-0.2135312954513934,0.24339633794074853,0.38100437702938855,0.15530073736028008,0.46192051396031797,0.042476402574216386,0.5615568334850383,1.2820744061840064
3,Congestion,0,0.8214184505823827,1.2030689603709157,0.8213238741650911,0.002738725582011553,0.10582910888536491,0.0012435255213029555,2.827164943072183,0.8626833162997176,1.9644816267724652,0.43914043506385175,0.7042980475040813,0.26565029475973356,2.6512225325251713,0.25,0.632,0.882,0.3955696201905744,0.5565,0.529,0.353,1.4985835689805713,0.0,10.08254511370751,-3.30589629236934,0.11117549827003055,3.0498673345183347,1.0570341103953145,1.2915643543807258,0.8184138147884203,0.45007017001993366,0.549929829937488,2.3485985502963387,-0.791407868513671,0.25835807600674005,-0.4200391552329235,0.3505881381530459,0.7431172165751364,-0.47839234301031125,-1.0940350953198015,0.0880767080063228,0.7431172436345114,0.49640455462668015,0.0022764492742463295,0.12883701430646938,0.0010483062475971762,2.582979101660954,0.37342202287852,2.2095570787824337,0.16900311218363825,0.7029357360600346,0.21535641028889835,3.26405763724724,0.1635,0.7905,0.954,0.20683111951842745,0.5805,0.572,0.382,1.4973821985608946,0.0,10.787417375269058,-2.4860307365213146,-0.0022153592415736917,4.339213194897942,1.0244192064355857,1.3568055678642474,0.7550228497165039,0.43020684878175,0.5697931511762548,2.381224878664295,-1.1001615596779872,0.3402533504994196,-0.38050886361916125,0.28652504094079617,0.6645399073016569,-0.3965246205539933,-1.2613404994190391,0.10909079577739086,0.6645399364271518,0.5475644972758893
3,Congestion,1,0.7800167316871881,1.1424115706253701,0.7798946623651248,0.002869266834234487,0.11087587885354196,0.0014822205986776554,2.9157449169612404,0.4554562733816139,2.4602886435796263,0.18512310518997885,0.4957438335129084,0.2992095461535524,1.656844976105179,0.2435,0.7625,1.006,0.3193442622532008,0.542,0.6035,0.4025,1.499378881615061,0.056,10.065799097981994,-3.1106843492781877,-0.08321040434329191,3.2358793009628584,1.0096727239458216,1.352142535438814,0.74672062849016,0.42749860298816905,0.5725013969694907,2.3618153414626963,-0.29619873042168227,0.4422463419712138,-0.3595672421781916,0.4876445434588794,0.684432864287094,-0.1268122263034006,-1.447341353271117,0.10866332242489608,0.6844328880725794,0.3515750692073778,0.00251158758696978,0.1421455034836982,0.0012833884318090127,2.6612494436171543,0.7468690921804042,1.9143803514367503,0.390136208607063,0.7619125536873829,0.1644225766708304,4.633868223275229,0.2355,0.7215,0.957,0.32640332635808683,0.542,0.574,0.383,1.4986945165799752,0.0,10.08644058116306,-2.479379095051428,0.007204687633300764,4.068131654771023,1.0801494382454195,1.2537840457207943,0.8615115512482819,0.4628021516549679,0.537197848302186,2.3339335766594416,-0.7485065914290701,0.23322202124679675,-0.3017401836214754,0.260891951151739,0.6113213641343115,-0.23448739168468358,-1.3761463738617359,0.11639230817498931,0.6113213884132169,0.6033248623552289
3,Congestion,2,0.8205053535662915,1.201878960759081,0.8203992079112145,0.0030580892905760727,0.1181563245719236,0.0016098067116320912,3.2770836241371537,0.49114733268185506,2.7859362914552985,0.1762952491665426,0.8857459226371727,0.34505207654101755,2.5669920067128817,0.177,0.809,0.986,0.21878862790867876,0.5755,0.5915,0.3945,1.4993662860584622,0.0,9.631944737275262,-4.314422028709444,-0.02029126543611078,2.2324994339817,1.0094526442907419,1.4395731181730296,0.7012166533796645,0.4121853921348678,0.5878146078242996,2.4490258423023956,-1.280788188964119,0.697883386743057,-0.432388646701967,0.497968242704877,0.606541039152646,-0.2597087412950383,-1.1276509753104371,0.08377770332195551,0.6074436735283631,0.5433767995004668,0.002544423581936032,0.14400432105797573,0.0012867227224572786,2.7105265864366066,0.43459428654455434,2.2759322998920517,0.1909522029921857,0.7507158661832031,0.17198273853687993,4.3650651927822,0.177,0.79,0.967,0.22405063288303154,0.5355,0.58,0.387,1.498708009948654,0.0,10.362595179360255,-2.256534223368135,-0.019003358426465604,4.592261474073135,1.0151814255459715,1.3429547722692892,0.7559312096229063,0.4305016081952582,0.5694983917623353,2.358136290258049,-0.971817542558696,0.4592668384889269,-0.41237191528135436,0.2737275846877221,0.6010189225109571,-0.18419685457116172,-1.462229799147838,0.12178650429265626,0.6010189460718799,0.5772098883381408
3,Congestion,3,0.7216419013790105,1.057199139904261,0.721493057570422,0.0027656543054780337,0.10684272419880102,0.0013172398279200695,2.922094455699816,0.9236405231353016,1.9984539325645143,0.46217754036682895,0.9316696153483369,0.15986327068831224,5.827915385154575,0.2395,0.7275,0.967,0.32920962194787495,0.6065,0.58,0.387,1.498708009948654,0.1435,11.826259970265767,-3.1189547630740435,0.1343070373901472,3.791738216244799,1.1341087596509023,1.2337538907240577,0.9192341909401398,0.47895884477227424,0.5210411551854935,2.3678627357548994,-0.7294095570290015,0.2885740488703835,-0.2749588911737079,0.2085164633821715,0.6510665734992278,-0.3411398729329331,-1.2983354113635237,0.09596272770802045,0.6510665969752619,0.6817653222138209,0.002616020100062297,0.14805503501985307,0.001358255850209748,2.7524965790210016,0.4887146663062945,2.263781912714707,0.21588416425619542,0.7916340336626775,0.17851580156289637,4.4345319926219995,0.1795,0.775,0.9545,0.2316129031959209,0.528,0.5725,0.382,1.4986910990841122,0.0,10.394227724775533,-2.22091929964418,0.001864644408412374,4.680146516792757,1.0337200410079843,1.31449741709141,0.7863994462740428,0.440214783941108,0.5597852160163065,2.3482175476275473,-0.9670964177434138,0.29455624014194853,-0.26613972439483613,0.1968933327833651,0.5811894623764081,-0.19710122363574561,-1.368180934327321,0.11564677228650412,0.5811894845348411,0.604864026164038
3,Congestion,4,0.7827627112203751,1.1467032867531508,0.7826400412689306,0.002920482432602819,0.11282804247608981,0.0016839307967794334,2.713478067693868,0.41734190946168814,2.29613615823218,0.18175834562216395,0.8597160921190434,0.17748426261997927,4.84390040527388,0.153,0.8025,0.9555,0.1906542055837191,0.5315,0.573,0.3825,1.49803921529463,0.0,10.845722683293616,-4.797247742072699,-0.05273642119767914,2.2608218850047406,0.9740347783177702,1.4621061735049699,0.6661860786184832,0.399826938399852,0.6001730615590994,2.436141034994829,-0.9747734774805752,0.3045135010806453,-0.308478283575624,0.3181694177614389,0.598722530081621,-0.2665995579985828,-1.0960937352228761,0.09056034810599808,0.598722550522558,0.6689325471336081,0.002546850917469445,0.14414078881009829,0.0012885776380089362,2.7245688396669294,0.9671422638097671,1.7574265758571623,0.5503173088656771,0.7575172786683695,0.16688414029616366,4.539180756602221,0.2805,0.679,0.9595,0.4131075109848148,0.536,0.5755,0.384,1.4986979162763807,0.177,10.489006802427923,-2.3065416054034813,0.00703606984450106,4.547503837520564,1.14166168306014,1.2285017715197804,0.9293121991634236,0.48168056966953615,0.5183194302882725,2.370163547405417,-0.8897547862002565,0.30125462832716227,-0.42666759863666653,0.3094498614290158,0.6136066515528003,-0.21854775272475596,-1.441063712414168,0.12209144239769489,0.6136066755841986,0.5808699869950983
3,Congestion,5,0.8083992270444668,1.1843224609169951,0.8082874562613125,0.0030172111087039865,0.11655711190955845,0.001687707698298986,2.9535650268533606,0.4350656978091775,2.5184993290441833,0.17274799035067367,0.8858740143363905,0.2926748762849279,3.026819470391723,0.1505,0.781,0.9315,0.1927016645079767,0.5315,0.5585,0.373,1.497319034451121,0.0,11.364934951256146,-4.0629100577090185,-0.03307869728875769,2.7972401036573395,0.9925823373542041,1.4679448224124474,0.6761714215220699,0.40340230888083234,0.596597691078526,2.460527241070317,-0.945344850748214,0.2767810398577325,-0.24073021045683776,0.3574017827752802,0.5791859980151405,-0.3278854587709933,-0.9188176868524538,0.08470788641501299,0.5791860171532932,0.6105997918543807,0.0025476262503166406,0.14418260176918873,0.001306441668374283,2.7126813065494595,0.44265509290458904,2.2700262136448703,0.19499999172887936,0.755884459793806,0.16014506621748126,4.719998418779227,0.1765,0.7815,0.958,0.22584772869790815,0.5415,0.5745,0.3835,1.4980443281621787,0.0,10.609538893853255,-2.2239544458386717,-0.002106574731652233,4.770573836720496,1.0312302533743243,1.3295291645684297,0.775635676733351,0.4368214081845287,0.563178591773112,2.360759510371739,-0.8931090162921549,0.26698641393725886,-0.38143735318732286,0.2740940229583886,0.6223992890498694,-0.2376326598255902,-1.4319138235464108,0.12253440478629614,0.6223993134181867,0.5780705351423477
3,Congestion,6,0.7679216919982846,1.1250952021153324,0.7677892801620071,0.002951148511177128,0.11399759328685644,0.001621616079471254,2.9560467004689785,0.4837652691667472,2.472281431302232,0.19567564720670355,0.7651317613356027,0.27463480949130165,2.7859970208227978,0.1805,0.744,0.9245,0.24260752684911188,0.5685,0.5545,0.37,1.4986486482436083,0.0,9.857073791400808,-3.080576860325664,0.03306833098570108,3.1997493450102685,1.0323436047263792,1.3757506947731875,0.7503856684015977,0.42869733336358296,0.5713026665948905,2.408094380857304,-1.1062127284070626,0.5767988522084199,-0.4883752783960026,0.4953735722770182,0.6768715228124009,-0.45434770299107763,-1.0371912223702073,0.08652070997318727,0.6768715456805816,0.5124697949570148,0.0026230210502356122,0.14844949269364566,0.001331141510628528,2.7780772235396136,0.4981467833982046,2.279930440141409,0.21849209721743032,0.7719495341101531,0.1779375526769026,4.338317134652405,0.188,0.7815,0.9695,0.240563019802871,0.5435,0.5815,0.388,1.4987113398199197,0.1865,10.089508743026101,-2.4767025485427325,-0.019925884355333875,4.073766851233424,1.0197482896935512,1.307900449050608,0.779683415779701,0.4381023101449267,0.5618976898121116,2.327648827250626,-0.9534173689039612,0.13718031442749012,-0.2911700005622605,0.31188937474917755,0.6115434924863888,-0.21059070858103518,-1.4335013604014375,0.11651233950522087,0.6115435157397059,0.5761973424409835
3,Congestion,7,0.7614584938445191,1.115656180975971,0.7613218745529929,0.0029625615086541065,0.11443204580037351,0.0014222764872744694,2.954292109561042,0.9978178982971656,1.9564742112638767,0.510008203788987,0.6000103460723157,0.25169240859542796,2.3839032300667675,0.3255,0.693,1.0185,0.4696969696291924,0.509,0.611,0.4075,1.499386502699537,0.223,10.010544526288868,-4.0439800676444975,-0.023440303892879932,2.4754188592903184,1.1248807327342432,1.4032663242572752,0.8016159963430047,0.4449427613709904,0.5550572385894549,2.528147142075229,-0.15824525559430472,0.2825536147565275,-0.7274190844949351,0.6654590700390205,0.652575891473173,-0.030127970266100937,-1.4943687668732555,0.10717204012704049,0.6525759134353363,0.4242158282269805,0.002655443000814868,0.1502800731868889,0.001363498263296154,2.818922343814877,0.4837580111531625,2.3351643326617144,0.20716229875823747,0.8181918680511139,0.18415008560941937,4.443070796840052,0.1755,0.783,0.9585,0.2241379310058572,0.529,0.575,0.3835,1.4993481091266365,0.0,10.479605987814978,-2.194950279897739,0.00027792085931359876,4.774416114712982,1.0318951443463966,1.3128948304891894,0.7859693863546646,0.44007998813400934,0.5599200118233431,2.34479006290238,-0.9905040601384945,0.25702698458287404,-0.305647324863282,0.33249762484975065,0.5833356532610728,-0.19353425756412876,-1.4205600298816248,0.11582821662280439,0.583335675170285,0.6117036461137252
3,Congestion,8,0.7214393619995608,1.0571923744084863,0.7212899941779949,0.002774327354459734,0.10714060972351375,0.0014642150400303625,2.9335271299405337,0.41559533532089415,2.5179317946196393,0.16505424658143644,0.8742717332295719,0.24530363990301068,3.564038973163389,0.151,0.8095,0.9605,0.18653489806219456,0.5345,0.576,0.3845,1.4980494144348375,0.0,11.68338181670913,-3.6872778786884055,0.05838606294498327,3.168565592498319,1.0229715368751489,1.5552058140157805,0.657772448887586,0.3967809027885405,0.6032190971726724,2.578177443562929,-0.9736015327529708,0.3541075579922839,-0.4146027860587514,0.49908713201985727,0.5790218322644373,-0.19571053177390393,-1.235965431004762,0.09130461183884703,0.5790218530772456,0.6191741436285334,0.002624240692516129,0.1485095049572021,0.001332985515732899,2.774816217633032,0.4384758092885331,2.3363404083444985,0.18767633676312773,0.8067939441839755,0.17117009644703315,4.713404738673435,0.168,0.795,0.963,0.2113207546903999,0.526,0.5775,0.3855,1.4980544743195707,0.0,10.790212237743162,-2.290066519507036,0.020818665121356276,4.711746207090399,1.029138608672401,1.337184223679713,0.7696311326224118,0.43491048413117456,0.5650895158265659,2.366322922287196,-1.0243721042101055,0.34614882619542714,-0.44284737978635647,0.31125399941043036,0.5665063591063668,-0.16455526020953712,-1.4526050205272076,0.1170404813407107,0.5665063806371552,0.6132383146755321
3,Congestion,9,0.6760267546256826,0.9906709816249409,0.6758680980678744,0.0025340711596642676,0.09785663325867007,0.0013119686735227577,2.7592179281337366,0.42239746556728086,2.3368204625664557,0.18075734628123694,0.7433746144988755,0.18756513358500523,3.9632878451028666,0.176,0.7975,0.9735,0.2206896551447411,0.6015,0.584,0.3895,1.4993581510913072,0.0,9.318682906076901,-3.366978525171305,-0.027342552619080144,2.7676692429530774,1.0014709933265369,1.3803434150067502,0.7255230708287815,0.4204655869830285,0.5795344129749866,2.3818145020867205,-1.2042040492857988,0.626981140569271,-0.49918198619324555,0.5626908645127471,0.6130246127913536,-0.3583773689855881,-1.3399372442084492,0.10989020890174228,0.6130246369213455,0.549035428919784,0.0025579340745811264,0.1447525942236223,0.0013192384406506069,2.6962733600851267,0.4652369304231209,2.231036429662006,0.2085295086251683,0.7876725161631368,0.1552569957088623,5.073346370380917,0.1755,0.783,0.9585,0.2241379310058572,0.5275,0.575,0.3835,1.4993481091266365,0.0,10.756483492201596,-2.30431210048323,0.008415729887983872,4.667980300706267,1.0332587668240514,1.3247402867402467,0.7799708192528565,0.43819303710846763,0.5618069628491235,2.357999145512229,-0.8845283085509531,0.191068606277045,-0.24308212561033535,0.21742521805553738,0.5721505538612909,-0.16717673316597018,-1.4584141979726462,0.12186547357433777,0.5721505761717576,0.6207017505801667
3,Congestion,10,0.6920604436427092,1.01424056241387,0.691902657059857,0.0026515934025745152,0.10238404005888828,0.001429356951487127,2.774479543100439,0.3619894989430278,2.4124900441574115,0.15004807991008798,0.7596381267862562,0.2609464975414146,2.911087650734174,0.141,0.7455,0.8865,0.1891348088277485,0.592,0.5315,0.355,1.4971830981698075,0.0,12.580444332515526,-3.531942778811924,0.011426906212132257,3.561904911831881,1.0211786832500387,1.333846205269837,0.7655895253432875,0.43361693890567926,0.5663830610518583,2.3550249770998337,-1.0379350470785147,0.3163352697433603,-0.25715195303691063,0.21033590637403185,0.6854554334432482,-0.5231131636210152,-1.0893559842397038,0.0937993201931619,0.6854554592254019,0.5356152983513961,0.0026143632974407237,0.14794088302105207,0.0013431269926255662,2.7278616156531372,0.4347374578816317,2.2931241577715054,0.1895830438963925,0.7802828638411234,0.17026885286749432,4.582651790049267,0.171,0.789,0.96,0.21673003799534474,0.5305,0.576,0.384,1.499999999609375,0.0,10.499118194565824,-2.1655858105842754,-0.02115826710544199,4.848165398372435,1.010464215795915,1.3203456452524893,0.7653027973036212,0.43352494454354734,0.5664750554135494,2.330809949969338,-1.06243512935603,0.3534532945452827,-0.3632085472501933,0.2438084666507622,0.5765072401927305,-0.1959681101820349,-1.4292052763392118,0.11696001454549254,0.5765072621866149,0.5982492922629034
3,Congestion,11,0.7599422517769862,1.113917446735248,0.7598055307199331,0.0029476356016274784,0.11379453008080849,0.0015233864010772312,3.072335437714999,0.444982396213945,2.6273530415010535,0.1693652848201862,0.6398298406931298,0.3251153313083188,1.968008822966133,0.2185,0.8035,1.022,0.2719352831024349,0.6145,0.613,0.409,1.4987775057460202,0.0,9.512180775884417,-4.6512201881221245,-0.07599503863669684,2.0450936294031563,0.9685472049846834,1.5584218581461817,0.6214923127904969,0.3832841561369746,0.6167158438234522,2.5269691486068475,-0.17320392059639006,0.2907865948945156,-0.5542276371133714,0.41607000895549245,0.6629004130934472,-0.294049151885272,-1.278763868394855,0.08529455194317839,0.6629004355163824,0.4009489009779496,0.00264618845756917,0.14974101283782024,0.001374822713378812,2.774700260668649,0.4340330753419784,2.3406671853266703,0.1854313496785577,0.8034141651383353,0.16754837810496723,4.79511752811772,0.168,0.792,0.96,0.21212121209442913,0.534,0.576,0.384,1.499999999609375,0.0005,10.960115398275548,-2.2284582817226237,0.0022470046973157593,4.918250203594311,1.0297720768263168,1.3238763127744106,0.777846137748675,0.4375216286903648,0.562478371267148,2.353648478310214,-1.1010633673678034,0.40844164370445896,-0.38276072847011783,0.3134391964330245,0.5966710598281075,-0.21147226044431994,-1.4317772371942086,0.1172721466852942,0.5966710823167611,0.6081019528965663
3,Congestion,12,0.7904056595477549,1.1586689412625175,0.7902815673728395,0.003064474946626078,0.11829288893228926,0.0014402062537174735,3.351974972682257,0.6858031161113914,2.6661718565708656,0.257223897400119,0.8311306135831001,0.39508200706270435,2.103691381827015,0.2045,0.717,0.9215,0.2852161784818387,0.645,0.5525,0.369,1.4972899724939592,0.0,9.955227977929326,-3.73158303785911,-0.07085203007168939,2.667829678895226,0.9908203496915557,1.35385526901326,0.7318510126570009,0.42258312482330523,0.577416875134045,2.3446756949818437,-0.9182065065081655,0.08877237732584521,-0.2614616985660636,0.2709866627835092,0.6978914935047892,-0.5555443209510752,-0.9246779477655842,0.08978022819252889,0.6978915162086075,0.4836569503020587,0.0026448234880793887,0.14966097420631908,0.0013592442468776792,2.7915924875248765,0.4615637516236358,2.330028735901241,0.1980935876420839,0.7941599500372598,0.17201378011868632,4.616839122003018,0.175,0.7845,0.9595,0.22307202036672122,0.5435,0.5755,0.384,1.4986979162763807,0.0,10.511097755965295,-2.1784355819397376,-0.007826842802497751,4.825067053910047,1.0245249107882208,1.3215380813995337,0.7752519016521299,0.43669965987961784,0.5633003400777575,2.3460630806571015,-0.9931940581532084,0.23129557538379664,-0.26395945400789017,0.2600289239808072,0.597732775698233,-0.21101149867588312,-1.400636355435932,0.11771472045681981,0.5977327982385606,0.5976300916493339
3,Congestion,13,0.8421219895609496,1.2344599325282144,0.8420230232423315,0.0032445781827152766,0.12524277255831937,0.0016121114870024313,3.7045724761824754,0.6727224989072857,3.03184997727519,0.22188515392496172,0.9074575132607067,0.440335418856562,2.0608324340818585,0.2135,0.7885,1.002,0.27076727961055586,0.666,0.601,0.401,1.4987531168332284,0.0,8.288521865534676,-4.468442168637523,-0.0024872222698504452,1.8549018992622315,1.037001757586233,1.470146786377414,0.7053729376717339,0.41361799644525066,0.5863820035148634,2.5071486209848732,-0.8543440864340398,0.08244725088506369,-0.3292922628868782,0.623910322459306,0.5941497723083206,-0.35862622714714953,-0.9877156899457122,0.08469422771110283,0.5941497905609862,0.48930667207240375,0.0026283380884013635,0.1487228283875403,0.0013178382983798464,2.7946800613482146,0.9715441017953956,1.823135959552819,0.5328972294421791,0.7967189614420829,0.1619030652793515,4.920962796938453,0.2745,0.6925,0.967,0.3963898916395105,0.537,0.58,0.387,1.498708009948654,0.1745,10.507804007625339,-2.459447708359164,0.00799697572341849,4.272424240403323,1.129910768440559,1.2308558765842057,0.9179878731898473,0.4786202697221029,0.521379730235538,2.360766734608436,-0.9335464049373193,0.3670045032743587,-0.393684631355935,0.206839128252224,0.5957380688401662,-0.19450486050975155,-1.4249096035969275,0.120303878856972,0.5957380914465528,0.6028380833033224
3,Congestion,14,0.8001600770714328,1.1729474498445638,0.8000391444841741,0.0031322814441163286,0.12090599363747255,0.0013081032100390375,3.162868181488766,1.1400413144243657,2.0228268670644,0.5635881809412965,0.9344778447981188,0.17997893878526117,5.192151096044967,0.2775,0.6955,0.973,0.3989935297772835,0.5625,0.5835,0.3895,1.49807445404414,0.1415,10.733256924070588,-2.591318265775044,0.15905826010785581,4.142006431790481,1.2307694975243249,1.1571277729477525,1.0636418260730254,0.5154197848844079,0.48458021507371424,2.387897346468368,-1.0107524776104175,0.6982506743691665,-0.5605967123377619,0.3133698258196344,0.628080765683207,-0.2826634596844414,-1.3468448303206406,0.0876781653777196,0.6280807856722614,0.6293257133525414,0.0026704361966400675,0.15110224703563138,0.0014050793862486958,2.7677407491363173,0.46617780135098874,2.3015629477853286,0.20254836035630133,0.8051178798864038,0.17289588339679918,4.65666309459189,0.1735,0.7815,0.955,0.22200895710530916,0.5185,0.573,0.382,1.4999999996073297,0.0,10.717961114021364,-2.584908228477616,0.0010926359371203162,4.146360398999186,1.0316699861959804,1.3076442383775477,0.7889531080694576,0.4410138558192024,0.5589861441380503,2.33931431194005,-1.058185101013178,0.22450050060747326,-0.2984093153399258,0.2408983749000708,0.5805698746709972,-0.1731242873250795,-1.4327767144557961,0.11670556632414299,0.5805698963535785,0.6141262383853018
3,Congestion,15,0.7084668080603606,1.0384834670929701,0.7083089035661383,0.0028036505675031295,0.10822196256795823,0.0015513800678438215,2.7891051573160155,0.4868133756518929,2.3022917816641226,0.21144729764829112,0.8403592410787291,0.1985467943556856,4.232550031253675,0.1715,0.785,0.9565,0.2184713375517871,0.5035,0.5735,0.383,1.4973890335515956,0.0,10.542366173709183,-3.8178938532725226,-0.03886736680020759,2.7613041584161966,0.9947319056111624,1.3812334420733414,0.7201765286293481,0.4186643153439556,0.5813356846139565,2.375965432192323,-0.8819629962352058,0.16663605178855564,-0.26356384530699656,0.3467006017561338,0.5257967378406326,-0.18746859521063114,-1.3586651822364344,0.10453091500062445,0.5257967565420569,0.6229850905092056,0.0026997545483348423,0.15275515274686496,0.0013624022441827012,2.8230006006233728,0.8168293305655048,2.0061712700578678,0.40715832327776663,0.7850998475784072,0.17950171415103885,4.373773536671745,0.2455,0.715,0.9605,0.3433566433086215,0.5475,0.576,0.3845,1.4980494144348375,0.1905,10.098470689000749,-2.271847746597359,-0.028594424591639026,4.44504729847374,1.0681229096708125,1.2538584736611769,0.8518687970156498,0.46000494116454993,0.5399950587923834,2.3219814691069205,-1.0064184446271436,0.33239849450263903,-0.32285818278339284,0.3362342667738634,0.6155226690256248,-0.21458203424576539,-1.3946821126229454,0.11720877870865155,0.6155226917632811,0.5823756627611177
3,Congestion,16,0.6774435336695465,0.9930554740811123,0.6772739396022376,0.0027219010066271586,0.10505534651251236,0.001469561072583919,2.784857596138989,0.4025464116291664,2.3823111845098226,0.16897306037502227,0.8447030745693835,0.15648809111453604,5.397874483696941,0.147,0.784,0.931,0.18749999997608416,0.5725,0.5585,0.3725,1.4993288586578983,0.0,12.044291681214133,-2.7353751093299934,0.0404527792587058,4.403159054746229,1.0222795482696956,1.371971097771826,0.7451174079799749,0.42697265213947433,0.573027347818759,2.3942507337645407,-0.9372824699055379,0.2823712005981046,-0.2605344596705883,0.35836259357674766,0.6486469158907,-0.3387280331397591,-1.294117914596076,0.10606971719245356,0.6523243785689075,0.6356014660772444,0.002740935404278621,0.15507615692650986,0.001404069744944508,2.8644910433798105,0.5326630812688801,2.3318279621109306,0.22843155237054186,0.8331562624961452,0.18765302703868236,4.439876484808383,0.1845,0.7785,0.963,0.23699421962273678,0.5195,0.5775,0.3855,1.4980544743195707,0.0,10.36131964500953,-2.320827911548122,0.021517990515154052,4.464492861795816,1.0368254653391191,1.2859811556391219,0.8062524561203234,0.4463675348306986,0.55363246512625,2.322806705490994,-0.9478949944087255,0.21094155374583518,-0.2527183576553164,0.21861701745931647,0.5582866007863148,-0.15082281869875183,-1.420036437722777,0.11311908220709012,0.558286621098956,0.6135236095086474
3,Congestion,17,0.643008405602521,0.9425267814021437,0.6428319667404602,0.0025585885643465093,0.09875650372744571,0.001408663899789483,2.6600774196238772,0.4725389280297604,2.187538491594117,0.21601399464464163,0.7662630390149459,0.12420091031536137,6.169544461891265,0.1885,0.805,0.9935,0.2341614906541414,0.5145,0.596,0.3975,1.4993710688051896,0.0,9.911952635515263,-6.473860449030212,0.030742444479903045,1.5310729530549227,1.0365262266550415,1.7135563329385053,0.6048976661403694,0.37690731247375564,0.6230926874898818,2.7500826668028995,-0.8581548179567355,0.2480623487275589,-0.3338327421826128,0.629347012489128,0.5854157022456011,-0.21431192040200736,-1.52183451649417,0.11562931452454335,0.5854157250674754,0.605892797593904,0.0027146055906099175,0.15358507981407776,0.001397870955674203,2.8249202878668216,0.4493375184347424,2.375582769432079,0.18914833202096717,0.8113901679566483,0.17999219138397685,4.507918711734111,0.1705,0.79,0.9605,0.21582278478280725,0.5235,0.576,0.3845,1.4980494144348375,0.0,10.549496407773688,-2.370053675078566,-0.014055131933078783,4.451163498218605,1.0166908935600767,1.3269867579401406,0.7661650633663085,0.43380150545272306,0.5661984945046091,2.343677737601693,-1.044461404509439,0.3447194595908167,-0.34995046813058467,0.30121863889919326,0.5813344936464053,-0.19370803498147085,-1.4501810502115045,0.11555406201349859,0.5813345150033348,0.6016697900877189
3,Congestion,18,0.6715739757561956,0.9845941683184444,0.6714038289768461,0.0026824936411745494,0.10351517576046264,0.0015303176391605845,2.6041183174188003,0.9157679182803469,1.6883503991384534,0.5424039457054725,0.7658918570641895,0.23826281096614105,3.2144834254120345,0.257,0.66,0.917,0.3893939393349403,0.4965,0.55,0.367,1.4986376017714884,0.174,10.314089387887293,-3.556825481356327,-0.02320622526773897,2.8998019277752793,1.0888716995122296,1.375306158715237,0.7917304031054747,0.4418803195688518,0.5581196803905669,2.46417794984251,-0.9197064057387936,0.26980248593160433,-0.4892153646372352,0.6272940372257638,0.5424416651892826,-0.02610691915980284,-1.175603811528763,0.0975728826591064,0.5424416853565837,0.6325624935609756,0.0027244662105773733,0.1541381482602902,0.0014076903099486966,2.864683045196874,0.4653333215918141,2.3993497236050603,0.1939414321282224,0.8381869928534244,0.1760536299887701,4.760975348425318,0.17,0.7935,0.9635,0.21424070570709003,0.527,0.578,0.3855,1.4993514911804533,0.0,10.688207163154914,-2.374008019127018,0.0036753689045698028,4.502178205208851,1.0295801144059862,1.3309046822672643,0.7735941784911932,0.4361731606208214,0.5638268393368142,2.3604848830774694,-0.9117077592432066,0.330378573045151,-0.4380403121927328,0.2746194381143353,0.5736791967032533,-0.18112117093627036,-1.4381995753416235,0.11542470261142454,0.5736792177024577,0.6189130812946547
3,Congestion,19,0.6618989633412041,0.9704646080695306,0.661726995488698,0.002633858246585287,0.10163039511179202,0.0015049436922460109,2.682252013821264,0.4533341170629435,2.2289178967583205,0.20338753513618513,0.7168097427791447,0.2754757424293468,2.602079356235085,0.193,0.79,0.983,0.2443037974374299,0.5265,0.5895,0.3935,1.4980940275735466,0.0,9.506179951912827,-5.345179189795942,0.008947409542169618,1.7784586099344388,1.0347214743681739,1.749966928189739,0.5912805880162649,0.3715753164269866,0.6284246835371027,2.78468850800603,-0.8972049547213287,0.506161629865909,-0.6244899601041463,0.8952433842005915,0.617561389079819,-0.12955383018060243,-1.2700928187958496,0.08912598461397254,0.6175614124650873,0.5460433222401202,0.002714017726806292,0.1535436586544169,0.0014067670557326246,2.845419376757773,0.4848487191866653,2.360570657571108,0.20539470725481584,0.8418334235529861,0.17015855258674578,4.9473471080984295,0.1735,0.7885,0.962,0.22003804689663434,0.529,0.577,0.385,1.4987012983120254,0.0,10.829785477726432,-2.2800067329878857,0.0031725753005090195,4.749891884336371,1.0324323666181092,1.3161293010335902,0.7844460006542434,0.4396019831178061,0.5603980168396145,2.3485617539513433,-1.0108229854793507,0.24931913088090812,-0.2943354009117129,0.3013858298474792,0.5607297486380833,-0.1622688945306987,-1.440501531398366,0.11726317816466396,0.5607297692425146,0.627781405675626
3,Congestion,20,0.5961299011420805,0.8740590044887439,0.5959428985418572,0.002397989739398721,0.09252274888033331,0.0011424054041205124,2.7811370339575907,0.3602459359926174,2.4208910979649736,0.1488071628998773,0.7440474860243694,0.24108568170888145,3.0862367289576595,0.1575,0.828,0.9855,0.19021739128137471,0.6605,0.591,0.3945,1.498098858935843,0.0,10.023818619653127,-4.77509209614152,-0.06341804674373533,2.0991885428854626,0.9615622899009464,1.528897721089634,0.6289251900727248,0.3860982652276658,0.613901734732181,2.490460114597692,-1.0452193445846885,0.501308955538016,-0.3148266238404787,0.27988127844130173,0.5880109802708017,-0.4424732775244368,-1.2456666287842726,0.10373644418049645,0.5935581407903718,0.5292054922250149,0.002743510037283418,0.15520567369647553,0.001435041656221274,2.843072829892158,0.4624327012923327,2.3806401285998247,0.19424720927681252,0.8339692665760734,0.18013938550831743,4.62957761158017,0.1695,0.7865,0.956,0.21551176093890506,0.515,0.5735,0.3825,1.4993464048367722,0.0,10.882632359517459,-2.591397625225227,-0.0036001214636353237,4.199522394079396,1.026952178494775,1.3048684321455133,0.7870158807716119,0.44040788290688715,0.5595921170502278,2.331820695401168,-1.0793227733678719,0.2615523198316137,-0.26469156594827836,0.2460274124057887,0.5672904353017042,-0.16126152389904774,-1.4508920418628108,0.1156078904519678,0.5672904559225169,0.6181415455484306
3,Congestion,21,0.6710153697421691,0.9838935950731501,0.6708467225766671,0.002654989272027128,0.10242959527862568,0.0013992873765163703,2.8246048381477635,0.38618856208775376,2.4384162760600097,0.15837679803217158,0.8614217010013622,0.20135372399494278,4.278151322372278,0.1455,0.813,0.9585,0.17896678964588356,0.538,0.575,0.3835,1.4993481091266365,0.0,12.393524607112113,-4.305010639647207,0.029932934308513567,2.8788603894925258,1.0227152271666826,1.510551545991071,0.677047552473938,0.40371398621057264,0.5962860137499526,2.533266868319757,-0.9551494559033831,0.17866879399418228,-0.14587991701642994,0.4180737336198738,0.6404196335389449,-0.26661354208373433,-1.453604797330971,0.10124530562923154,0.6404196575962672,0.6232101767121824,0.0026984515266006755,0.15264864738640324,0.0013894223797461813,2.8478344532507114,0.46914797208222847,2.378686481168483,0.1972298475552128,0.8208982224851937,0.1563465982680981,5.250502608010017,0.1745,0.79,0.9645,0.2208860759214068,0.5385,0.5785,0.386,1.4987046628241698,0.0,10.636115309052002,-2.214228850356676,-0.00017507011424685757,4.803530270531136,1.0318936026492682,1.3363766202651919,0.7721577786711672,0.43571615798801,0.5642838419697651,2.3682703104416785,-1.0575024427029556,0.3309940016932077,-0.39938871766450346,0.2986241805482884,0.6034121851988489,-0.19359298675490716,-1.4484631565867572,0.12172701557725879,0.6034122074999315,0.6089185734403142
3,Congestion,22,0.6413798780787021,0.9404988714159741,0.6412039476388405,0.002541077822910731,0.09802532571686069,0.0013138543970608418,2.7962493309254564,0.3458716421711813,2.450377688754275,0.14115033929030785,0.8246782451437635,0.22358595552562543,3.6884170243886563,0.137,0.818,0.955,0.16748166257121253,0.5545,0.573,0.382,1.4999999996073297,0.0,12.494944209881112,-3.4203885086153605,-0.019635336127713184,3.6530774729371314,1.0006550589022478,1.444138210724828,0.692908096608508,0.40930048004179753,0.5906995199172993,2.4447933655934735,-0.9701962104888582,0.3831235707581136,-0.254636129244924,0.30688706126290843,0.6461174805024978,-0.31040897760682434,-1.396616236309354,0.10483176442015976,0.6461175058647926,0.6080558457523946,0.0027018402744440383,0.15283503996873113,0.0013714344847175284,2.852500686677937,1.0011256268165036,1.8513750598614338,0.5407470633407788,0.834424639446875,0.16128623319000426,5.173563933051367,0.2695,0.6875,0.957,0.39199999994298185,0.537,0.574,0.383,1.4986945165799752,0.1645,10.975566594466102,-2.2468128799628175,-0.0004781030110538436,4.884949116972857,1.1359429901222335,1.235737752212028,0.9192427665149167,0.478961172892232,0.5210388270656038,2.3716808298772913,-0.9836895067236406,0.3754466515344123,-0.396431168838714,0.24535837551396833,0.5733190317889456,-0.20508159383326705,-1.40602183587314,0.12147213751275704,0.573319052951189,0.6219483790974367
3,Congestion,23,0.6321202062847266,0.9269712447153681,0.6319301091802537,0.002676679080744415,0.10324725610334148,0.0013064285565318387,2.725287075514649,1.0148731947710572,1.710413880743592,0.5933494846700568,0.7573176668192538,0.2530565633225046,2.992681385445167,0.2755,0.629,0.9045,0.4379968202801277,0.5165,0.5425,0.362,1.4986187841164036,0.1465,11.23365431054475,-3.2741312657549315,0.05404471964049604,3.431033577577548,1.1601479195791644,1.199128186001111,0.9674928277278776,0.4917389350004231,0.5082610649571909,2.3592761934862594,-0.9769538707387243,0.43101405275361904,-0.4481927797635142,0.2695400825781803,0.6240519782122045,-0.29756505982384923,-1.160313937516337,0.08876883383931403,0.6240520014642109,0.5700290055410642,0.0028875534201378387,0.16333483529519702,0.0014755051936891157,2.960833060020197,0.46269886497400375,2.4981341950461933,0.18521777808134368,0.84731653358809,0.20367066557364932,4.160228625882646,0.1705,0.794,0.9645,0.2147355163457512,0.5375,0.5785,0.386,1.4987046628241698,0.0,10.631306541605454,-1.9236916613884887,-0.0365125586030115,5.526512774598868,0.9970059857668266,1.3091195117151886,0.7615851545779849,0.4323294577039249,0.5676705422527123,2.3061255771157434,-1.002941912290181,0.30382443207231574,-0.2789435427420693,0.3216357112641864,0.5868265715199144,-0.18423931207134384,-1.4185843117894743,0.10798938486816805,0.5868265917838539,0.5968288826802336
3,Congestion,24,0.63529513547337,0.9315766269748486,0.635106656339068,0.002676965321901012,0.1032598327462687,0.0014739714019923029,2.7091065233003206,0.37981403167929745,2.3292924916210236,0.16305982740650474,0.578847991634702,0.22531803722148358,2.5690264237869345,0.2165,0.81,1.0265,0.2672839505842859,0.483,0.6155,0.411,1.4975669096112978,0.0,11.437702291357255,-3.913923950355752,-0.03876778458119199,2.9223108154734088,1.0307225836555363,1.4981791358120229,0.6879835387829504,0.40757716113688636,0.5924228388235706,2.528901813683645,-0.2361273894986563,0.15117296878220418,-0.1721382088527107,0.42641459533958437,0.5454110261729812,0.018267812357574707,-1.5422670480651521,0.11392619906122554,0.5454110464926684,0.43305938941664296,0.002873585651710027,0.1625383552079601,0.0014613508015815868,3.0138746683798647,0.5252225029731441,2.4886521654067204,0.21104697163100827,0.8951236099261257,0.19280659754070378,4.642598442581273,0.1745,0.7875,0.962,0.2215873015591635,0.5345,0.577,0.385,1.4987012983120254,0.0,10.514872790074378,-2.1864519506400484,0.014395525055444922,4.809103070623349,1.0317448157910087,1.2888211435316883,0.8005337442585088,0.444609131492941,0.555390868463966,2.3205660398457053,-0.9628396214443147,0.20610183013827088,-0.2812455043691832,0.2754181467949127,0.5846763308883939,-0.19331343145054244,-1.4204316569281283,0.11090863383985565,0.5846763511765037,0.6252546581778458
3,Congestion,25,0.6488070506572913,0.9514561951853192,0.6486263987102943,0.0026648217044480576,0.1027807663235181,0.0014617313849896885,2.7011933801474446,0.49054690974151305,2.2106464704059317,0.22190201657583258,0.8693033180392554,0.1664057558123766,5.223997891617402,0.165,0.785,0.95,0.21019108277577184,0.5215,0.57,0.38,1.499999999605263,0.163,11.88344239179969,-2.620170945006066,0.04713148209386269,4.535369119329976,1.0342225243918994,1.3277156002095052,0.7789488382533207,0.4378702869376163,0.5621297130200456,2.361938212999213,-0.8764395797875483,0.14483356831049612,-0.1552030192308994,0.2923720705274256,0.5322232523260141,-0.11680642194499659,-1.433227955447882,0.10305272459322605,0.5322232722449817,0.6953705501581331,0.0028007822354694945,0.1584149859799976,0.0014281806965633684,2.9810934566299014,0.4571418178394215,2.5239516387904795,0.1811214647679935,0.8786683856218017,0.19826485939163263,4.431790827052154,0.1625,0.7975,0.96,0.20376175546034336,0.5285,0.576,0.384,1.499999999609375,0.0,11.131829565387818,-2.4605224630705607,0.001786081530563111,4.5241731103904055,1.0274568752454494,1.3386243981515076,0.7675468014683575,0.434244117796899,0.565755882160837,2.36608135763965,-0.9555180609683982,0.3516078794979637,-0.4512289630069647,0.26213711183791394,0.5800646400467732,-0.1911459014200763,-1.4079002392496955,0.1137263900689668,0.580064660699575,0.6219453969124075
3,Congestion,26,0.6276697401398116,0.9204879479956865,0.6274832816064521,0.0025945746648407607,0.10006320558532253,0.0014451753075603213,2.617715447060145,0.7330787930426748,1.8846366540174702,0.38897619413327067,0.7585292576766431,0.1935077622435416,3.91989059503462,0.231,0.7155,0.9465,0.32285115299470984,0.5115,0.5675,0.379,1.4973614771774773,0.0,9.616274190997672,-3.2026674189199866,-0.02668848327320203,3.002582826392958,1.0505706397863364,1.403454410805917,0.7485605742677474,0.42810102508529074,0.5718989748739598,2.454025144929793,-0.8852693763165612,0.37009021344480153,-0.5031085292521218,0.6830981649865129,0.5795043587168028,-0.11172068560771177,-1.4338529720935531,0.10612687578853214,0.5795043809940879,0.6121241890737387,0.0028186947786133583,0.15942014232602006,0.0014507425649682324,2.9385374053778794,0.47634698647942464,2.4621904188984547,0.19346472263229272,0.8550071214076067,0.18510997520728453,4.6189143507165715,0.1695,0.7875,0.957,0.21523809521076342,0.526,0.574,0.383,1.4986945165799752,0.0,10.733758022491202,-2.619771560978336,0.007328667117713463,4.097211444677654,1.0298728292419463,1.3232391103494878,0.7782968483240428,0.43766418922552175,0.5623358107319814,2.3531120228384483,-1.0513947075200745,0.26997809042677995,-0.325405038619531,0.2944706946870521,0.5891875776008287,-0.20702624447092832,-1.4137985913822306,0.1149109280837359,0.5891875984447613,0.6107440773176698
3,Congestion,27,0.6120336455952702,0.8975195521757148,0.6118427693040058,0.0025490538262529713,0.0983063322057079,0.001399625540358995,2.7172789660775445,0.4319012066716599,2.2853777594058844,0.18898460216268145,0.7837361407072151,0.18514900474337304,4.233002177733644,0.169,0.7915,0.9605,0.21351863547523456,0.598,0.576,0.3845,1.4980494144348375,0.0,10.170295277626224,-3.557385974815702,0.0029283213509775437,2.858923757315152,1.0270570982364249,1.3750656005803517,0.746914981894871,0.4275622967551035,0.5724377032032667,2.40212279281242,-1.0756855331802848,0.4005009325014778,-0.5752980917532333,0.524371407728955,0.6317596664323032,-0.31082397413638335,-1.2476254485091807,0.10396614956030321,0.6317596911532122,0.603668356626269,0.002840109421930417,0.16062242131801308,0.0014730847546514767,2.94565624472129,0.4769172103905431,2.4687390343307465,0.19318251291008282,0.8489657832449482,0.18099234602005565,4.690617042346162,0.172,0.789,0.961,0.2179974651181245,0.533,0.5765,0.3845,1.4993498045515345,0.0,10.676452599081642,-2.3247170352744604,-0.006882966765496355,4.592581564388933,1.0248401264432436,1.3123681616864151,0.7809090134038423,0.4384890005757762,0.5615109993814379,2.3372083701888333,-0.9693458362619507,0.26721016067041536,-0.31927550234212704,0.29564551208615475,0.5964614921748332,-0.20631352530368477,-1.4152381641768015,0.11413725827748862,0.5964615131165432,0.602970522021799
3,Congestion,28,0.6281066320261283,0.921142148768605,0.6279192514499768,0.002610724986373347,0.10067561655261593,0.0012632781753932742,2.6698579142929026,0.9583226989979061,1.7115352152949965,0.5599199422705069,0.7111465323495063,0.19274422138426345,3.6895867843569445,0.2915,0.6805,0.972,0.42836149883492114,0.482,0.583,0.389,1.4987146525710244,0.174,9.190661719146362,-4.893855521816249,0.014199778386577665,1.8780002143478984,1.1154328579267245,1.3090494203088427,0.8520937716609295,0.4600705346019196,0.5399294653568345,2.424482370859365,-1.0776695281616975,0.6002416366597199,-0.7118052399098337,0.510867255801051,0.4894266300151037,-0.13962677595305698,-1.4465498845695037,0.10683353797793006,0.4894266487129319,0.5584009055703065,0.002834225855096506,0.16028426565881324,0.0014111062602076949,3.0381113739056804,0.5133616246939537,2.5247497492117263,0.20333168656968936,0.8615140999118415,0.21739279854853433,3.9629376192202117,0.177,0.785,0.962,0.22547770697764613,0.5505,0.577,0.385,1.4987012983120254,0.0,10.253092066244506,-2.1196769554731247,-0.020575493659178868,4.837101257003685,1.0133515847656585,1.3106219449362801,0.7731837457807921,0.43604265357188554,0.563957346385085,2.323973611466306,-0.935282715241432,0.3158837658228513,-0.2610849211159287,0.27501600104861446,0.6152667066229505,-0.24332638197149076,-1.3807509481569442,0.11190084138874387,0.6152667282698809,0.5885584004881916
3,Congestion,29,0.6112910398113423,0.8964754941157934,0.6111062436851135,0.0024635415551225986,0.09499589293787403,0.00135723527974612,2.513502348015135,0.34080149330991566,2.1727008547052193,0.15685615097733654,0.6982376420447394,0.239626786262147,2.913854718184534,0.149,0.7695,0.9185,0.19363222869478464,0.545,0.551,0.3675,1.4993197274831784,0.0,12.0340938931231,-2.919721198575644,0.0776931434041192,4.121658567462415,1.02344316561385,1.4111573545290694,0.7252509170976669,0.42037416697493063,0.5796258329839948,2.434600618724686,-1.0566172649405625,0.42889871000694,-0.3681695720429741,0.423983047409443,0.6888713057632436,-0.43533915397644063,-1.0751392566650249,0.08356083934321093,0.6888713336569985,0.5495229670926506,0.0027480299033771976,0.15540205996242393,0.0013247924760394613,2.9057630020514624,0.43546273397392715,2.470300268077535,0.1762792724364597,0.8458456193077265,0.2195073225115933,3.853382243673055,0.161,0.798,0.959,0.20175438593962977,0.584,0.575,0.384,1.4973958329433863,0.0,11.211948019912825,-2.1038910439301617,0.10023220111343913,5.329148603834301,1.027063242551172,1.2573211659930343,0.8168662631701656,0.44960175645776673,0.5503982434984577,2.284384491443845,-0.9604611879962126,0.35210620872038206,-0.361273050483025,0.18689291139601744,0.6302863325714714,-0.3017909208793101,-1.2455232300056445,0.09435939130542001,0.6302863554443771,0.607228701425723
3,Congestion,30,0.6283299166497127,0.9212958485777274,0.6281646088640871,0.002305357813089567,0.08887927525317106,0.00137373389564518,1.1880708281759815,0.3067874835440198,0.8812833446319618,0.348114468947927,0.29650062821883644,0.0982927128102821,3.0165067118400843,0.191,0.565,0.756,0.33805309728530036,0.527,0.4535,0.3025,1.4991735532234138,0.0,10.95134564101852,-3.1487897660422277,0.5662493546506304,3.4779538979624145,1.0402912754754519,1.0073771976851469,1.0326730421957842,0.508036964508687,0.49196303544247716,2.047668561777986,-0.9964408652654899,0.35614491754847144,-0.06869795359715095,0.48189606124964135,0.5384807217049773,-0.38085674028600414,0.056247937324518826,0.06069002391160365,0.5593661174595325,0.6003101286224614,0.0025022990438076254,0.1414531866351089,0.0013430564156764095,1.2882953558186814,0.3311731545726316,0.9571222012460496,0.34600927040129875,0.36023650617293423,0.06005383990439318,5.99855906211129,0.155,0.494,0.649,0.3137651821227196,0.408,0.389,0.26,1.4961538455784023,0.0,11.540308451606961,-3.0315137283480453,0.6682138304693244,3.8067808643950665,1.0245947942675007,0.7977503256382537,1.2843552189330925,0.562239711358442,0.4377602885866836,1.822345192550352,-1.20468291367543,0.4054699789818494,-0.3682922679180268,0.38088905406979173,0.6318086187102676,-0.4323996761834658,-0.2511257609561195,0.06505643641306391,0.6318086438962119,0.6343649583986936
9,Normal,0,,,,,,,,,,,,,,,,,,,,,,,,,,,,,,,,,,,,,,,,,,,0.0014755353880803461,0.060175797188110114,0.000554772475707849,0.5800393154933723,0.18349548941644897,0.39654382607692323,0.46273697206568043,0.1271604779082528,0.05162801683491741,2.4630130200149285,0.2105,0.4605,0.671,0.45711183486273355,0.4805,0.4025,0.2685,1.4990689007452256,0.094,4.030165447495847,-4.247589558198001,-1.1481616876008665,0.9488123539673462,0.38236432564158607,1.1217621719956652,0.3408604204643991,0.25421021850010617,0.7457897814334102,1.5041265994245152,-0.7094759002323897,0.4608629773113502,-0.4249741137023879,0.49730141567945507,0.6752528213085999,-0.692180707068736,-0.9281731930243513,0.09847120455507166,0.675252867004316,0.4144293996919115
9,Normal,1,,,,,,,,,,,,,,,,,,,,,,,,,,,,,,,,,,,,,,,,,,,0.0021653150944475987,0.08829823560583139,0.0012160834119980249,2.1569209353024235,0.3341138770405196,1.822807058261904,0.18329634807360062,0.6794545397760999,0.15330756075172652,4.431970191171742,0.148,0.777,0.925,0.19047619045167616,0.5095,0.555,0.37,1.4999999995945947,0.0,11.916452889763548,-2.6567577233201405,-0.016700366714635706,4.4853366886699275,1.0082144267777378,1.2964945036880586,0.7776465105189163,0.43745846315188497,0.5625415368047255,2.3047090366729033,-0.8394821731700362,0.3427946663086097,-0.2692075250791901,0.3831669356184172,0.5600309583246976,-0.15133694924947277,-1.3631498651695904,0.10341294831914385,0.560030984132411,0.6725893085076146
9,Normal,2,,,,,,,,,,,,,,,,,,,,,,,,,,,,,,,,,,,,,,,,,,,0.0022517155045285544,0.09181971474504216,0.001257389598322449,2.2770548159931048,0.35924038179889506,1.91781443419421,0.18731759203340334,0.6778468864224492,0.1511720770706836,4.483942399343456,0.1605,0.7765,0.937,0.20669671600686457,0.5135,0.562,0.375,1.4986666662670223,0.0,11.010804032282351,-2.194398934685637,-0.021344963660298304,5.017685643999803,1.0066071826765024,1.3076569347953266,0.7697792561755333,0.43495777989793755,0.5650422200588521,2.3142642200182233,-0.895954498404605,0.4379870964645755,-0.392297394662868,0.33063993347370685,0.5641098231977669,-0.15862198196571717,-1.3726582791163955,0.11107325543848248,0.5641098481938025,0.6330523642279355
9,Normal,3,,,,,,,,,,,,,,,,,,,,,,,,,,,,,,,,,,,,,,,,,,,0.00232035858458588,0.09461700277521054,0.0013259272944000987,2.253833800283799,0.38329370973491106,1.870540090548888,0.20491071624235915,0.6914799371560623,0.13024349456136763,5.309132244600057,0.1655,0.771,0.9365,0.21465629050393564,0.503,0.5615,0.375,1.4973333329340444,0.0,11.203901374800864,-2.0706480132411116,0.03701206752048271,5.410818885013062,1.0294000934523129,1.2622724834327126,0.8155133751876921,0.4491916095651911,0.5508083903911727,2.291672675419583,-1.007419912829806,0.27525148001450966,-0.29084240518907023,0.17543060636216887,0.5451097490691339,-0.11205617343100079,-1.4293504778181305,0.10790641042693562,0.5451097725071017,0.6584420480308252
9,Normal,4,,,,,,,,,,,,,,,,,,,,,,,,,,,,,,,,,,,,,,,,,,,0.002219386424338131,0.09049833947076653,0.0012545132102796865,2.214349492761649,0.3750555477445485,1.8392939450171006,0.20391278334832458,0.6478460335033739,0.13066899324124223,4.957917076865535,0.1705,0.7685,0.939,0.22186076770047358,0.512,0.563,0.376,1.497340425133686,0.169,10.760713248803484,-2.1683082774510467,-0.024355206835685917,4.962722948674513,1.0092987479201623,1.2929753367927173,0.7806017014568216,0.43839209005481833,0.5616079099017464,2.3022741882173627,-1.1501181316940223,0.4152150857824112,-0.42866249873217344,0.33934511107824844,0.5680654308180914,-0.137304293126543,-1.4722391850968444,0.11580001478204524,0.568065456356892,0.618697527548327
9,Normal,5,,,,,,,,,,,,,,,,,,,,,,,,,,,,,,,,,,,,,,,,,,,0.002294443431810379,0.09355699099090128,0.0013294438776028398,2.1893394880221346,0.3721226676846867,1.817216820337448,0.20477615191516213,0.6835605661128064,0.12098872558657975,5.649787302360421,0.163,0.771,0.934,0.21141374835130822,0.4875,0.56,0.374,1.4973262028082017,0.0,11.121300646606812,-1.963283663852053,0.043066921498943846,5.664642787390103,1.0276040595573965,1.2656943268073253,0.8118895990221485,0.44808999370619157,0.551910006250203,2.293298486085487,-1.1174227110042168,0.426739554423516,-0.4208589168425919,0.324590393063979,0.5158569065659292,-0.07576139654209436,-1.3978593907260137,0.10667145554212723,0.515856928997221,0.680355828212525
9,Normal,6,,,,,,,,,,,,,,,,,,,,,,,,,,,,,,,,,,,,,,,,,,,0.002192764053139505,0.08941024795663113,0.001281823583669487,2.1354959648962564,0.321935312828399,1.8135606520678578,0.17751560304507621,0.6398059336787015,0.12104864098942367,5.285527602131859,0.158,0.786,0.944,0.2010178116792598,0.5085,0.566,0.378,1.4973544969583716,0.0,11.29744180956402,-2.581746417107638,-0.01840663053166566,4.375891347912896,1.009265939478945,1.3165888435889084,0.7665764025852709,0.4339333421772393,0.5660666577797656,2.3258548889048103,-1.0582562167994864,0.44466546449740785,-0.42654058887484453,0.2650663832419014,0.5463120559501968,-0.15095595484514404,-1.4939452509076365,0.11024420236498536,0.5463120808098767,0.629489857264846
9,Normal,7,,,,,,,,,,,,,,,,,,,,,,,,,,,,,,,,,,,,,,,,,,,0.002277981521372688,0.09288478842613447,0.0013029197459053358,2.232001984264921,0.3407102347917118,1.8912917494732089,0.18014684136839115,0.6727713348298594,0.15108360046055475,4.452973931874298,0.1555,0.781,0.9365,0.1991037131627268,0.5075,0.5615,0.375,1.4973333329340444,0.0,11.102248086363431,-2.127323416376271,-0.03000240117480791,5.218881153836662,0.9973608916647128,1.2951993334791818,0.770044321215472,0.43504239525860583,0.5649576046977748,2.292560325554622,-1.126456022943707,0.41697712878793464,-0.4391260047558516,0.43961163888565336,0.5480708759663517,-0.17101429061963366,-1.3958329081539311,0.10352481139249771,0.5480708999710407,0.6318794078811483
9,Normal,8,,,,,,,,,,,,,,,,,,,,,,,,,,,,,,,,,,,,,,,,,,,0.002280796063490086,0.09299947859028618,0.0013056485183687147,2.2251161936120414,0.3815235045701098,1.8435926890419314,0.20694565931896994,0.6819167013122148,0.1339386166106653,5.091262834118212,0.167,0.7735,0.9405,0.21590174528559772,0.491,0.564,0.3765,1.4980079677296125,0.1655,10.98287192934265,-2.151873411792849,0.03394827944909913,5.103865249992473,1.029370694002163,1.2653625817157885,0.8134986041115753,0.4485796693017608,0.5514203306546611,2.294733376099546,-1.1491633474456604,0.3472067289518495,-0.45404097977160185,0.3037141070747351,0.5206617615841916,-0.07799074279274114,-1.4531718209568372,0.1081198080430413,0.5206617843601972,0.6597271383115696
9,Normal,9,,,,,,,,,,,,,,,,,,,,,,,,,,,,,,,,,,,,,,,,,,,0.0021729972463043774,0.08860226259000192,0.0012234577318203498,2.1862175040563216,0.3351525075668201,1.8510649964895014,0.18105928651037242,0.6444341246957093,0.13235919805872096,4.868827657318717,0.1595,0.7765,0.936,0.20540888600059126,0.5065,0.5615,0.3745,1.4993324428573211,0.0,11.156897334633754,-2.2032754578322624,-0.023155368365808792,5.063777792498228,1.0054289993832908,1.3304105848326775,0.7557283524124759,0.4304358082354027,0.5695641917217862,2.3358396914762887,-1.0946497506790744,0.5110333943003286,-0.43027974591503243,0.2831016258707907,0.5519382810018192,-0.12674386168894503,-1.4779404328540866,0.11989291224260198,0.5519383063464863,0.6241293047649378
9,Normal,10,,,,,,,,,,,,,,,,,,,,,,,,,,,,,,,,,,,,,,,,,,,0.0022076512700886786,0.09001378952082824,0.0012580993592727254,2.2164011784374242,0.34927976769932784,1.8671214107380962,0.18706858893688458,0.6758832442869844,0.11969067741713524,5.646916353950985,0.1595,0.783,0.9425,0.2037037036776879,0.51,0.5655,0.377,1.499999999602122,0.0,11.334947808833022,-2.512320531240789,0.01619204440693142,4.511744288768648,1.026090273009367,1.3205735142194897,0.7770035230019936,0.43725491421050033,0.562745085746886,2.3466638932910415,-1.034743771266526,0.37281055487354353,-0.39590716138589854,0.33341529598863323,0.5588558204354477,-0.11884625947997748,-1.4958781993858041,0.11748112879690602,0.5588558456940594,0.6582791462932467
9,Normal,11,,,,,,,,,,,,,,,,,,,,,,,,,,,,,,,,,,,,,,,,,,,0.002181287264120373,0.08893798455752389,0.0012653077224257083,2.1902333533738396,0.3639042377404145,1.8263291156334254,0.19925446876220676,0.6741894612731112,0.13587722043180156,4.961754874249283,0.163,0.78,0.943,0.20897435894756738,0.495,0.5655,0.3775,1.498013244636288,0.0,11.162331076573253,-2.42726308273825,0.0013176867188125268,4.598731450041626,1.027830621724512,1.3112290941796703,0.783868071726364,0.43942042808567366,0.5605795718715743,2.3390598229032733,-0.9695108385673792,0.3725933405992112,-0.44791792164649885,0.30136243279861724,0.5215489940391523,-0.06190683831157321,-1.4852573452124307,0.1159016853408658,0.5215490178971446,0.6654139528831616
9,Normal,12,,,,,,,,,,,,,,,,,,,,,,,,,,,,,,,,,,,,,,,,,,,0.002244768402666543,0.09152664604827505,0.0013072811719574292,2.197855000324129,0.3534171081807095,1.8444378921434192,0.1916123658416292,0.6726455896777561,0.14981523140862338,4.489834464121484,0.158,0.774,0.932,0.20413436689869063,0.494,0.559,0.373,1.498659517024488,0.0,11.153956007985357,-2.6388040059927675,-0.01156658969351074,4.226898239593334,1.0151226241192646,1.3025969757407299,0.7793067563849349,0.4379833626711299,0.562016637285724,2.3177197028780547,-1.2115199535917829,0.3336070760557188,-0.43808523083752504,0.4154846327068583,0.5359081900974199,-0.11481981066063032,-1.408428982091604,0.10680909475788074,0.5359082139174808,0.6499711424319854
9,Normal,13,,,,,,,,,,,,,,,,,,,,,,,,,,,,,,,,,,,,,,,,,,,0.0022193990376903833,0.09049149134182657,0.00128179880598333,2.197150374894339,0.36207369449589427,1.8350766803984444,0.19730711982975427,0.6596504012235126,0.13105377580093142,5.033433006326866,0.1655,0.774,0.9395,0.2138242893780589,0.5045,0.5635,0.376,1.498670212367375,0.0,11.035746623825787,-2.2068648361569103,0.010574328693027948,5.000644553539422,1.028499274248803,1.281353928707243,0.8026660324881421,0.4452660770338346,0.5547339229228726,2.309853306800676,-1.0998093749835078,0.35946019444869687,-0.3205946891130873,0.3210916776419578,0.5531998612315521,-0.12757201694768142,-1.4487704656247342,0.11102450036230255,0.5531998861018922,0.6411829106907241
9,Normal,14,,,,,,,,,,,,,,,,,,,,,,,,,,,,,,,,,,,,,,,,,,,0.0022144615907706174,0.09028834881391022,0.001264562481365618,2.2076456864565364,0.3537690539375226,1.8538766325190137,0.19082664278353031,0.6502082130235558,0.1419846575785442,4.579425859487148,0.1635,0.772,0.9355,0.21178756473940577,0.4935,0.561,0.3745,1.4979973293730315,0.0,10.919476202215378,-2.307563157978734,-0.016572865580096168,4.7320378486658115,1.011993454352493,1.2931874377413535,0.7825574427491795,0.43900826081782085,0.5609917391387987,2.3051809959600034,-1.1642883714971577,0.45741259413922664,-0.452360934889952,0.3754772515241628,0.5290702776752713,-0.14147829304390724,-1.4344026682691475,0.11154437663779487,0.529070301513963,0.6213934205699871
9,Normal,15,,,,,,,,,,,,,,,,,,,,,,,,,,,,,,,,,,,,,,,,,,,0.0022067051331728935,0.08997140364329347,0.0012566890299970824,2.198441709521899,0.3537262278154513,1.844715481706448,0.1917511027061273,0.6660031711991334,0.12204732905243378,5.4569254061046575,0.163,0.783,0.946,0.20817369090572493,0.509,0.5675,0.3785,1.4993394976223673,0.0,11.127774721042101,-2.441714681188273,0.025666081771405846,4.557360778602918,1.027399199890878,1.2932057945578572,0.7944591681656488,0.44272903070721265,0.5572709692496951,2.3206050993782097,-1.0014159811895755,0.4068060382687879,-0.4154214471469773,0.31206390847544535,0.5584959487722734,-0.1403751830343894,-1.48926169068501,0.11278226713778104,0.5584959740254667,0.6448698005870472
9,Normal,16,,,,,,,,,,,,,,,,,,,,,,,,,,,,,,,,,,,,,,,,,,,0.0022481867217906473,0.09166057293519402,0.0012658152833506474,2.2212462649061693,0.3507785619521241,1.870467702954045,0.18753521452382368,0.6598246972161423,0.15197624385905517,4.341630507685856,0.1595,0.772,0.9315,0.20660621758981784,0.515,0.5585,0.373,1.497319034451121,0.0,10.910148997122178,-2.0819577820919335,-0.04101679366845378,5.240331523742869,0.9886754535382589,1.2858028110950612,0.7689168548475611,0.4346823044511177,0.5653176955049163,2.2744783655753276,-1.1313873522546243,0.38681759730921106,-0.4196124225048808,0.3548764221842107,0.5611559488659846,-0.18130617158810428,-1.3899711975040803,0.10651269078848956,0.5611559737702491,0.6224111608121989
9,Normal,17,,,,,,,,,,,,,,,,,,,,,,,,,,,,,,,,,,,,,,,,,,,0.002230728417919151,0.09095000477930157,0.001248312243140697,2.2347705499122177,0.357465490998184,1.8773050589140337,0.1904141733820959,0.6744302472809447,0.12387414656532901,5.444479461102195,0.163,0.784,0.947,0.20790816323878722,0.5045,0.568,0.379,1.4986807383908491,0.0,11.041163948602275,-2.3219597996722428,0.037479776717732075,4.755105557678167,1.0270769046439017,1.3067070162944707,0.7860039716308113,0.4400908307684815,0.5599091691886695,2.333784025324808,-0.9729346031262597,0.43577784261746844,-0.45067928874395013,0.3448867267839723,0.5360953354009896,-0.13446291636636928,-1.4282767784541885,0.11197507678839337,0.5360953593796797,0.6492045386339779
9,Normal,18,,,,,,,,,,,,,,,,,,,,,,,,,,,,,,,,,,,,,,,,,,,0.002269620452073042,0.0925344817861784,0.0012959013176098682,2.223370340328758,0.34740597070434504,1.8759643696244135,0.18518793656799587,0.6703987038685524,0.14838696175555505,4.5179084165166845,0.159,0.7815,0.9405,0.2034548944077473,0.4895,0.564,0.3765,1.4980079677296125,0.0,10.950514894145272,-2.6620723780125672,-0.032970901162205794,4.113530114425094,0.9955623601784129,1.3001654980877895,0.7657197191942551,0.43365870068193685,0.5663412992745039,2.295727959186928,-1.0849781049858966,0.37995144681511234,-0.3681418997334177,0.37940907771477866,0.511627950740727,-0.11788722087535501,-1.4560657909317274,0.10807610123561562,0.5116279732320096,0.6375563604233581
9,Normal,19,,,,,,,,,,,,,,,,,,,,,,,,,,,,,,,,,,,,,,,,,,,0.0022708575253127935,0.09258146066713249,0.0012971023802451974,2.2419183416618242,0.3580027909235278,1.8839155507382963,0.19003123083952747,0.6958517580642777,0.13989781856989142,4.974000057186293,0.1565,0.7785,0.935,0.2010276171867659,0.5055,0.561,0.374,1.4999999995989306,0.0,11.4498948508338,-2.0496246457466896,0.027709777947408323,5.586337417456213,1.0253800048518362,1.2816546880488917,0.8000438919572043,0.4444579910144909,0.5555420089421635,2.30703479426313,-1.0234617574388871,0.3885835636775409,-0.4811761694350497,0.29430982459606714,0.5412136743293885,-0.10419542778684787,-1.413528289932546,0.10694923128182018,0.5412136981082759,0.6717690253145566
9,Normal,20,,,,,,,,,,,,,,,,,,,,,,,,,,,,,,,,,,,,,,,,,,,0.0022171234571077237,0.09039194984405416,0.001302090713755973,2.156783318772592,0.35809472846826135,1.7986885903043308,0.19908656249816123,0.6567405648848123,0.10958488418395469,5.992984973941078,0.1665,0.7795,0.946,0.2135984605242337,0.5155,0.5675,0.3785,1.4993394976223673,0.0,10.93272111990143,-2.5742669639287215,0.009596854345369586,4.246925929854513,1.0286281704404465,1.3046552181692064,0.7884291236768705,0.44085008079935634,0.5591499191577856,2.333283493615543,-1.1311621327486745,0.3939375255080155,-0.41111124538440397,0.40587153188748276,0.5576056090372502,-0.11650288967631238,-1.4183538211187587,0.11331577100102261,0.5576056341314473,0.6556442165343291
9,Normal,21,,,,,,,,,,,,,,,,,,,,,,,,,,,,,,,,,,,,,,,,,,,0.0022355379151271183,0.09114062044461359,0.0013199562109551142,2.1741369364005196,0.33782522166394524,1.8363117147365746,0.18396943118887119,0.6774876165394382,0.13289966122291413,5.097737720288892,0.156,0.7885,0.9445,0.1978440075842937,0.4895,0.5665,0.378,1.498677248280773,0.0,11.529674321719767,-2.745542344674618,-0.009771266352380055,4.199415952794652,1.016903100545052,1.3106045163622013,0.7759038579311809,0.4369064544040472,0.5630935455529885,2.3275077207884878,-1.0577919825089601,0.365990420366682,-0.2799756104698621,0.308239282733075,0.5085015532487813,-0.0507706626506995,-1.4956908441160013,0.10996379816330133,0.508501575944204,0.6710259493848564
9,Normal,22,,,,,,,,,,,,,,,,,,,,,,,,,,,,,,,,,,,,,,,,,,,0.002239918972032911,0.09131802751687888,0.001324235105432104,2.1283623822221007,0.35367544153103875,1.7746869406910621,0.19928891873931795,0.6844370726610254,0.10159109123101819,6.737176101700666,0.157,0.7795,0.9365,0.20141116097480294,0.493,0.5615,0.375,1.4973333329340444,0.0,11.288993181027877,-2.083278980191011,0.025749783914122134,5.418858101976784,1.0249195022619,1.279418164197924,0.801082500516413,0.4447783487356764,0.5552216512209274,2.3043377691053286,-0.8523652272670608,0.3341992116746916,-0.2679088432566007,0.21403781464769567,0.5181330333426862,-0.08840368682357148,-1.4504560075797643,0.10931484948779495,0.5181330564226487,0.7025695628263748
9,Normal,23,,,,,,,,,,,,,,,,,,,,,,,,,,,,,,,,,,,,,,,,,,,0.0021380230151603853,0.08716340158277056,0.0012749969743258934,2.0855012033156477,0.3254232048651471,1.7600779984505004,0.1848913543224488,0.6494743852374735,0.11509043059339504,5.6431658246869905,0.1555,0.7835,0.939,0.198468410951057,0.482,0.563,0.376,1.497340425133686,0.0,11.57411427229232,-2.3689436773291845,-0.0006253943382778778,4.885770135680361,1.0243723255079882,1.3055357053397922,0.7846375409264741,0.4396621291061368,0.5603378708509429,2.329908139589671,-1.0834267289368071,0.462394315870016,-0.3925506439874632,0.35253789435915334,0.49821087454723884,-0.08201092423904309,-1.4991298507061812,0.11569670833218697,0.4982108977998271,0.6725545288187311
9,Normal,24,,,,,,,,,,,,,,,,,,,,,,,,,,,,,,,,,,,,,,,,,,,0.002222204907677585,0.09059293333465525,0.0013294469450835554,2.1059490244740138,0.3267548983647378,1.7791941261092754,0.1836533144704771,0.6539607672024286,0.10670234987174568,6.12883190834686,0.1555,0.786,0.9415,0.19783715010205633,0.4965,0.5645,0.377,1.4973474797089263,0.0005,11.450978183985455,-2.1002080721578977,-0.014145860835051921,5.45230652869299,1.0126006318628897,1.3049773381527903,0.7759526561730503,0.4369219266492883,0.5630780733075631,2.3175780740757435,-0.9639503881971939,0.3671632269749758,-0.35270204065685035,0.26832150641731906,0.5257853148935804,-0.13976881149187234,-1.446088725007306,0.10849171826790102,0.5257853385015253,0.6605435838704845
9,Normal,25,,,,,,,,,,,,,,,,,,,,,,,,,,,,,,,,,,,,,,,,,,,0.0023395131972625246,0.09537351340993261,0.001343137838734648,2.236881011252354,0.3365489439283139,1.9003320673240403,0.17710007092840177,0.6770505288267084,0.16045123725052274,4.219665363799094,0.1545,0.782,0.9365,0.19757033245555367,0.511,0.5615,0.375,1.4973333329340444,0.0,11.119545131773066,-2.0417760252751123,-0.04730483319030319,5.446016112237481,0.9811671362951282,1.2961990862814674,0.7569571268825703,0.4308341480282252,0.5691658519278646,2.2773663196924523,-1.0870467550002383,0.44447089908371984,-0.4170724844303319,0.3381003001512097,0.5460932547005473,-0.1216965381757129,-1.3703607290989595,0.10048475511666889,0.5460932779881125,0.6386325070588086
9,Normal,26,,,,,,,,,,,,,,,,,,,,,,,,,,,,,,,,,,,,,,,,,,,0.002303980447677384,0.09392574172974213,0.0013074586989100276,2.2470289133281347,0.3555126622730981,1.8915162510550367,0.18795115403106244,0.6916666073731979,0.11773576118315622,5.874736782053242,0.157,0.7785,0.9355,0.20166987794455107,0.4945,0.561,0.3745,1.4979973293730315,0.0,11.412679933703771,-3.2692265851816273,0.034288409714053905,3.4909418591800137,1.0255892965347755,1.3056749378840404,0.7854859327531272,0.4399283793527,0.5600716206044047,2.3312643353698914,-1.0610651026421567,0.35277908548862286,-0.25371555522778755,0.3742239105120147,0.543653391959507,-0.15269500058528063,-1.4728549664906165,0.11095987449500064,0.5436534155014092,0.6579186358056567
9,Normal,27,,,,,,,,,,,,,,,,,,,,,,,,,,,,,,,,,,,,,,,,,,,0.002337991132261915,0.09531039928120062,0.0013604153226382445,2.2561690188508114,0.3478186882061768,1.9083503306446346,0.18226144466381003,0.6810187919952052,0.15990340916409224,4.258938537517062,0.1595,0.7825,0.942,0.20383386578864743,0.477,0.565,0.377,1.498673739655524,0.0,11.094401222731676,-2.2002907547813493,-0.02492632392631539,5.042243257223494,1.0032038481370018,1.3006248341208795,0.771324537054497,0.43545071550644154,0.5645492844501525,2.30382878056631,-1.037678244328043,0.41088733399757915,-0.3270670118968632,0.23552042466261489,0.492914444687918,-0.06308616550638815,-1.4096498781849318,0.10451468551589564,0.4929144657214458,0.6435827445772948
9,Normal,28,,,,,,,,,,,,,,,,,,,,,,,,,,,,,,,,,,,,,,,,,,,0.002356850354771965,0.09607753472681044,0.0013791693028120731,2.2745323309983285,0.3760935975741968,1.8984387334241317,0.19810678687325473,0.7097005478920411,0.14490471942496597,4.897704851978718,0.1615,0.7805,0.942,0.20691864186970935,0.4815,0.565,0.377,1.498673739655524,0.0,11.111072721393384,-2.067746705306149,0.01295865211561987,5.37351731348107,1.0263888269034065,1.2800525633766027,0.8018333435587602,0.44500971547961116,0.5549902844770321,2.306441487910537,-0.9530812731573342,0.33266815320914556,-0.35515920934558226,0.26425509230653216,0.4977637096564058,-0.07455657703909695,-1.4072654988040614,0.10242029852521374,0.49776373072649854,0.6682815183616769
9,Normal,29,,,,,,,,,,,,,,,,,,,,,,,,,,,,,,,,,,,,,,,,,,,0.0022365253738139855,0.09117070252948963,0.001287431288570888,2.234520353104208,0.34828776126707034,1.8862325918371372,0.1846473031776973,0.6917763343799638,0.13496504746014595,5.125596196094251,0.1555,0.787,0.9425,0.19758576871695224,0.5085,0.5655,0.377,1.499999999602122,0.0,11.39764250431034,-2.3407287268966,0.014103877586954482,4.869270997897611,1.0246437413915448,1.3017603170688594,0.7871216597076771,0.44044100491537225,0.5595589950416431,2.326404162246438,-1.0703668828916093,0.3496735674755498,-0.39141171726097906,0.27984315104739743,0.5474526292870865,-0.1465059383347698,-1.3988668354805152,0.10881126513491994,0.54745265371016,0.6633573653584006
9,Normal,30,,,,,,,,,,,,,,,,,,,,,,,,,,,,,,,,,,,,,,,,,,,0.002180754001760544,0.08889748724918457,0.0012613012154282775,2.159091355548932,0.32582709021074696,1.8332642653381854,0.17773056310180574,0.653139876847205,0.16237569681052677,4.022399221523292,0.1545,0.782,0.9365,0.19757033245555367,0.555,0.5615,0.375,1.4973333329340444,0.0,11.725287229760966,-2.218887719596239,0.057583767665790354,5.284308496405637,1.025224679987552,1.24337547700152,0.8245495418467577,0.4519195137952636,0.5480804861606564,2.2686002607904587,-1.019477011834627,0.3258083705701236,-0.24721296097979817,0.3620648451668985,0.5887899957308778,-0.24659886743329787,-1.210233901466604,0.08905742453277736,0.5887900226713758,0.6310315924183223
9,Normal,31,,,,,,,,,,,,,,,,,,,,,,,,,,,,,,,,,,,,,,,,,,,0.0020290185963102248,0.08271192575271691,0.001227063724665759,1.5163289196603604,0.27512919818382414,1.2411997214765367,0.2216639219306002,0.5831415760957777,0.2170315157777634,2.686898138905388,0.1505,0.8135,0.964,0.18500307311800823,0.8275,0.578,0.386,1.4974093260369403,0.0,11.687699506902732,-3.741640469688946,0.3602723593514673,3.123683208280564,1.0226395083760722,1.3833875905710076,0.7392284817879885,0.42503241496369437,0.5749675849947433,2.4060272172873076,-1.1081673142441277,0.3930984883585882,-0.29196849268613656,0.3621791085904791,0.42928974947586734,-0.02381430054951538,0.5936254866097657,0.042960591108926006,0.5952516299992118,0.9005585545572675
9,Ischaemia,0,,,,,,,,,,,,,,,,,,,,,,,,,,,,,,,,,,,,,,,,,,,0.0015602197345085057,0.06350066754867043,0.0011137630158727782,-0.16541758388360273,6.469089749278588e-07,-0.16541823079257767,-3.91074775869239e-06,-0.020182970026570855,-0.03036150156298315,0.664755333367752,0.0005,0.6085,0.609,0.0008216926868000505,0.24,0.365,0.244,1.4959016387311879,0.0,0.22154789394618035,-3.7488639762515277,-1.6433728324336212,0.059097341312926314,0.0005000572593321325,1.2228073967897506,0.00040894196469864677,0.0004087747995290081,0.9995912251187254,1.2233075323328524,-0.6093193705038876,0.5815166642664268,-0.9489719839196031,0.7840347367951142,0.27193493394627405,0.28891452161260633,-1.2809662808488707,0.0931151217624068,0.27193495134835205,0.19317650730763253
9,Ischaemia,1,,,,,,,,,,,,,,,,,,,,,,,,,,,,,,,,,,,,,,,,,,,0.0012833844276116725,0.05222928854673384,0.0008162892044401115,1.3058525885357692,0.17594605044426054,1.1299065380915088,0.15571734873388202,0.4009583253697788,0.09717555104844003,4.1261235015513,0.1395,0.794,0.9335,0.17569269519197825,0.522,0.56,0.3735,1.4993306555557349,0.0005,12.367061783930296,-3.1931884052588657,-0.017089648878632773,3.8729508610189343,1.0044130222825363,1.3693467831819377,0.7334979236415495,0.4231317001526569,0.5768682998052157,2.373759990188031,-0.915136932584978,0.5627707375880161,-0.4120426981448199,0.39420837276294807,0.569434111831103,-0.16379716834018018,-1.4121562067466837,0.10605585812558359,0.5694341561438824,0.6521760599626587
9,Ischaemia,2,,,,,,,,,,,,,,,,,,,,,,,,,,,,,,,,,,,,,,,,,,,0.0013570371627835203,0.05522752598537878,0.0008898434358297435,1.3236658898044036,0.18294215490567733,1.1407237348987262,0.16037376035301099,0.42077910394563933,0.07837705893170899,5.368651352118288,0.142,0.8,0.942,0.17749999997781246,0.4885,0.565,0.377,1.498673739655524,0.0005,12.51169517206381,-3.0460346232683833,0.010255170221746981,4.1075354416779595,1.0211322922951327,1.3833562110204651,0.7381557144042133,0.4246775523545257,0.5753224476038854,2.4044886802617853,-0.987366371063698,0.5485972997425941,-0.4403216012968015,0.3962470687780308,0.4987306117378802,-0.12339793891977352,-1.4127023462283934,0.1037445464472555,0.49873064843944076,0.6890945124802543
9,Ischaemia,3,,,,,,,,,,,,,,,,,,,,,,,,,,,,,,,,,,,,,,,,,,,0.0013809986566603399,0.05620204157166977,0.0009241340782621488,1.3187631232633255,0.21342713446861677,1.1053359887947087,0.19308801722997843,0.425209953873268,0.06768334128200856,6.282342821601541,0.153,0.7895,0.9425,0.1937935401907798,0.469,0.5655,0.377,1.499999999602122,0.0,11.201511042280458,-3.802424592958687,-0.002050684419205452,2.945886438544706,1.0203242332062468,1.3734854568262689,0.7428722510754765,0.4262344819691009,0.5737655179891247,2.393809863132166,-1.0981649275584697,0.43252383998639343,-0.6520791593019031,0.5152412746541792,0.47360589551306503,-0.13909206212705044,-1.3664968307290386,0.1022794445040755,0.47360592976015453,0.691210503135595
9,Ischaemia,4,,,,,,,,,,,,,,,,,,,,,,,,,,,,,,,,,,,,,,,,,,,0.0013472854799578202,0.054829940826739205,0.000853288716754355,1.35932721315867,0.1958664340597453,1.1634607790989246,0.1683481193019715,0.4295180944458281,0.09638802718158875,4.4561353371309345,0.145,0.795,0.94,0.18238993708397608,0.5055,0.564,0.376,1.4999999996010636,0.0,12.095246872635471,-3.295648738323848,-0.029266834031729094,3.6700655417603913,0.9956093859226638,1.4133688384736676,0.7044229069939062,0.4132911521567719,0.5867088478017164,2.408978402957793,-0.8995777643249399,0.4588619164572763,-0.4316805708715105,0.4720155752267981,0.5330437391900298,-0.12350268336437575,-1.3758368695836065,0.1059993095137196,0.533043778701001,0.6758499917849515
9,Ischaemia,5,,,,,,,,,,,,,,,,,,,,,,,,,,,,,,,,,,,,,,,,,,,0.0013996846347343517,0.05696188270406489,0.0009056493619246969,1.31132333938214,0.20442206683516745,1.1069012725469725,0.1846795842472253,0.44177591758465873,0.056093441873165506,7.875714201956078,0.147,0.804,0.951,0.18283582087278158,0.515,0.5705,0.3805,1.4993429693825642,0.0,11.981508101365932,-2.689749444580116,0.0689555647828712,4.454507138225605,1.0218006475126584,1.323703175731663,0.7719258109890658,0.43564228603802935,0.5643577139193359,2.3455039905835062,-1.0357828041543666,0.4552092114894397,-0.4587014493072279,0.48100887623076066,0.5345173612093934,-0.07493500126509271,-1.4472632000042072,0.1000012944945175,0.5345173993443556,0.742978413640018
9,Ischaemia,6,,,,,,,,,,,,,,,,,,,,,,,,,,,,,,,,,,,,,,,,,,,0.0013670037009175684,0.05563160747012767,0.0009271273543243659,1.2570084207619918,0.18023289040442816,1.0767755303575637,0.1673820451026039,0.41787941212305746,0.06520117149247365,6.409078271398646,0.138,0.8065,0.9445,0.17110973339477872,0.462,0.5665,0.378,1.498677248280773,0.0,12.255002929741238,-2.915230250437503,-0.029017642170399562,4.203785593773147,0.992055346933108,1.4072109732331808,0.7049798258631276,0.4134827962003827,0.5865172037579378,2.399266495439151,-1.3019876229335732,0.5195431221454516,-0.5938745812789002,0.5056463965258103,0.43800705302862264,-0.06308108731365497,-1.4817607358596494,0.10184075556796637,0.4380070850262167,0.7190508810498941
9,Ischaemia,7,,,,,,,,,,,,,,,,,,,,,,,,,,,,,,,,,,,,,,,,,,,0.0013233493378598709,0.053854493757907414,0.0008834514671078336,1.2629504978160488,0.16999577412157893,1.0929547236944699,0.1555378008078829,0.427869660658101,0.051421022621616935,8.320909192617602,0.1295,0.809,0.9385,0.1600741656168017,0.5,0.563,0.3755,1.499334220639325,0.0,13.295818413342317,-2.6407581451066733,0.026254751002722624,5.0348489646717525,1.016856563414105,1.397774748808013,0.7274824246242152,0.42112290941684505,0.5788770905417407,2.4146314944442904,-1.1563786199203647,0.6234433667335232,-0.5400361169224895,0.40951513551563284,0.5025301343150302,-0.12109922138957156,-1.4217960105809768,0.10910769562612223,0.5025301722388873,0.7567036626850489
9,Ischaemia,8,,,,,,,,,,,,,,,,,,,,,,,,,,,,,,,,,,,,,,,,,,,0.0013442976211695602,0.054706091239887636,0.0008697950580509821,1.283303707418051,0.18091590510041067,1.1023878023176406,0.16411276023160362,0.40183635135610174,0.06417141013018375,6.261921779725724,0.143,0.796,0.939,0.17964824118346126,0.513,0.563,0.376,1.497340425133686,0.0,11.752073371153642,-3.2814373542850035,-0.053142117149787955,3.5813797741557614,0.9718172241589467,1.3631556736480355,0.7129172719407075,0.41620064414026475,0.5837993558169082,2.3349730712681236,-1.279453920323031,0.6121643134142113,-0.4976104968819434,0.5831606479443017,0.5265707737357376,-0.16305046782052818,-1.5053257963890516,0.11091426716079458,0.5265708128537794,0.6671747678660642
9,Ischaemia,9,,,,,,,,,,,,,,,,,,,,,,,,,,,,,,,,,,,,,,,,,,,0.0013947865696108722,0.056761450876527744,0.0009202808012628612,1.3072432378651868,0.18949692881061544,1.1177463090545714,0.16953482848352686,0.43804830044454324,0.06180083314335394,7.088064633686002,0.1395,0.803,0.9425,0.17372353671560106,0.4945,0.5655,0.377,1.499999999602122,0.0,12.646759847437693,-2.3494562314962195,0.0465713341751756,5.382845476055321,1.0201926910658492,1.303051280994529,0.7829259721911436,0.43912421738349533,0.5608757825734613,2.3232441383943248,-1.0579655913927357,0.5555989882595974,-0.3599080384228853,0.40791907153647816,0.50198465787784,-0.0661099155271484,-1.4671881163218,0.10314584482800872,0.5019846938177112,0.7428562867816464
9,Ischaemia,10,,,,,,,,,,,,,,,,,,,,,,,,,,,,,,,,,,,,,,,,,,,0.0012983971483374367,0.05283804043697539,0.0008850087723208152,1.2340718757203875,0.18294682385239647,1.051125051867991,0.1740485810987669,0.3981485781708549,0.05725982600062909,6.953366876650026,0.1455,0.79,0.9355,0.18417721516655983,0.464,0.561,0.3745,1.4979973293730315,0.0,12.25063262347345,-2.588460078138411,0.004924738161174455,4.732787933051947,1.021908211368637,1.347232367383071,0.7585240943088298,0.4313413144372981,0.5686586855204925,2.3691407609813515,-1.104298782920188,0.5836524287053771,-0.557004761577292,0.4153131461281861,0.45810375275198717,-0.08187707171448608,-1.44573689052363,0.1148663208185622,0.4581037879884287,0.7080934376219985
9,Ischaemia,11,,,,,,,,,,,,,,,,,,,,,,,,,,,,,,,,,,,,,,,,,,,0.0013758804248158321,0.05599210993097654,0.0008880257793574481,1.3144507936854677,0.18363735853944793,1.1308134351460197,0.16239403673117467,0.40445483014021133,0.09150135846976165,4.420205737512089,0.1495,0.8085,0.958,0.18491032774459984,0.494,0.5745,0.3835,1.4980443281621787,0.0005,11.472826163873833,-3.220660882488801,-0.06100045086561703,3.562258363150564,0.966858770948573,1.3592303015392408,0.7113281463652884,0.41565853274609393,0.5843414672109155,2.3260892413170673,-0.9602285942665447,0.5415792966326729,-0.4379245923471772,0.4860979749851132,0.49478250768788024,-0.1272553496126259,-1.4158034682913372,0.10133920913471291,0.4947825435995581,0.6488504900195153
9,Ischaemia,12,,,,,,,,,,,,,,,,,,,,,,,,,,,,,,,,,,,,,,,,,,,0.0014332385835674102,0.0583253433977723,0.0009453452272300724,1.370498034818857,0.18523538881685464,1.185262646002002,0.15628214508070606,0.4439748627563317,0.08926817328644623,4.973495546216042,0.133,0.797,0.93,0.1668757841697772,0.475,0.558,0.372,1.4999999995967743,0.0,13.094300093437937,-3.170891957930394,0.0125389419157934,4.129532089630543,1.0180929120294393,1.3691370455266536,0.743601902586354,0.4264745877389441,0.5735254122191662,2.387230123879308,-1.0104738313484252,0.4663175602533006,-0.44926044549004,0.3573131449979852,0.46576147400400686,-0.14262118736064586,-1.399777127842838,0.09638005559459015,0.4657615064545655,0.6952008445350781
9,Ischaemia,13,,,,,,,,,,,,,,,,,,,,,,,,,,,,,,,,,,,,,,,,,,,0.0013986672000133433,0.05691855385764002,0.0009274321235183159,1.3511018114488553,0.2147878757047002,1.1363139357441552,0.18902159775514557,0.4194415917912389,0.08003967871879639,5.240420726085397,0.1625,0.802,0.9645,0.20261845384007252,0.472,0.5785,0.386,1.4987046628241698,0.0,11.057567988540313,-3.384831552468995,0.0069526805352396505,3.2668000805381054,1.0266302780887493,1.445159099417963,0.7103925639960228,0.4153388987708875,0.584661101188656,2.4717895539841592,-1.128328099817524,0.494320820101572,-0.5482904560450111,0.550846992596488,0.461855403172903,-0.06679500968379191,-1.44671455988619,0.10336161300969564,0.46185543614782526,0.6607387727230708
9,Ischaemia,14,,,,,,,,,,,,,,,,,,,,,,,,,,,,,,,,,,,,,,,,,,,0.001365436836235243,0.055565459429907205,0.0008805147133821311,1.3541741758561612,0.1762389547362872,1.1779352211198741,0.14961684782103168,0.4384657792247803,0.08543905570257174,5.131912743019597,0.1305,0.8045,0.935,0.16221255436144033,0.525,0.561,0.374,1.4999999995989306,0.0,13.074158033468848,-3.196702068080981,-0.018008680902183032,4.089889440622295,1.0011811419126548,1.4413925949087358,0.6945929550211037,0.4098877863046784,0.590112213654381,2.442573915463016,-0.8937605891225128,0.5444688478127327,-0.4238578237634987,0.4675637276180404,0.5505408602356462,-0.15968899926374863,-1.4209541758967204,0.10615286909207221,0.5505409005003524,0.7039376164252878
9,Ischaemia,15,,,,,,,,,,,,,,,,,,,,,,,,,,,,,,,,,,,,,,,,,,,0.0014175572437697167,0.05768605319085421,0.0009279335433356034,1.3865156482852368,0.18586055724205203,1.2006550910431848,0.15479929133110812,0.4402516284299537,0.08965489274617168,4.9105142447198045,0.14,0.808,0.948,0.1732673267112293,0.522,0.5685,0.3795,1.4980237150202835,0.0,12.544356672110098,-2.893652905205272,-0.0034999922048492152,4.33512832486269,1.0167896074070357,1.4226307645808058,0.7147248833995037,0.41681606788287573,0.583183932076131,2.439420543830098,-1.1790723527327307,0.7261567785175249,-0.5852267643862142,0.46153698513514246,0.5531607179288364,-0.11228296329112565,-1.4351023712787128,0.10062108593725025,0.5531607568956283,0.6850335950030482
9,Ischaemia,16,,,,,,,,,,,,,,,,,,,,,,,,,,,,,,,,,,,,,,,,,,,0.0013827652803225258,0.056269675037002184,0.0008930632748826712,1.3658536536766932,0.18744574465511551,1.1784079090215778,0.15906694380118636,0.4474190555226077,0.08847210534483976,5.057176533473172,0.137,0.8105,0.9475,0.16903146203960132,0.5125,0.5685,0.379,1.4999999996042217,0.0,12.680461988762033,-2.7241109882310752,0.02180487399715802,4.6548991737413425,1.0186535088788804,1.3511415017902182,0.753920671856949,0.4298487861818412,0.570151213775961,2.369795181812978,-0.8729441632348329,0.48493399107098883,-0.47788159521168094,0.38994968089850757,0.5321023524467232,-0.08224950219710032,-1.404759184509758,0.10214825372978595,0.5321023908745451,0.7188923137952778
9,Ischaemia,17,,,,,,,,,,,,,,,,,,,,,,,,,,,,,,,,,,,,,,,,,,,0.0014091198224622885,0.05734243173497347,0.0009206826529100463,1.3524807162758972,0.1821772455336495,1.170303470742248,0.15566667114345953,0.43728829109846834,0.09244484842794709,4.730261318631198,0.136,0.8055,0.9415,0.16883923027078346,0.4785,0.5645,0.377,1.4973474797089263,0.0,12.686887678545531,-3.2263868838039116,-0.020544119902838432,3.9322276388609856,1.0003017789266182,1.421329960760847,0.703778718856227,0.41306932119018636,0.5869306787685192,2.421631911299512,-0.9231841597706217,0.5191506538995334,-0.40467396605677153,0.5127220888989464,0.4707292971610677,-0.07046197590819159,-1.4326921288332408,0.10136879887693288,0.47072933051990457,0.6979821991292648
9,Ischaemia,18,,,,,,,,,,,,,,,,,,,,,,,,,,,,,,,,,,,,,,,,,,,0.001419025353105828,0.05774471725462678,0.0009304746446424961,1.3087148563468254,0.18527013874918286,1.1234447175976423,0.16491255495764007,0.44621394783827706,0.05610893716326493,7.952635883025675,0.1335,0.8055,0.939,0.16573556794962935,0.505,0.563,0.376,1.497340425133686,0.0,12.990076393222353,-2.8016371223339434,0.05780485688467753,4.636602038574191,1.0183774935702719,1.360149360801023,0.7487247524754587,0.42815471755379425,0.5718452824041631,2.37852702175038,-0.9148938482925649,0.5950535991001042,-0.4694570682449481,0.38151394178182363,0.5253338298758435,-0.08166398475821694,-1.4520104221713495,0.10149555089508809,0.5253338668440602,0.7648222033342112
9,Ischaemia,19,,,,,,,,,,,,,,,,,,,,,,,,,,,,,,,,,,,,,,,,,,,0.001331170805258889,0.05416934932695018,0.0008803910022019291,1.270185872012454,0.18505206837139343,1.0851338036410603,0.17053387124556985,0.4132089735388239,0.06476713411123894,6.379917508641604,0.143,0.7975,0.9405,0.17931034480510213,0.494,0.564,0.3765,1.4980079677296125,0.0,12.05807550241343,-2.5460120238481068,-0.03128918641404015,4.736063847693439,0.9920734180459991,1.3294502218436097,0.7462283293282109,0.4273372025840924,0.5726627973728324,2.3215238140545833,-1.0271131565281448,0.4698360106825886,-0.4402326859393972,0.4693920443924063,0.5013694188800781,-0.08801325772376824,-1.4611977634214808,0.11313156995520933,0.5013694564937343,0.710818116609707
9,Ischaemia,20,,,,,,,,,,,,,,,,,,,,,,,,,,,,,,,,,,,,,,,,,,,0.0014070426213478276,0.05725606588867766,0.0009562183648436867,1.3040292224069288,0.17909660842907738,1.1249326139778515,0.15920652151763723,0.4314200659115184,0.059571364487429446,7.242071235053682,0.1345,0.8025,0.937,0.16760124608503413,0.4695,0.562,0.375,1.4986666662670223,0.0,13.161456874961118,-3.217932410882554,0.0033092134508027056,4.09003521330718,1.0192912538387606,1.3816551627865856,0.7377320196953008,0.4245372769413876,0.5754627230169621,2.4009465870230406,-0.9762990026268036,0.4800051788359297,-0.46504413900631253,0.36495258545456166,0.46903709078343697,-0.10113820271174737,-1.418827812369956,0.10441968121143619,0.46903712407149295,0.7262279519020443
9,Ischaemia,21,,,,,,,,,,,,,,,,,,,,,,,,,,,,,,,,,,,,,,,,,,,0.0014544178543969804,0.05918395563770787,0.0009660206449796619,1.345879359877249,0.20409863581748958,1.1417807240597593,0.17875466935009482,0.4403552510969761,0.081152488724383,5.426269205987277,0.147,0.798,0.945,0.18421052629270543,0.475,0.567,0.378,1.4999999996031743,0.0,11.710983880613242,-2.3215572393109483,-0.03045922880410549,5.044451922962143,0.9938578091492197,1.323893189849642,0.7507084534417946,0.4288026666952707,0.5711973332615841,2.3177511581264474,-1.0264379133087467,0.4701532872100399,-0.34955296496809185,0.396149507106767,0.4759772336402855,-0.0661918493712794,-1.3702984888262322,0.0967811383622408,0.47597726631899345,0.7072294732485863
9,Ischaemia,22,,,,,,,,,,,,,,,,,,,,,,,,,,,,,,,,,,,,,,,,,,,0.0014599457006023385,0.059408533376255096,0.000971512135208226,1.3643618315616888,0.2181388006903109,1.146223030871378,0.1903109558926303,0.46196868208088104,0.07715167864368411,5.9877981866817045,0.1465,0.7955,0.942,0.1841609050679873,0.4625,0.565,0.377,1.498673739655524,0.0,12.12133016028173,-3.1272462821279987,0.014608478559393172,3.8760395141139696,1.0225286392929072,1.388824350083833,0.7362548324829984,0.4240476793548149,0.5759523206037145,2.4113531543029114,-0.9553574011812462,0.3091345487996054,-0.318237251920666,0.31417930577717673,0.44504726252450516,-0.04350263616806491,-1.4163094126282052,0.09820314989036345,0.4450472929638234,0.7361882216296812
9,Ischaemia,23,,,,,,,,,,,,,,,,,,,,,,,,,,,,,,,,,,,,,,,,,,,0.0013375953717576238,0.05442954923839849,0.0008691923314303379,1.3147442768797113,0.1786310106531162,1.136113266226595,0.15722993115878792,0.4321695739005553,0.07239535091584773,5.969576331026437,0.132,0.79,0.922,0.16708860757378624,0.5035,0.553,0.369,1.4986449860437279,0.0,13.134839228218596,-2.521649995412929,0.022115661797391058,5.208827256594283,1.017730401564564,1.3599277373979004,0.7483709417068459,0.4280389955327497,0.5719610044251923,2.377658316480856,-0.835131391302757,0.5036721630938529,-0.36257471150818704,0.2720047099166762,0.5184911949594547,-0.1595150582429111,-1.3970362043920181,0.1092937922006625,0.5184912336705384,0.7165141441755055
9,Ischaemia,24,,,,,,,,,,,,,,,,,,,,,,,,,,,,,,,,,,,,,,,,,,,0.0013656973958220795,0.05557355080587934,0.0009101160239194476,1.309006315894918,0.1864026687067757,1.1226036471881424,0.16604495198021665,0.3946822210909541,0.0793150077213213,4.97613543681523,0.1555,0.7985,0.954,0.19474013773390855,0.4815,0.572,0.382,1.4973821985608946,0.0,11.761598271637126,-2.6968096147897995,-0.011011726172530725,4.361300926360626,1.0157852068459692,1.400312972431667,0.7253986978421697,0.42042381204377455,0.5795761879148364,2.4160983559491687,-1.181481452196357,0.7110629225970226,-0.6143849989371793,0.4257766709004967,0.4945021002151637,-0.047005738423195706,-1.4335345322369246,0.1070553422161339,0.49450213637447404,0.6483665598740903
9,Ischaemia,25,,,,,,,,,,,,,,,,,,,,,,,,,,,,,,,,,,,,,,,,,,,0.0013313390988741697,0.05417475832829771,0.0008757206731056216,1.2721463076217594,0.17823742511233567,1.0939088825094236,0.16293626274170656,0.42093913682588235,0.05753673913449545,7.316006128020432,0.1385,0.7955,0.934,0.17410433687314844,0.4815,0.56,0.374,1.4973262028082017,0.0,13.170943090242645,-3.224400999603972,0.03394345009541037,4.084772052685708,1.0211108346221054,1.3638007984881462,0.7487243266606052,0.4281545783093109,0.5718454216487586,2.3849118120080632,-1.1795070679033735,0.5139361666155199,-0.5246757191281457,0.4688853218751352,0.49429470303396267,-0.10925844801182462,-1.4680610627618016,0.11335937949800065,0.49429474011216684,0.7267249206092439
9,Ischaemia,26,,,,,,,,,,,,,,,,,,,,,,,,,,,,,,,,,,,,,,,,,,,0.001360539984259396,0.05536246038978394,0.0009026785792000068,1.2836325241987105,0.17970889934171705,1.1039236248569937,0.16279106206166943,0.4087380444320754,0.07319175219669738,5.584482289413897,0.1435,0.805,0.9485,0.17826086954307316,0.4655,0.569,0.3795,1.4993412380765898,0.0005,12.093271114952131,-3.304056743320757,-0.034346725634180106,3.6601281557990806,0.9899199055354404,1.3868471242213165,0.7137916560340989,0.41649850115730563,0.5835014988006203,2.3767672042120007,-0.9296781575714201,0.39364021112118813,-0.4496919598386924,0.40466976704562213,0.4739362443131551,-0.11173656273433394,-1.471802019338281,0.10657642187249715,0.4739362791001839,0.6822840592830335
9,Ischaemia,27,,,,,,,,,,,,,,,,,,,,,,,,,,,,,,,,,,,,,,,,,,,0.0013935664426920772,0.056705761259691956,0.0009266637774637494,1.3350922780381222,0.19474113714313784,1.1403511408949845,0.17077295768145714,0.4334445075083595,0.08891668244690118,4.874726486559247,0.142,0.7845,0.9265,0.18100701081185377,0.4775,0.5555,0.371,1.4973045818066564,0.0,12.418037467173974,-2.8074736610213904,-0.00697337539682392,4.423207112907991,1.0142469112151866,1.3518639532540455,0.7502581222753864,0.42865570096599753,0.571344298991739,2.366111034020784,-1.2227209458480903,0.5965266012653101,-0.48644536724999043,0.48073376258425543,0.4850782806428859,-0.03621551889130502,-1.3664742015894569,0.10302452444667275,0.4850783154027852,0.7108613681868478
9,Ischaemia,28,,,,,,,,,,,,,,,,,,,,,,,,,,,,,,,,,,,,,,,,,,,0.001371359491240141,0.05580223557208924,0.0008757922891146722,1.3703201191944991,0.20687135443223809,1.163448764762261,0.1778087361300601,0.4162995852788556,0.08938110957628273,4.657579065493754,0.158,0.797,0.955,0.19824341277311877,0.4855,0.573,0.382,1.4999999996073297,0.0,11.270479588592138,-2.891537818701522,-0.021868751624039482,3.897745869104178,1.0049964208280533,1.3792141270077067,0.7286732357763692,0.42152167378765065,0.5784783261704066,2.3842107214547825,-1.142072486452326,0.5769732855223922,-0.5044611507107511,0.47350252587150987,0.4903588213516027,-0.11149175948009596,-1.456033284257954,0.10550813484422258,0.49035885705969867,0.6443153838649944
9,Ischaemia,29,,,,,,,,,,,,,,,,,,,,,,,,,,,,,,,,,,,,,,,,,,,0.0013880202878931908,0.05647930517447792,0.0008872738221105757,1.4066468967157046,0.17994717698322268,1.226699719732482,0.1466921154981565,0.4437868947192147,0.08599024614583652,5.160898056396739,0.132,0.809,0.941,0.16316440047426892,0.5375,0.5645,0.3765,1.4993359889776,0.0,12.972007976241457,-2.674472271012405,-0.0038811188579954995,4.850305653326498,1.0140326698428717,1.3966501756994143,0.7260462837535246,0.4206412600794443,0.5793587398790737,2.4106830189789994,-0.9771756041592135,0.5184968621111768,-0.5196368777449718,0.40132715905437616,0.5717598773176604,-0.22939346760100757,-1.3906002967260953,0.10383289462246949,0.571759918452957,0.6728252467951229
9,Ischaemia,30,,,,,,,,,,,,,,,,,,,,,,,,,,,,,,,,,,,,,,,,,,,0.0013686558083165817,0.055691103689046895,0.0008678801492138192,1.2717036663037198,0.1788430105329863,1.0928606557707332,0.16364667313464012,0.41706369931357357,0.07968704413317676,5.233770474572754,0.1355,0.799,0.9345,0.16958698370843717,0.5645,0.5605,0.374,1.498663101203566,0.0,12.805213716745811,-2.544616962228133,0.16290672010071697,5.032275547291017,1.0184025808761294,1.2395199487289492,0.8216104806044284,0.4510352182052718,0.5489647817504397,2.2579226943530157,-1.0659240751030032,0.36403813233893817,-0.3935442234025714,0.4296081111941944,0.6016264845858197,-0.20483584333514668,-1.233272193247904,0.07661092426478157,0.6016265284831284,0.7011331635752044
9,Ischaemia,31,,,,,,,,,,,,,,,,,,,,,,,,,,,,,,,,,,,,,,,,,,,0.0011068469395964257,0.04503814966539362,0.000814250379315145,0.8567049151401538,0.14906209859914515,0.7076428165410085,0.21064595738667022,0.31424561613861296,0.14855738996479492,2.115314599977499,0.1495,0.813,0.9625,0.18388683884577037,0.8255,0.5775,0.385,1.4999999996103897,0.0,11.767672755043577,-5.747918861522976,0.2817813740752889,2.047292774714094,1.0227964250034738,1.7047438790412128,0.5999707272852747,0.3749885651366044,0.6250114348267324,2.7275405501962764,-1.3677060993791486,0.5008633140518121,-0.6257950045722818,0.705506150406765,0.3798030240400684,0.044233857490156056,0.5461469093403726,0.042294389705603334,0.6118473067709274,0.8042108795725571
9,Congestion,0,,,,,,,,,,,,,,,,,,,,,,,,,,,,,,,,,,,,,,,,,,,0.0021268530789039577,0.08682370365423692,0.0009367994888797609,2.1760532550082385,0.6787779850532685,1.49727526995497,0.45334214665039396,0.622100957555046,0.1453046384191085,4.281356492781445,0.247,0.688,0.935,0.35901162785479485,0.6145,0.561,0.374,1.4999999995989306,0.1745,10.10208659765982,-2.209673045031309,0.19738128580284955,4.571756269516112,1.0951380884512945,1.0992237129274107,0.9962831728176024,0.49906906313868504,0.5009309368157437,2.1943619043333817,-0.7879518392048886,0.44846866746837205,-0.4181570998281607,0.3349515444919965,0.6797284699528333,-0.3728303571537218,-1.2097279760895916,0.0892547578918895,0.6797285018442129,0.5950708805649548
9,Congestion,1,,,,,,,,,,,,,,,,,,,,,,,,,,,,,,,,,,,,,,,,,,,0.0020781711845804874,0.08483877453226853,0.0012537046566788329,1.9427825250809616,0.3030881899334714,1.6396943351474902,0.18484432337062642,0.6036013494437418,0.10370784956758425,5.820208898154488,0.1535,0.7735,0.927,0.19844861018766016,0.4935,0.556,0.371,1.498652290701172,0.0,11.317715902291525,-2.1130026697061908,-0.01663963986316681,5.356224137345558,1.008358051284548,1.296508762960157,0.7777487356927035,0.43749081075265234,0.5625091892039612,2.3048669249226377,-1.0455478204716326,0.3994399526695773,-0.4443173061041442,0.3416784375244764,0.5313962357470599,-0.14555620690137241,-1.4197427036773211,0.10665141182378739,0.5313962612642986,0.6624692092545689
9,Congestion,2,,,,,,,,,,,,,,,,,,,,,,,,,,,,,,,,,,,,,,,,,,,0.002130831373095032,0.08699062503938607,0.0012549698844043806,2.043450728788023,0.3331065172095327,1.7103442115784897,0.19475992898682667,0.616193240141414,0.12547333729442373,4.910949632306495,0.163,0.771,0.934,0.21141374835130822,0.487,0.56,0.374,1.4973262028082017,0.0,10.780178180732719,-2.4811340248169245,-0.025798979978402425,4.344859275021901,1.0033061354899537,1.2867120501556257,0.7797441045886149,0.43812147070932506,0.5618785292470071,2.290018292887221,-1.0440715189837493,0.3799289417220902,-0.297046814540804,0.33458974381647755,0.5148329115167679,-0.11753727558299869,-1.4303395137187647,0.1082782895881228,0.5148329356264134,0.6387321897664741
9,Congestion,3,,,,,,,,,,,,,,,,,,,,,,,,,,,,,,,,,,,,,,,,,,,0.002135280343987603,0.08717641022326399,0.0012593810354494704,2.034586817031074,0.374436403842731,1.6601504131883424,0.22554366209569301,0.6330077265701328,0.1023252859660194,6.18622972782819,0.1705,0.7625,0.933,0.22360655734772375,0.4935,0.5595,0.3735,1.4979919674704172,0.0,10.607730194209296,-2.349109995304218,0.029129136712999645,4.515637928816523,1.0295272290015514,1.2774760492632322,0.8059072649657324,0.4462617104433791,0.5537382895132746,2.307003386076256,-0.9894623741175601,0.38234393482436424,-0.3415337568144658,0.4063391919425073,0.5343830182441885,-0.08132690209773015,-1.4111498672938674,0.11023036857663673,0.5343830432171136,0.6770245492330129
9,Congestion,4,,,,,,,,,,,,,,,,,,,,,,,,,,,,,,,,,,,,,,,,,,,0.002093662416146668,0.08547997290795435,0.0012262012137231864,2.02613858382404,0.31222833944381234,1.7139102443802279,0.18217309829926412,0.6202721518339915,0.11121954981577478,5.577006491248311,0.1545,0.778,0.9325,0.1985861182264028,0.5035,0.5595,0.373,1.4999999995978552,0.0,11.272494474324446,-2.3347903486158543,-0.025363604034676183,4.828054253575432,1.001211865831534,1.3152588701927073,0.7612279897482973,0.43221433805233067,0.5677856619045002,2.3164708464346306,-1.0595550636576925,0.39222747922881335,-0.415806881947912,0.31271423706397433,0.5323341497597534,-0.1575397111370844,-1.4036272964052985,0.11046300375571616,0.5323341751324981,0.6539171839614428
9,Congestion,5,,,,,,,,,,,,,,,,,,,,,,,,,,,,,,,,,,,,,,,,,,,0.0021102836877209207,0.0861589020400961,0.001242709822731099,2.0538168515910207,0.3241061823210239,1.7297106692699966,0.18737595140063013,0.6418113983912213,0.11163213709840213,5.74934256835502,0.1545,0.7765,0.931,0.19896973596922476,0.502,0.5585,0.3725,1.4993288586578983,0.0,11.701611103356356,-2.557630608110685,0.010834413907816746,4.575176362759745,1.0252115039283138,1.3078261910132216,0.7839050103864749,0.4394320357991738,0.5605679641579636,2.3330378052638743,-1.0750264834443,0.42707247923345304,-0.28346190122886517,0.3346028089733218,0.549659562379511,-0.14615889236432678,-1.3874377235748692,0.11161358900460674,0.5496595883712593,0.677329121722106
9,Congestion,6,,,,,,,,,,,,,,,,,,,,,,,,,,,,,,,,,,,,,,,,,,,0.0021104978706312154,0.08616998128397518,0.0012641669553657064,2.0040118705506442,0.31494378975260506,1.6890680807980394,0.18646009199650293,0.6289838996512046,0.09508480719686685,6.6149779079578614,0.1545,0.782,0.9365,0.19757033245555367,0.492,0.5615,0.375,1.4973333329340444,0.0,11.438524133992928,-2.4755803270273873,0.019792529962015047,4.620542508215016,1.0238671577425786,1.325470179788573,0.7724558223019782,0.43581104396652925,0.5641889559909056,2.3493374486129537,-1.0380009713408722,0.37198512777295006,-0.4173980663275782,0.3945211349588737,0.5258261039255244,-0.11001194830878912,-1.4646945377459746,0.10990101509529719,0.5258261287877314,0.6734709849560089
9,Congestion,7,,,,,,,,,,,,,,,,,,,,,,,,,,,,,,,,,,,,,,,,,,,0.002043293076064573,0.08342769756849407,0.0012229164810589456,1.981466607078365,0.30524993121009353,1.6762166758682713,0.18210648753614447,0.6194093211342167,0.10462859872026231,5.920076614982464,0.152,0.781,0.933,0.19462227910440175,0.502,0.5595,0.3735,1.4979919674704172,0.0,11.609314637294744,-2.221902312671773,-0.006865642481095949,5.224943765782568,1.0172633803878268,1.3064061440133052,0.7786731446201764,0.43778315705466886,0.5622168429022958,2.323669637890558,-0.9768323243563887,0.4126266203180566,-0.44181467682628206,0.28518292127621925,0.5392805006658468,-0.1300389816815322,-1.461848849927976,0.11327577793047192,0.5392805270046328,0.6720980670614555
9,Congestion,8,,,,,,,,,,,,,,,,,,,,,,,,,,,,,,,,,,,,,,,,,,,0.0021345631117946997,0.08715446231911239,0.0012422546819380743,2.05144561948343,0.31084219200667723,1.7406034274767532,0.1785830058024348,0.6120915649404943,0.14546543878775478,4.207814375844983,0.1545,0.769,0.9235,0.2009102730557984,0.4995,0.554,0.3695,1.499323409607761,0.0,11.232294076788435,-3.3491679722369554,-0.03643758887092551,3.353756565679462,0.9920978292764371,1.3147581756724556,0.7545857843352471,0.4300649139370145,0.5699350860196365,2.3068561127897835,-1.0985644350276522,0.397193713586155,-0.4368780543119829,0.4120305930914513,0.5731944047097706,-0.14438435087339366,-1.4809622535886944,0.10510900414222739,0.5731944315054592,0.6279982760696137
9,Congestion,9,,,,,,,,,,,,,,,,,,,,,,,,,,,,,,,,,,,,,,,,,,,0.0021648823918358024,0.08839508019659045,0.0012724335113611567,2.072362812846732,0.3408051172705965,1.7315576955761354,0.1968199605023958,0.61819492913433,0.1342171343775783,4.605931511953139,0.1655,0.767,0.9325,0.21577574964592233,0.503,0.5595,0.373,1.4999999995978552,0.0,10.75730655609948,-2.1431489716211445,0.028743632774027635,5.019392817784561,1.027422946651365,1.2633800948578673,0.8132334447501555,0.44849903199431146,0.5515009679620358,2.2908031470966637,-1.248913254165442,0.47795563457014395,-0.510617141124102,0.4463119555209347,0.5430805156407736,-0.09879018015245297,-1.389673319351012,0.10181870785902422,0.5430805406723787,0.6329486467907006
9,Congestion,10,,,,,,,,,,,,,,,,,,,,,,,,,,,,,,,,,,,,,,,,,,,0.002058259917099031,0.08404263104514571,0.0011664455463612925,2.056009224787587,0.34156373790438543,1.7144454868832018,0.19922694567875293,0.5931825466080465,0.12101480064728709,4.901735514540724,0.1705,0.769,0.9395,0.22171651492565456,0.5285,0.5635,0.376,1.498670212367375,0.0,10.44060342767807,-2.4810139154620288,-0.029641365095835034,4.208200269329381,1.0025337903988727,1.298586411498425,0.7720193138051228,0.4356720650788716,0.5643279348776713,2.3011203134664866,-1.041132259228609,0.338776126945505,-0.4564464463359658,0.25208097707549715,0.6055087506352438,-0.1816681848017698,-1.4662073360782752,0.11403320604386033,0.6055087799931713,0.6065046634964977
9,Congestion,11,,,,,,,,,,,,,,,,,,,,,,,,,,,,,,,,,,,,,,,,,,,0.0021281851938748514,0.08689775648112227,0.001236329652151281,2.024324981231887,0.3271120416296837,1.6972129396022033,0.19273482659581861,0.6373296189531753,0.101781127470258,6.261766146314661,0.157,0.777,0.934,0.202059202033197,0.4845,0.56,0.374,1.4973262028082017,0.0,11.298571404725749,-2.3696062848586052,0.054859555074614076,4.768121808439212,1.0248113572775872,1.3218439596406577,0.7752892084771129,0.43671149735776016,0.5632885025996259,2.3466554269491393,-0.99856065988135,0.3933191221266474,-0.4708172212632033,0.3375791203057016,0.5062088720756328,-0.024275002150045574,-1.4690434704418713,0.11106714938204228,0.5062088958109529,0.6928706246118332
9,Congestion,12,,,,,,,,,,,,,,,,,,,,,,,,,,,,,,,,,,,,,,,,,,,0.0020746719543597403,0.08471340417117196,0.001232009254015405,1.968098671460399,0.31960567096965187,1.6484930004907468,0.19387748134515548,0.6005128526126381,0.11025648790802593,5.446508078226878,0.158,0.7655,0.9235,0.20640104504161974,0.5085,0.554,0.3695,1.499323409607761,0.0,10.87348545967842,-2.3844701789107603,-0.031185030249590857,4.56012641944194,0.9969875040449101,1.2854456567538766,0.7755967735618114,0.43680906899035415,0.5631909309658331,2.282433270584715,-0.9604422122098061,0.3180773009557851,-0.26864093178128967,0.30154240487664397,0.5666961630706646,-0.1778811271033058,-1.417370333713216,0.10843681391740233,0.5666961903289718,0.6482891393915672
9,Congestion,13,,,,,,,,,,,,,,,,,,,,,,,,,,,,,,,,,,,,,,,,,,,0.0021254256101751142,0.08678713707910353,0.0012826361957777805,1.985492551619453,0.3526390921415379,1.6328534594779152,0.21596493553848575,0.5966394213783374,0.10022913990437043,5.952754072840706,0.1715,0.7555,0.927,0.22700198541005934,0.4935,0.556,0.371,1.498652290701172,0.0005,10.549641689928876,-2.3316575809677715,0.020244886437945746,4.524524430854773,1.0297683284909473,1.2827393324491192,0.8027884562053179,0.4453037478923645,0.5546962520643923,2.312507769510914,-1.0486996128044836,0.4173292705347021,-0.40990886981999974,0.5008400220940291,0.5519460051012636,-0.13541689043169838,-1.4267949362915417,0.10828079704045579,0.5519460310147974,0.6385801575063635
9,Congestion,14,,,,,,,,,,,,,,,,,,,,,,,,,,,,,,,,,,,,,,,,,,,0.0021128193647626174,0.0862754234878041,0.0012678874862019265,1.9897111315758316,0.327113190240902,1.6625979413349294,0.19674822281963264,0.5794932476113777,0.1092507189605806,5.304251107858091,0.1705,0.7655,0.936,0.22273024164301372,0.491,0.5615,0.3745,1.4993324428573211,0.0005,10.858422376389399,-2.135207409005659,-0.0212107037922818,5.085418086357005,1.0128806696281274,1.2860864410373676,0.7875681114656438,0.4405807568473064,0.5594192431091954,2.2989672192459945,-1.1480964826242217,0.4663593013286425,-0.4443269872400696,0.32202765150227564,0.5407556946842529,-0.1409076365005829,-1.448646403729768,0.11002371107344416,0.5407557202242108,0.6108844559467057
9,Congestion,15,,,,,,,,,,,,,,,,,,,,,,,,,,,,,,,,,,,,,,,,,,,0.0021376545608061816,0.08728990208441079,0.0012927146311554304,2.0047667602805834,0.33262936169765367,1.6721373985829298,0.19892465891837083,0.6091752888973978,0.10360565961268384,5.87974914292081,0.165,0.7705,0.9355,0.21414665798648325,0.488,0.561,0.3745,1.4979973293730315,0.0,10.898184205377675,-2.2048222800557937,0.019186460779565633,4.9428855574734145,1.027684109423328,1.2762434590423934,0.8052414310619921,0.4460574730928276,0.5539425268637682,2.3039276760136205,-1.0121391291091073,0.4727067654545815,-0.30008815452924176,0.3060452976377286,0.5231076335570946,-0.09379637581580551,-1.4348891973580598,0.10685425147620385,0.523107657975886,0.6507170144303758
9,Congestion,16,,,,,,,,,,,,,,,,,,,,,,,,,,,,,,,,,,,,,,,,,,,0.002027201336123245,0.08278182527368436,0.0012152597604319613,1.9614753570990806,0.3597339246150198,1.6017414324840606,0.2245892609737063,0.5903671242741154,0.1014319481628502,5.820327168953132,0.1755,0.759,0.9345,0.23122529641222325,0.4875,0.5605,0.374,1.498663101203566,0.0,10.741693768381083,-2.34245670077496,-0.0027840455565889795,4.585653072848185,1.0302432956338567,1.2950546756103614,0.7955210810452843,0.44305861370458655,0.5569413862524081,2.3252980857165246,-0.9712464706884696,0.35005851263903703,-0.44434388592668633,0.3670098121340496,0.5300279796128068,-0.06294784946540821,-1.4802178540126525,0.11862277957313826,0.5300280057056027,0.6513668857035443
9,Congestion,17,,,,,,,,,,,,,,,,,,,,,,,,,,,,,,,,,,,,,,,,,,,0.0020814513388040298,0.08499941731435964,0.001236948142574838,2.0019720076419145,0.3402063862286518,1.6617656214132626,0.20472585413028813,0.6133353286285644,0.12227815728963451,5.015902608625314,0.1645,0.767,0.9315,0.2144719686812944,0.4885,0.5585,0.373,1.497319034451121,0.0,10.848092100994734,-2.42971267515415,-0.01676507105349908,4.464763348966772,1.0126817324756499,1.2962764085325742,0.7812236076593534,0.43858817292789726,0.5614118270287932,2.308958251707528,-1.0269783967650932,0.35220484302569355,-0.4576565711979003,0.25260252807034916,0.5262912436703105,-0.08203483613534014,-1.4128125035550287,0.11041053845310887,0.5262912689025023,0.662138771966958
9,Congestion,18,,,,,,,,,,,,,,,,,,,,,,,,,,,,,,,,,,,,,,,,,,,0.0021301704340925833,0.08698890933946148,0.0012695005750672382,2.048524563172373,0.3554402006541721,1.6930843625182008,0.2099364972602524,0.6254034950598937,0.12932715084743832,4.835825195855994,0.1665,0.764,0.9305,0.21793193714424974,0.491,0.558,0.3725,1.497986576779064,0.0005,10.882304444566898,-2.1464758460215876,-0.008080606106390274,5.0698471470013775,1.0218421297331017,1.2737457461321144,0.8022339880276952,0.44513309223827996,0.5548669077181582,2.2955879834011133,-0.913730443068469,0.44885863264677706,-0.4232349432813307,0.28936795756850675,0.530618116863486,-0.10419544816684337,-1.3875165668864977,0.10619678156597366,0.5306181417200797,0.6517749118999999
9,Congestion,19,,,,,,,,,,,,,,,,,,,,,,,,,,,,,,,,,,,,,,,,,,,0.0021061732908907826,0.08600970875995981,0.0012185890337441001,2.0865218417200433,0.3541206034031208,1.732401238316923,0.20441026913991242,0.6228114218987877,0.12724103188811006,4.894737272776802,0.169,0.7715,0.9405,0.2190537912872257,0.509,0.564,0.3765,1.4980079677296125,0.0,10.631508444763995,-2.3916580417858313,-0.013550069408428343,4.445246042106007,1.0170006826333982,1.302683481860588,0.7806966901144503,0.438422048206465,0.5615779517504257,2.3196842743994015,-0.9906056930260272,0.35742344568111273,-0.4824365287211327,0.46562173743623975,0.5626758056854327,-0.10768923257818129,-1.4509488492901164,0.11235658699704791,0.5626758323447165,0.6372575253004767
9,Congestion,20,,,,,,,,,,,,,,,,,,,,,,,,,,,,,,,,,,,,,,,,,,,0.002138597818988309,0.08733599774895794,0.001250947193470049,2.026635867664004,0.33105466300548586,1.695581204658518,0.19524553709159223,0.6468243025954317,0.08908742118379623,7.2605570267312265,0.154,0.775,0.929,0.19870967739371487,0.509,0.557,0.372,1.497311827554486,0.0,11.454617753523905,-2.459194111673753,0.04622689787149397,4.657874585289238,1.0239094873405175,1.2744139358114566,0.803435570255453,0.44550278563134255,0.5544972143251475,2.2983235303908485,-0.9153764281007085,0.3669919253161235,-0.36200593656777563,0.28582391773056864,0.5534270633286725,-0.13630667853713183,-1.5018415982113067,0.10989596988613463,0.5534270891513635,0.6918886095885063
9,Congestion,21,,,,,,,,,,,,,,,,,,,,,,,,,,,,,,,,,,,,,,,,,,,0.0020399404930123853,0.0833066380959366,0.0011894171100764888,1.9844916046123502,0.3134224091243157,1.6710691954880343,0.1875580077424772,0.5729257595819324,0.1232770060293229,4.647466527382313,0.158,0.745,0.903,0.2120805368842845,0.513,0.5415,0.3615,1.4979253107889556,0.0,11.018849455580039,-2.2934556454852952,-0.029666830354343712,4.804474626221952,0.9990062958976466,1.2961953284534047,0.7707220307702924,0.4352586218374524,0.5647413781189784,2.295201736634697,-1.0734325639643638,0.4448162740073501,-0.4749508711828942,0.33827924727099645,0.5982824427262424,-0.25518356755486493,-1.3597270889849442,0.11224637942358413,0.5982824719948404,0.5992739982195072
9,Congestion,22,,,,,,,,,,,,,,,,,,,,,,,,,,,,,,,,,,,,,,,,,,,0.0020734038527773346,0.08467654667556872,0.0012228391227022248,2.0458407578477185,0.34097992560230417,1.7048608322454142,0.20000455118275587,0.5489698196901575,0.12783194653815227,4.294464991948373,0.187,0.7695,0.9565,0.24301494473774984,0.5065,0.5735,0.383,1.4973890335515956,0.0015,10.612707986952728,-2.115902343673838,0.0039702183143103505,5.015688941496388,1.0414647670555826,1.2852074526175392,0.8103475939650296,0.44761989170831196,0.5523801082487082,2.3266723316555553,-0.8828683017504828,0.40536605429875205,-0.40471144816474824,0.3384870943509901,0.5742163864556445,-0.12923176723009333,-1.4454313523012357,0.1131879769644487,0.574216414092605,0.5576836388560208
9,Congestion,23,,,,,,,,,,,,,,,,,,,,,,,,,,,,,,,,,,,,,,,,,,,0.0020587407118880514,0.08407630146417672,0.0011920043453924575,2.0379607300679172,0.31999367568754994,1.7179670543803671,0.18626298732156904,0.599207365075404,0.1103065195725057,5.432202619159949,0.1615,0.77,0.9315,0.20974025971302074,0.519,0.5585,0.373,1.497319034451121,0.0,11.1656424857307,-2.4645506499280145,-0.012535789761669367,4.53049828195001,1.0157715358414554,1.3072733832414574,0.7770153885066424,0.43725867177752803,0.562741328179425,2.3230450316887574,-1.0641943956487339,0.34440543764587905,-0.3692991513635191,0.3648602933788604,0.5704393897479111,-0.17702443017495348,-1.4679434363607657,0.1167037265879002,0.5704394173990378,0.6188874335016836
9,Congestion,24,,,,,,,,,,,,,,,,,,,,,,,,,,,,,,,,,,,,,,,,,,,0.002120957307157001,0.08661991610663711,0.0012541065128237425,2.051334292829598,0.33016176778766254,1.7211725250419356,0.1918237497780392,0.6207342913295086,0.11962438222344493,5.1890281836619545,0.1605,0.7695,0.93,0.20857699802357677,0.4845,0.558,0.372,1.4999999995967743,0.0,11.1015608103055,-2.2891372921461652,0.014459699188943773,4.849670156486044,1.0264641010901525,1.2853367144335779,0.7985954882356527,0.4440106146485676,0.555989385308176,2.31180092429054,-1.0472391153994132,0.5127482286747432,-0.4319232817139991,0.33070758604539274,0.5197091136183324,-0.10996776933139973,-1.4599633785976556,0.11001358629628039,0.5197091380698775,0.6446057982501239
9,Congestion,25,,,,,,,,,,,,,,,,,,,,,,,,,,,,,,,,,,,,,,,,,,,0.0020266230956018064,0.08276776728989796,0.0011882319296066968,2.019485086387012,0.31790228979834134,1.701582796588671,0.1868274000048592,0.6015594373892004,0.11215397740164318,5.363692405651747,0.1615,0.775,0.9365,0.20838709674730488,0.504,0.5615,0.375,1.4973333329340444,0.0,11.225655808773865,-2.3739427678257243,0.003396716321637471,4.728696900550171,1.027204299806554,1.310673442588222,0.7837225248874607,0.43937468633856475,0.5606253136186614,2.337877857519278,-1.267522665645395,0.4818819702032985,-0.5781504296866024,0.4172782521075951,0.5604935851235183,-0.16853444001287812,-1.4601287919335888,0.1160048906285974,0.560493612723997,0.6322967304960054
9,Congestion,26,,,,,,,,,,,,,,,,,,,,,,,,,,,,,,,,,,,,,,,,,,,0.0020521551871670934,0.08381034055069411,0.0011975314006807659,2.0381815797316185,0.3229674207726846,1.7152141589589338,0.18829568253440918,0.6056054219167878,0.13376271652176772,4.527460545147416,0.1615,0.773,0.9345,0.2089262612925063,0.4895,0.5605,0.374,1.498663101203566,0.0,11.216911447187385,-2.4921918896952775,-0.011821417277712435,4.500821743749758,1.01690002670059,1.3006924338920127,0.7818143629694049,0.43877430736752304,0.5612256925893289,2.317592573295405,-1.1185208847062806,0.4213836979370334,-0.46005950320368183,0.3329967473958976,0.5267812362050219,-0.13260086767504,-1.4517508014133198,0.11113221573587875,0.5267812618220027,0.626527859335694
9,Congestion,27,,,,,,,,,,,,,,,,,,,,,,,,,,,,,,,,,,,,,,,,,,,0.0020106485000110494,0.0821152751618818,0.0011558699292923815,2.0333475840833044,0.32639627806645505,1.7069513060168489,0.19121592800967205,0.6116544503243967,0.12051362189445292,5.075396790850335,0.1605,0.775,0.9355,0.20709677416682623,0.508,0.561,0.3745,1.4979973293730315,0.0,11.340694679496949,-2.8971378822483302,0.01036246994964614,3.9144476859708632,1.0272828739313105,1.3039968664374366,0.7877955080207381,0.440651911522534,0.5593480884345711,2.3312798560822774,-1.0069724676753082,0.3159837345730734,-0.3612497108344589,0.2902972518728993,0.5756337555868738,-0.17950712958517287,-1.449317342203257,0.11496344693875853,0.5756337841585689,0.6389977745924417
9,Congestion,28,,,,,,,,,,,,,,,,,,,,,,,,,,,,,,,,,,,,,,,,,,,0.0020588744858452447,0.08408460981989108,0.0011560489057738496,2.0720304995042396,0.3243376947972391,1.7476928047070004,0.18558049441249264,0.6052898371208745,0.13231096067275827,4.574752035550925,0.1605,0.77,0.9305,0.2084415584144881,0.5265,0.558,0.3725,1.497986576779064,0.0,10.976002382679212,-2.1697915773814316,-0.03519739187122307,5.058551474063477,0.9953530331922442,1.3249509110304065,0.7512376683774951,0.4289752795652857,0.5710247203916164,2.3203040566883084,-1.0098053536154215,0.30221496068632603,-0.37716165557394093,0.3342849282792803,0.5722148016978601,-0.1665905696728085,-1.4158924704245406,0.11389701898974854,0.5722148294332411,0.6157344304203303
9,Congestion,29,,,,,,,,,,,,,,,,,,,,,,,,,,,,,,,,,,,,,,,,,,,0.002129045328443733,0.08695179956902624,0.0012261707028898429,2.106917175519591,0.350620121437878,1.756297054081713,0.199636001553984,0.6286008577777892,0.11901041107025397,5.281898042336188,0.1655,0.768,0.9335,0.21549479163860746,0.512,0.56,0.3735,1.4993306555557349,0.0,10.802351667252822,-3.2236258542719725,0.02337040286972153,3.350994239173993,1.0277447260744892,1.307346428024853,0.7861303660335839,0.44013045239207504,0.5598695475651,2.335091263543684,-1.066046436140484,0.42193523300457814,-0.500435922744671,0.3291714954133157,0.6093677196189868,-0.1459573014561361,-1.4598150405515598,0.11138761426795779,0.6093677481796915,0.6399820233487183
9,Congestion,30,,,,,,,,,,,,,,,,,,,,,,,,,,,,,,,,,,,,,,,,,,,0.0020461633402077805,0.08356883422324832,0.001189590886816759,2.0264464922089855,0.31905450418527814,1.7073919880237074,0.18686658154926364,0.6052647226194441,0.1558519037244499,3.8835888928325732,0.1605,0.7795,0.94,0.20590121870354058,0.541,0.564,0.376,1.4999999996010636,0.0,11.075778917496052,-2.624415805669628,0.06500804247312153,4.220283574404097,1.0260285689483175,1.2538491147120765,0.8183030612117119,0.4500366735710147,0.5499633263851234,2.2798777948544826,-1.1369742151139393,0.4552856790993605,-0.38219488409630614,0.45880645824881205,0.5935125480722674,-0.23986215171564568,-1.2304635454260509,0.08852220706549678,0.5935125770190338,0.6206559280160608
9,Congestion,31,,,,,,,,,,,,,,,,,,,,,,,,,,,,,,,,,,,,,,,,,,,0.0017606090050926897,0.07190599106164418,0.0010289381006183135,1.2212694352144216,0.23043904470705368,0.9908303905073679,0.2325716357628041,0.5081563750282007,0.11761515125711511,4.320500965775103,0.139,0.7975,0.9365,0.17429467082453987,0.837,0.5615,0.375,1.4973333329340444,0.0,12.393501247989263,-2.695174318817294,0.5007248888869791,4.598404326206248,1.0193056647614782,1.2090571379464259,0.8430583077392481,0.4574235683153016,0.5425764316398225,2.228362929052795,-1.1624745755027859,0.4284958960854463,-0.39873107809783015,0.5249359878299761,0.5105510338094758,-0.22964391809307666,0.8599831703269363,0.04118173064271047,0.6004581359193527,1.057891558019382
15,Normal,0,,,,,,,,,,,,,,,,,,,,,,,,,,,,,,,,,,,,,,,,,,,0.0005741784063612835,0.024567374805601574,0.00017509651046987798,0.4389125706894801,0.17288252329104953,0.2660300473984305,0.6498608894623811,0.09577218867049733,0.044167195497811666,2.1684009449593065,0.235,0.4035,0.6385,0.5824039651592554,0.4505,0.383,0.2555,1.4990215258320854,0.092,13.329287497486064,-4.009598593077101,0.14547634914064497,3.3243446164829895,1.115048364119335,1.0198952220588025,1.0932969778592774,0.5222846970224664,0.4777153029306938,2.1349439577904668,-0.6841966852152543,0.3987298210179736,-0.3953522300165622,0.29879356854061406,0.8429688073992179,-0.5876824054147729,-0.7878010370203286,0.08070149287488064,0.8429689541279669,0.4009868896579535
15,Normal,1,,,,,,,,,,,,,,,,,,,,,,,,,,,,,,,,,,,,,,,,,,,0.000976776672334732,0.04178979360209564,0.0006696911072165719,0.9322343746297637,0.1275205408851907,0.804713833744573,0.15846694256013094,0.2848798026551491,0.08526478500901899,3.3411191066851775,0.1495,0.829,0.9785,0.1803377563111776,0.5315,0.587,0.3915,1.4993614300129343,0.0,10.544387670567971,-3.218278208914967,-0.10298751020963857,3.27640650862044,0.9232247717546592,1.4753839357716805,0.6257522190040677,0.38490011681325104,0.6150998831450581,2.398608952850155,-0.9995705559665383,0.5129162377987352,-0.6121399982057971,0.7186098620849205,0.5441594439828041,-0.11696276102284234,-1.2859689797252918,0.08363996420025703,0.5441594996380974,0.6341772633965271
15,Normal,2,,,,,,,,,,,,,,,,,,,,,,,,,,,,,,,,,,,,,,,,,,,0.0010216426282741967,0.043708697894739065,0.0007133154084040861,1.0569475195006324,0.3496524131022988,0.7072951063983337,0.49435152299208296,0.33946611175615393,0.08775332352063717,3.868413158043861,0.2505,0.734,0.9845,0.34128065390445766,0.5235,0.5905,0.394,1.4987309640866164,0.15,11.262074450987711,-3.17989175470359,0.01002694102847065,3.5416534018728973,1.1021033933356597,1.350935538252524,0.8158075363682289,0.44928084063353646,0.5507191593256976,2.4530391714502198,-0.7425444944533726,0.6101348071736579,-0.5266404779034848,0.4506550485478301,0.5053190357395851,-0.032141859068874123,-1.314779457984606,0.09490350925910516,0.5053190851504815,0.7059634715251755
15,Normal,3,,,,,,,,,,,,,,,,,,,,,,,,,,,,,,,,,,,,,,,,,,,0.0010384471971428572,0.04442741339379954,0.0007306206454553248,1.0504486764511827,0.15115689189388204,0.8992917845573009,0.16808436869184168,0.33285213226680216,0.07702269177290641,4.321481425448422,0.1505,0.828,0.9785,0.1817632850022025,0.533,0.587,0.3915,1.4993614300129343,0.0,11.163868301811476,-2.4902208251186266,-0.010557803872974555,4.483083664209319,1.0113161659976577,1.3267444555640253,0.7622539228863797,0.43254488640200667,0.5674551135552228,2.338060846477565,-1.0942558306862284,0.635386770799757,-0.49495873726594575,0.4877772469021605,0.530873393687647,-0.12958546715625247,-1.2815295376300562,0.09319164595547084,0.5308734447564073,0.6741316535432474
15,Normal,4,,,,,,,,,,,,,,,,,,,,,,,,,,,,,,,,,,,,,,,,,,,0.001035521040689618,0.044301746178724434,0.000706612671948446,1.0821520428627909,0.15875405068043216,0.9233979921823587,0.17192375552825329,0.3315601585467993,0.08946275472700486,3.7061250705720044,0.1545,0.8265,0.981,0.18693284934217388,0.5295,0.5885,0.3925,1.4993630569428373,0.0,11.163916716774963,-2.603652178525067,-0.020654178686717047,4.287791129869885,1.0036574712265407,1.380722950263392,0.7269072126036498,0.42093009242094437,0.579069907537116,2.3843806515104977,-1.0682751921410127,0.5647117550452755,-0.5897577777438281,0.5450851876690197,0.5352576030253056,-0.1867760959904889,-1.3169319107314106,0.09497990720633817,0.5352576546614686,0.637142287021472
15,Normal,5,,,,,,,,,,,,,,,,,,,,,,,,,,,,,,,,,,,,,,,,,,,0.001035577567370666,0.044303652758841884,0.0007066517251834927,1.0617872358711895,0.15648906547413663,0.905298170397053,0.17285914251678702,0.3361026473778254,0.07141397000293902,4.706399138618863,0.152,0.8205,0.9725,0.1852528945538997,0.536,0.5835,0.389,1.4999999996143958,0.0,11.63543480841355,-2.5623591922970945,0.03895832592993876,4.54090700590988,1.0233571994884922,1.3064110970125875,0.7833347418360903,0.43925277933495677,0.5607472206221205,2.329768521240946,-1.0258231803193687,0.5548933832366519,-0.5833132205425875,0.47207355347494323,0.5695223334603868,-0.16829131324756194,-1.339032307933156,0.0974857395437641,0.5695223883990574,0.6770477305705019
15,Normal,6,,,,,,,,,,,,,,,,,,,,,,,,,,,,,,,,,,,,,,,,,,,0.000992474573820519,0.04245923541406956,0.0007026971787393548,1.018718941361757,0.17121258521953667,0.8475063561422204,0.20201923437917377,0.31001656632955504,0.06907121001908932,4.488361587918311,0.171,0.8065,0.9775,0.2120272783370084,0.5095,0.5865,0.391,1.4999999996163682,0.0005,10.816331873594322,-3.63665861902723,0.009462791621977218,2.9742499933057114,1.030920651933922,1.4019486819913196,0.7353483512649505,0.423746823356205,0.5762531766026914,2.432869578813608,-0.8355394380943266,0.45653391167879165,-0.5783638481987884,0.5387711202194501,0.5219303584109632,-0.11935133644262473,-1.3450062421285371,0.10178794807336396,0.5219304109475591,0.6454891203766258
15,Normal,7,,,,,,,,,,,,,,,,,,,,,,,,,,,,,,,,,,,,,,,,,,,0.0010123033265664618,0.043307030188162614,0.0006786211055060471,1.055576548480198,0.14577070161248998,0.909805846867708,0.16022176830180765,0.3053560499722278,0.08644004647394787,3.532576185171318,0.1585,0.8205,0.979,0.19317489333416515,0.5735,0.587,0.392,1.4974489792098342,0.0005,10.960669449938337,-2.9299608873534453,-0.05351772025028965,3.7408927528260367,0.9752858622041736,1.361510921778196,0.716326139241522,0.41736015251628134,0.582639847440925,2.336797014588274,-1.0575768857525965,0.5219148521984553,-0.648497464625655,0.4992879229975085,0.5798969848411698,-0.23395540838055137,-1.3093415030097164,0.09660320551715974,0.5798970420680837,0.598077989548807
15,Normal,8,,,,,,,,,,,,,,,,,,,,,,,,,,,,,,,,,,,,,,,,,,,0.0010249193190509033,0.04384661617083005,0.0006911504699085499,1.0731267478738045,0.17909296884539505,0.8940337790284095,0.2003201366954973,0.33763842572264363,0.0728012737420706,4.637809311621251,0.167,0.8245,0.9915,0.20254699815614954,0.5455,0.5945,0.397,1.4974811079351433,0.1645,11.121117459407287,-3.0168187585850603,0.043252172644646855,3.6863724171002716,1.029654291825713,1.381779588637889,0.7451653651695597,0.42698839894588425,0.5730116010126467,2.41143411550282,-0.9343727487396364,0.5263858644276044,-0.5614084264298902,0.5679227466002981,0.5650133325702726,-0.16189162399944879,-1.3529321073228584,0.09681539511353437,0.5650133876413626,0.6690431453165142
15,Normal,9,,,,,,,,,,,,,,,,,,,,,,,,,,,,,,,,,,,,,,,,,,,0.0010295834164705518,0.04404521788377115,0.0007340142307132922,1.0289001269347784,0.17653328522436101,0.8523668417104175,0.2071095173639161,0.3308458968323478,0.06891893997725806,4.8005076175209584,0.163,0.814,0.977,0.20024570022110005,0.545,0.586,0.391,1.4987212272381785,0.0,10.356654916754337,-2.7563503326456953,-0.005650280974371634,3.757379747311626,1.0188669586705346,1.3531410102403112,0.7529643628303693,0.42953774691381563,0.570462253044026,2.37200819905886,-0.8439618137547445,0.5233668313475046,-0.690775690032307,0.5936186014317304,0.5209543149401389,-0.14282701167037856,-1.2870256940176068,0.09500459575489209,0.520986010527046,0.6855004678953022
15,Normal,10,,,,,,,,,,,,,,,,,,,,,,,,,,,,,,,,,,,,,,,,,,,0.001010546116931441,0.04323007627937358,0.0006843704302405254,1.0649256464053354,0.16525738553915859,0.8996682608661767,0.18368702410562363,0.32932550488396184,0.08422310847151979,3.9101561373065246,0.157,0.816,0.973,0.19240196076073507,0.579,0.5835,0.3895,1.49807445404414,0.1545,11.701299311284572,-3.751181900409904,-0.03104868165802011,3.11936334244255,0.9984762722753427,1.416984927303577,0.7046484778810655,0.4133687895330578,0.5866312104255421,2.415461438362705,-0.8449837476804675,0.3865716366960153,-0.5379810339918619,0.5042439179640151,0.5717816549987843,-0.2127150118118539,-1.285293689627493,0.09897874866091894,0.5718484233264794,0.6496783960272665
15,Normal,11,,,,,,,,,,,,,,,,,,,,,,,,,,,,,,,,,,,,,,,,,,,0.0010404857054343909,0.04451078929126379,0.0007142686254909805,1.0690695318166985,0.18119862968377315,0.8878709021329253,0.20408218044771248,0.33680672691850627,0.07465742333361913,4.511362854866998,0.166,0.82,0.986,0.20243902436555625,0.5145,0.5915,0.3945,1.4993662860584622,0.1645,10.286431634936378,-3.164745432663267,0.03142323196856768,3.250318818204243,1.0257573461625538,1.4378946860243174,0.7133744606340864,0.41635642238421156,0.5836435775751982,2.463652268719543,-0.9642234116210092,0.4741104658454887,-0.7280287778496108,0.6711227065469006,0.5012386821679511,-0.1712683964176501,-1.3121083728422651,0.09395005458333842,0.5012387302913561,0.6661933025325424
15,Normal,12,,,,,,,,,,,,,,,,,,,,,,,,,,,,,,,,,,,,,,,,,,,0.0009796190094644081,0.04190642117639638,0.0006777019887682274,1.0405919498681766,0.2938780309779935,0.7467139188901832,0.3935617423275285,0.323033885885453,0.07325183726773582,4.409908303921058,0.227,0.744,0.971,0.30510752684071135,0.5345,0.5825,0.3885,1.4993564989705646,0.152,12.066795493225527,-2.6460707226652858,-0.008193690497544549,4.560269455162211,1.097080331351102,1.284313935117901,0.8542150803377896,0.4606882391346821,0.5393117608233254,2.3813945093247857,-1.07671502492328,0.5772193735153849,-0.5543647081927733,0.504316172814951,0.5664149361910645,-0.1770683260115021,-1.2847845723717963,0.10598790377112317,0.5664149939543439,0.6614905569496335
15,Normal,13,,,,,,,,,,,,,,,,,,,,,,,,,,,,,,,,,,,,,,,,,,,0.001018123350319429,0.043553204289636355,0.0007161161600968104,0.992909284748967,0.156466238059506,0.836443046689461,0.18706143671117123,0.2889932610887855,0.07307031124567528,3.95500245950286,0.1645,0.773,0.9375,0.21280724447441046,0.5135,0.5625,0.375,1.4999999996,0.0,10.774140189379636,-2.2966812396770138,0.052890905103672746,4.691177862551664,1.0270253609354256,1.2721462822760932,0.8073170319824896,0.4466936446102785,0.5533063553462275,2.2991718688060705,-1.1995064709502818,0.7474797243819991,-0.6847168217285621,0.5609824654827016,0.5621866381767747,-0.13380407799127478,-1.35442942096664,0.09646779250209708,0.562186693338486,0.6074553548993082
15,Normal,14,,,,,,,,,,,,,,,,,,,,,,,,,,,,,,,,,,,,,,,,,,,0.0010133900415134822,0.043350769558163124,0.0007068838512806124,1.0096325265526667,0.15486955509694866,0.8547629714557179,0.18118421158918144,0.2541925001468583,0.08324337782271181,3.0536062626250704,0.205,0.826,1.031,0.24818401934041356,0.513,0.6185,0.4125,1.49939393903045,0.0005,10.829573944695085,-3.751561887717884,-0.05255619074743066,2.886684071469274,1.0086230434681522,1.4112142857051833,0.7147199781163437,0.4168143995741385,0.5831856003845364,2.419837567717725,-0.8809277780757182,0.5925573472278463,-0.6304486029647096,0.7018194470821658,0.5383989065827699,-0.03477313967498863,-1.380341542302411,0.10115091944071684,0.5383989596574279,0.5274021350145953
15,Normal,15,,,,,,,,,,,,,,,,,,,,,,,,,,,,,,,,,,,,,,,,,,,0.0010053813339409223,0.04300693219390586,0.0006987448664272953,1.0314278597212778,0.1484250371291976,0.8830028225920803,0.16809123743985607,0.34286657934791154,0.060471245991225046,5.669910933051944,0.141,0.835,0.976,0.16886227542887877,0.525,0.5855,0.3905,1.499359794750484,0.0,12.692583286332308,-2.9946960770199667,0.026822875231432043,4.238354397064196,1.021343579733181,1.3504485632709615,0.7562995047984089,0.43062103173867156,0.569378968219166,2.3717923786766693,-0.7829264304172957,0.4253698788835086,-0.4709198784716931,0.4441197261275432,0.5102270064916448,-0.233611114169639,-1.2994305121176974,0.09780057370421635,0.5102270571902222,0.7082554457306788
15,Normal,16,,,,,,,,,,,,,,,,,,,,,,,,,,,,,,,,,,,,,,,,,,,0.0009731664235501325,0.041628335470574325,0.0006927140725306585,0.9933437331221062,0.1403729856574214,0.8529707474646848,0.16456951901129088,0.3185762460487218,0.06078075669059908,5.241399792804089,0.1445,0.8265,0.971,0.1748336357925186,0.5255,0.5825,0.3885,1.4993564989705646,0.0,12.45021825034786,-3.8400312982173546,0.015660488692944473,3.2422179099955155,1.0223286003001943,1.4125282459655832,0.7237579872457488,0.4198721587374236,0.5801278412215063,2.4348570962217218,-0.9743836978215021,0.5229636550797886,-0.5600135969712672,0.6066365921862784,0.5572882120694858,-0.18011193878981527,-1.408193302636859,0.1025489375797912,0.5572882692792153,0.6808754888408545
15,Normal,17,,,,,,,,,,,,,,,,,,,,,,,,,,,,,,,,,,,,,,,,,,,0.0010231711411820695,0.0437669338218709,0.0007049630394618523,1.0325211191003536,0.15643743248471925,0.8760836866156343,0.17856448517057807,0.3075306695238642,0.08716162275517915,3.528280675026357,0.1645,0.815,0.9795,0.20184049077278032,0.5355,0.5875,0.392,1.4987244894135907,0.0,10.73116720954863,-2.8544100651901942,-0.05234982981170923,3.759504403393296,0.9789448225380033,1.399874598125085,0.699308940800281,0.41152548780855885,0.5884745121494035,2.3788196529199794,-0.9399317365305504,0.5012049827637947,-0.5722638222172448,0.5287583796158523,0.5783524093347806,-0.12217810141089705,-1.2834292028203944,0.09255387901791107,0.5783524658024264,0.6254183637388745
15,Normal,18,,,,,,,,,,,,,,,,,,,,,,,,,,,,,,,,,,,,,,,,,,,0.001032484177894691,0.04416493916225758,0.0007142155256456227,1.052847863347844,0.17876397272633215,0.8740838906215118,0.20451580749162598,0.32996488965647286,0.07549230454867531,4.3708413882985475,0.171,0.819,0.99,0.20879120876571539,0.528,0.594,0.396,1.4999999996212119,0.0005,10.934173023167432,-2.6406174482615086,0.028454130512818608,4.14076375582235,1.031379663212651,1.3467508969294213,0.7658280870557456,0.4336934567241194,0.5663065432338308,2.378130790235204,-0.875538965350681,0.4535247592828374,-0.5930239050683455,0.532130193969579,0.5360392703824596,-0.060456192268709505,-1.341980627453105,0.09610850639411081,0.5360393222462876,0.6686359860767375
15,Normal,19,,,,,,,,,,,,,,,,,,,,,,,,,,,,,,,,,,,,,,,,,,,0.000988798473941419,0.042295468379435736,0.0006655581529732357,1.0547753761290652,0.2945815714420557,0.7601938046870096,0.3875085137330096,0.3300897656111623,0.08211316246635961,4.019937307181427,0.223,0.7465,0.9695,0.29872739446768554,0.5675,0.5815,0.388,1.4987113398199197,0.145,11.830617275203736,-3.440295194163525,-0.03551102800719333,3.438837834302865,1.068212235524642,1.337151164644054,0.7988717085170471,0.44409598790989957,0.5559040120485265,2.405363643189397,-0.7390469086113116,0.48844461713876786,-0.5339212046758882,0.4838035286922842,0.5784828064903087,-0.24473612898856797,-1.218976891322959,0.09972382448431105,0.5784828649360708,0.6567658974388894
15,Normal,20,,,,,,,,,,,,,,,,,,,,,,,,,,,,,,,,,,,,,,,,,,,0.0010243411306449313,0.04381600850694158,0.0007010494626822468,1.043934639390347,0.15236320348824922,0.8915714359020978,0.1708928722206066,0.328023747839457,0.0608334198007858,5.3921635241687245,0.1555,0.829,0.9845,0.18757539201597404,0.5635,0.5905,0.394,1.4987309640866164,0.0,11.340686431066047,-3.1127861374282872,0.04742271497269718,3.643259102943428,1.0239773426579315,1.361705321786817,0.7519815970455928,0.42921774881293095,0.5707822511451525,2.3856828971054154,-1.1073456121121132,0.6195471931555662,-0.6305378848199577,0.484324999034095,0.5913670855481872,-0.18818266156524008,-1.3238877514220884,0.10062246366726434,0.59136714322051,0.676629769923249
15,Normal,21,,,,,,,,,,,,,,,,,,,,,,,,,,,,,,,,,,,,,,,,,,,0.001015765618028542,0.04344839188510131,0.0007027504126304125,1.0300939920294687,0.15088582226028865,0.8792081697691799,0.17161558255622147,0.3067515856096665,0.0779311522823587,3.9361869577474127,0.157,0.803,0.96,0.19551681193081982,0.553,0.576,0.384,1.499999999609375,0.0,10.874627091575462,-2.7076816579046294,-0.038439525071894125,4.016213301673468,0.9888699757113162,1.3311339411945593,0.7428778915738687,0.4262363388539106,0.573763661102986,2.320004145073407,-1.0249321070342665,0.5355828038879791,-0.5184564977982599,0.5263059842809813,0.5856171346202437,-0.1853778088752933,-1.3448800171585746,0.09893602356584376,0.5856171922144637,0.6247048643056509
15,Normal,22,,,,,,,,,,,,,,,,,,,,,,,,,,,,,,,,,,,,,,,,,,,0.0010197903366288594,0.043620811307853384,0.0007067411598601424,1.0594644951614531,0.15914060905191907,0.900323886109534,0.1767592879512718,0.3075197423470918,0.07380124436572721,4.166863913655302,0.171,0.821,0.992,0.2082825821914394,0.5445,0.595,0.397,1.4987405537786547,0.0,10.23131502550234,-2.86516727047416,0.015290481421044244,3.5709311391973477,1.0267951040727397,1.3809971404898174,0.7435171832681712,0.42644671954105445,0.5735532804174135,2.4077924804283737,-1.1169144839968774,0.756296696306731,-0.7741695812013585,0.597272224010146,0.5728355009549911,-0.12722736741851295,-1.3471730059522276,0.09962143345821081,0.5728355570695971,0.6144928153522786
15,Normal,23,,,,,,,,,,,,,,,,,,,,,,,,,,,,,,,,,,,,,,,,,,,0.0010320021075683383,0.044142741239120487,0.0007264322593077814,1.0535812784587197,0.16494901451187538,0.8886322639468444,0.18562123072225079,0.32299405009119364,0.07951139015384853,4.062236228796918,0.1645,0.8245,0.989,0.19951485746518924,0.5115,0.593,0.396,1.497474747096597,0.0,10.483231337350219,-2.2536066988831465,-0.0077818939703348565,4.6517572662880236,1.0186463861888084,1.342567465856971,0.7587301286663651,0.43140793251873477,0.5685920674389139,2.3612140806089834,-1.032793877259109,0.5972420121014512,-0.5786013380243605,0.588526240222017,0.5041068443028757,-0.13586964895677697,-1.27401169659474,0.09493099769460106,0.5041068930999276,0.6427484219117845
15,Normal,24,,,,,,,,,,,,,,,,,,,,,,,,,,,,,,,,,,,,,,,,,,,0.0009942511611433203,0.04252706805954535,0.000688638274681524,1.0261981996108545,0.1406165789406439,0.8855816206702104,0.15878443685218588,0.3283372066258999,0.05752501371695499,5.707729296174899,0.1445,0.8335,0.978,0.17336532691381337,0.5625,0.5865,0.3915,1.498084290805087,0.0,12.19741999133555,-2.486531438966267,0.029299473395553572,4.905395443508199,1.0214445051905514,1.370448300331366,0.7453360370245552,0.4270444322545487,0.5729555677036434,2.3918930458550203,-0.9630424411169761,0.44939932062298193,-0.5810245139912266,0.5002758763049863,0.5720306091169036,-0.21258342132827746,-1.3812152463882088,0.10343000563583392,0.5720306665935141,0.6877611552359137
15,Normal,25,,,,,,,,,,,,,,,,,,,,,,,,,,,,,,,,,,,,,,,,,,,0.0009937676654434716,0.0425058106307245,0.0006701311266822096,1.04350195557886,0.19359958921123596,0.849902366367624,0.22779038728398565,0.30948171578365924,0.08586288315180551,3.6043713425748667,0.1785,0.783,0.9615,0.22796934862988896,0.546,0.5765,0.385,1.4974025970136615,0.176,10.415453514722742,-2.8135808451850153,-0.04865000294473987,3.70184973791562,0.990992740278916,1.310390110377111,0.7562577986170066,0.4306075105901503,0.5693924893663976,2.3013830820074674,-0.9813506906268654,0.47005693010079197,-0.5401215006417512,0.50177968933948,0.6061896846018688,-0.19767302253107638,-1.3590431666841676,0.1002496362152659,0.6061897455403854,0.6158087033344839
15,Normal,26,,,,,,,,,,,,,,,,,,,,,,,,,,,,,,,,,,,,,,,,,,,0.0010512682173274518,0.044964417078019556,0.0007240641253548996,1.0969087362764145,0.16532437288575372,0.9315843633906608,0.17746580917940785,0.3153028519837412,0.08575326346876501,3.6768612512444125,0.171,0.819,0.99,0.20879120876571539,0.5155,0.594,0.396,1.4999999996212119,0.0005,10.324655363721831,-3.004753631037829,-0.003356765302903869,3.436107125964976,1.024564016831897,1.3840738363120721,0.740252427202778,0.42537071957579986,0.5746292803826828,2.408638082020453,-1.265239755419253,0.742372427411779,-0.8158529820080912,0.6188679681794351,0.5197723121905345,-0.18747387288284884,-1.279109513565699,0.09674161205731308,0.5197723615809645,0.5908707307756619
15,Normal,27,,,,,,,,,,,,,,,,,,,,,,,,,,,,,,,,,,,,,,,,,,,0.001047422110714502,0.044799533527005796,0.0007154504643332033,1.107844831101949,0.15216366501148137,0.9556811660904676,0.15922011481929224,0.3339387232748241,0.08349392311577172,3.9995572182161423,0.1545,0.8365,0.991,0.1846981470191634,0.543,0.5945,0.3965,1.4993694825978892,0.0,11.532357142852675,-2.3993867247522758,-0.004527367214412612,4.806376989337846,1.0197624956914981,1.3539488525117283,0.7531765278462371,0.429606782821527,0.5703932171363449,2.3737115745899953,-1.1673747429323238,0.7975234360372804,-0.8390015844738727,0.5603752414541217,0.5691198155777781,-0.19494926141830468,-1.3621989629487559,0.09768714962887058,0.5691198698561537,0.6288473718875466
15,Normal,28,,,,,,,,,,,,,,,,,,,,,,,,,,,,,,,,,,,,,,,,,,,0.001000949825728258,0.042811364512881735,0.0006689631246061977,1.1072982683136225,0.1515509483874038,0.9557473199262188,0.15856800768559448,0.341661492766471,0.08378828777832967,4.07767602630338,0.145,0.8255,0.9705,0.17565112051173212,0.58,0.582,0.3885,1.4980694976838944,0.0,12.312904879737118,-2.8929309760649744,0.007454745005992676,4.256204168431204,1.0222080174495922,1.3629191786494579,0.750013671674586,0.4285758927568256,0.5714241072012479,2.3851274341469266,-0.8922469996467702,0.46338316937142243,-0.4673867467645379,0.448280273494832,0.605950308453452,-0.3051133171582777,-1.2414238772706383,0.10090871955156187,0.6059503689303877,0.6468095520065825
15,Normal,29,,,,,,,,,,,,,,,,,,,,,,,,,,,,,,,,,,,,,,,,,,,0.0009684594515646451,0.04142191233487759,0.0006436022955999961,1.0233229862932447,0.1504852057747963,0.8728377805184484,0.17240913388071966,0.30960430449283444,0.08487371706196395,3.6478230816969948,0.1575,0.8295,0.987,0.18987341769862887,0.5855,0.592,0.395,1.4987341768357634,0.0,10.861809296206047,-2.7084786574657755,0.11157066825014021,4.010299016337096,1.023647154175701,1.305556346976187,0.78406968528641,0.4394837778775089,0.5605162220795578,2.329203741425011,-1.050539230584426,0.6747118351678519,-0.6082683500218775,0.6667429743154096,0.5839382999473501,-0.24218465294426805,-1.1951993936393417,0.08376553002173757,0.5839798422051846,0.6331304848853759
15,Normal,30,,,,,,,,,,,,,,,,,,,,,,,,,,,,,,,,,,,,,,,,,,,0.0009055030831727211,0.038725110396816226,0.0006871129849769968,0.44606054456861377,0.1271066728030705,0.3189538717655433,0.39851114538798577,0.12628655781638431,0.022433448020983487,5.6293868483935885,0.156,0.4695,0.6255,0.3322683705362581,0.3745,0.375,0.2505,1.4970059874263448,0.0,10.943298559002358,-3.1719661859569896,0.6052562620634203,3.450004797373254,1.0236414439447308,0.8473457004395333,1.208056455934035,0.5471130290565928,0.45288697088995944,1.8709873508212156,-1.124745239759436,0.6790213168819759,-0.7023402598734583,0.6105772520676834,0.5888274764262318,-0.23488217084460897,-0.39397870621650144,0.062355675549874416,0.5897498143487933,0.6551783272444365
15,Ischaemia,0,,,,,,,,,,,,,,,,,,,,,,,,,,,,,,,,,,,,,,,,,,,0.0006023764950731845,0.025720917269703766,0.0005568304040246995,0.4057961580249267,0.047440428258940626,0.35835572976598606,0.13238361858112851,0.1454708916301997,0.042045567283143626,3.4598389481722163,0.097,0.8415,0.9385,0.11527035055077,0.3475,0.563,0.3755,1.499334220639325,0.0,13.11979292792455,-6.356797655402261,-0.22762240995922237,2.0638997241902826,0.7973903287436752,1.5455345385698984,0.5159317432206445,0.3403396924221214,0.659660307535197,2.342925256026208,-1.1082028623847966,0.7036597094682895,-0.5471642291549996,0.5807335712332892,0.4590711037864971,0.1316350847392127,-0.26538190662208194,0.053876789688862156,0.45907117995058616,0.740446275537815
15,Ischaemia,1,,,,,,,,,,,,,,,,,,,,,,,,,,,,,,,,,,,,,,,,,,,0.0005283907113934007,0.022562236541021796,0.0004827498752603029,0.5569505599735229,0.08689775735273833,0.4700528026207847,0.18486807620282678,0.17836385457320325,0.045158031996009165,3.949770313152466,0.161,0.8515,1.0125,0.18907809745283874,0.521,0.6075,0.405,1.4999999996296296,0.0,10.908575871118785,-2.5162780218704768,0.005159252180878144,4.335202936985623,1.0256766084664948,1.394541335067832,0.7354938735774765,0.4237951425673197,0.5762048573913617,2.4202184013279764,-0.9510878674111025,0.4946043893390217,-0.6277225342332815,0.6324419974160622,0.48639358397457993,-0.07730224369461304,-1.323711041867278,0.0900561765971175,0.4863936759778206,0.6725263437884919
15,Ischaemia,2,,,,,,,,,,,,,,,,,,,,,,,,,,,,,,,,,,,,,,,,,,,0.0005202900225184938,0.02221561966514842,0.0004703495901038045,0.5400735614007295,0.16882614041084482,0.3712474209898847,0.4547537055347501,0.16934115751254877,0.032993670606472514,5.132534631235449,0.2385,0.721,0.9595,0.33079056860876693,0.533,0.5755,0.384,1.4986979162763807,0.1295,12.723031655533873,-5.701741197088268,-0.014036152252568598,2.231429174969929,1.155506743989939,1.6748109513524327,0.6899326416440363,0.4082604386958532,0.5917395612688151,2.8303182390478026,-1.100670988471109,0.7204486811974081,-0.5736417667417419,0.8132413641494547,0.6264845123012283,-0.19176797819566516,-1.4601012639097035,0.10870911933489158,0.6264846326492133,0.6716007498360552
15,Ischaemia,3,,,,,,,,,,,,,,,,,,,,,,,,,,,,,,,,,,,,,,,,,,,0.0006241105986912634,0.026648082022460176,0.0005546999612596095,0.5841582198716881,0.07857597904934725,0.5055822408223408,0.15541680994569743,0.17793010630968498,0.05482088787591782,3.2456626092566685,0.148,0.8395,0.9875,0.17629541391586712,0.4655,0.5925,0.395,1.499999999620253,0.0015,12.02228873294348,-5.329359966983361,-0.03148158823372482,2.255859766876098,0.9941146949345594,2.10926796018641,0.47130791992856713,0.320332619395843,0.6796673805719342,3.1033831520594615,-1.1899568719233289,0.8490130827543619,-0.93563419663733,0.7673727849207002,0.43938970371356006,-0.05115854686824471,-1.2343427651945555,0.07609120050264927,0.4648463105910521,0.6246735867119919
15,Ischaemia,4,,,,,,,,,,,,,,,,,,,,,,,,,,,,,,,,,,,,,,,,,,,0.0005814569078138401,0.024826893905302044,0.0005119481403577485,0.5661145996244272,0.10307672528166838,0.4630378743427588,0.22260970639975333,0.18419476046403344,0.03611363228908737,5.100421870597886,0.171,0.8215,0.9925,0.20815581251270168,0.527,0.5955,0.397,1.4999999996221662,0.1695,8.792480870283555,-4.999329219285528,0.05568873426144606,1.7587321187389708,1.024232857787231,1.5892826069995847,0.644462383978668,0.391898525778032,0.6081014741837053,2.613515914002533,-0.9092150695606583,0.5787309815873866,-0.809514764349629,0.7404507822879776,0.5539155602231615,-0.13563050761072465,-1.260019448288339,0.08389230839137196,0.5539156554311596,0.6979473413563028
15,Ischaemia,5,,,,,,,,,,,,,,,,,,,,,,,,,,,,,,,,,,,,,,,,,,,0.0005338706706494241,0.02279489315529981,0.0004964535216080691,0.5261910987257636,0.0788990913237714,0.4472920074019922,0.17639280380707448,0.17334917684154177,0.03192433516543298,5.430001138637356,0.1495,0.8375,0.987,0.17850746266525283,0.5075,0.592,0.395,1.4987341768357634,0.148,11.244851560350867,-3.547886232684391,0.017098398394885975,3.1694509977355945,1.0214189953262753,1.4472431419871814,0.7057687582842561,0.41375406534831377,0.5862459346111785,2.4686625994748614,-1.0663309527810658,0.7034662606252862,-0.6484547490136942,0.620709810144318,0.4858008307689475,-0.11099484579790243,-1.364396642714907,0.09565360786965273,0.4858009217163441,0.7118176164053611
15,Ischaemia,6,,,,,,,,,,,,,,,,,,,,,,,,,,,,,,,,,,,,,,,,,,,0.0005272160365740081,0.022510727042568443,0.0004987289695802425,0.5122577106954753,0.07507486013382665,0.43718285056164874,0.17172416534684645,0.17553337774801014,0.030388882280817806,5.776236702235915,0.1435,0.848,0.9915,0.16922169809325216,0.519,0.5945,0.397,1.4974811079351433,0.0005,12.215362720811186,-3.0232533403652724,0.019365786148373167,4.040469436455255,1.0214651333767737,1.4367867042143274,0.7109372117027237,0.41552501566974476,0.5844749842895759,2.458252303615584,-1.2324695002668284,0.7256235617844352,-0.7577305586262294,0.6498366342053851,0.4936916318247574,-0.07256097943134882,-1.241819208657882,0.09161360213112966,0.4936917254166278,0.755152416957808
15,Ischaemia,7,,,,,,,,,,,,,,,,,,,,,,,,,,,,,,,,,,,,,,,,,,,0.0005244904610353162,0.022394192187596938,0.00047957747283377985,0.5240432870695703,0.0615062949457444,0.46253699212382593,0.13297594782641933,0.16922115246930547,0.040381821594825215,4.1905279496340935,0.1295,0.857,0.9865,0.15110851806871547,0.5195,0.5915,0.395,1.4974683540512739,0.0005,13.04045686873394,-4.099515300514213,-0.05112273808967631,3.180975289147023,0.9688501022571585,1.5357270159295568,0.6308739067194425,0.38683181092060426,0.6131681890394689,2.504577595462029,-1.0645735467784616,0.7178494358910659,-0.6331742688848673,0.5853488484562351,0.492471630702091,-0.1233259917277045,-1.3688056016056904,0.09067435619578237,0.492471724548094,0.6852577592043452
15,Ischaemia,8,,,,,,,,,,,,,,,,,,,,,,,,,,,,,,,,,,,,,,,,,,,0.000543276592458063,0.02319600112117541,0.0004725785354278111,0.5710122544036307,0.06772795815706346,0.5032842962465672,0.13457196786928005,0.1792009289758631,0.051878303651594786,3.4542557488756422,0.1295,0.8465,0.976,0.15298287062575514,0.55,0.5855,0.3905,1.499359794750484,0.0,12.735011003238014,-3.8016202539654955,-0.04859777676244864,3.3498903499419885,0.9704647849513243,1.678045284434401,0.5783305098471132,0.3664191411361198,0.6335808588261232,2.648510556627626,-1.1506781616396164,0.7712397825865728,-0.8066367404124695,0.8792831910363147,0.5390028809872254,-0.20677489408597358,-1.242974958238337,0.09082080336974785,0.5390029801466703,0.6632826462211833
15,Ischaemia,9,,,,,,,,,,,,,,,,,,,,,,,,,,,,,,,,,,,,,,,,,,,0.0005904186520640512,0.025208640056219776,0.0005196913029271552,0.5851330414902776,0.0758279651798271,0.5093050763104503,0.14888515487467308,0.18812744340664367,0.04456645129857145,4.221279404190435,0.141,0.839,0.98,0.16805721094540438,0.4905,0.588,0.392,1.4999999996173468,0.0,12.837822059330392,-4.077662676633452,0.024321992382951713,3.1483286080972643,1.0212645161925182,1.4926426347966655,0.6841989450899073,0.40624591713740976,0.5937540828228116,2.513907576521623,-1.1250128878589176,0.7558017314137452,-0.5154881323098424,0.6147136012171202,0.47488795984684834,-0.0729076705392605,-1.2146411443552612,0.08636057941855196,0.47488804023177106,0.6967710655824458
15,Ischaemia,10,,,,,,,,,,,,,,,,,,,,,,,,,,,,,,,,,,,,,,,,,,,0.0005290917550445996,0.02259004229749552,0.00047128977025208993,0.5743072492740984,0.08698286999101638,0.48732437928308203,0.1784907007959062,0.1794981746876136,0.045643833002331005,3.9325832754928443,0.1545,0.8405,0.995,0.18381915524285317,0.5655,0.597,0.398,1.4999999996231155,0.0,12.091718901923684,-4.281404557296582,-0.002053318555531617,2.8242411432561196,1.0235575243068045,1.662091325750356,0.6158250803596089,0.3811211299075481,0.6188788700552168,2.685649357384646,-0.8667723971023202,0.6558350272719318,-0.685833464903467,0.6762995820182233,0.5603346522607499,-0.1518858623612248,-1.3624777500049041,0.10075705271374048,0.5615094982724275,0.6502738232240332
15,Ischaemia,11,,,,,,,,,,,,,,,,,,,,,,,,,,,,,,,,,,,,,,,,,,,0.0005630044528166544,0.024037661564250242,0.0005051156806494808,0.5364961906894095,0.07134254095483043,0.465153649734579,0.15337413987872983,0.188026446972761,0.025967331124100972,7.2408845310313845,0.131,0.8625,0.9935,0.15188405795340473,0.523,0.596,0.3975,1.4993710688051896,0.0,13.182538593918935,-4.247896845948901,0.07366692243235409,3.1033094897726667,1.017597722668348,1.5316978627429476,0.6643593017617777,0.39916819707050766,0.6008318028902659,2.5492960379583947,-1.1183050870540971,0.760256276961276,-0.7275456896738671,0.6736260568103144,0.48010336169129053,-0.07231825319476837,-1.4612423838762765,0.09101151581520847,0.4801034469185137,0.7888169769138567
15,Ischaemia,12,,,,,,,,,,,,,,,,,,,,,,,,,,,,,,,,,,,,,,,,,,,0.0005361688836068863,0.02289176857638644,0.0005153124620152621,0.49516043684570127,0.0628077645352088,0.4323526723104925,0.14526974977403784,0.1663061122535559,0.031369055146480904,5.301597735309951,0.1235,0.818,0.9415,0.15097799509156748,0.5015,0.5645,0.377,1.4973474797089263,0.0005,13.890994502355397,-4.1855221974567485,-0.008025127735326067,3.318819933738282,1.0081965011569864,1.5267363208150846,0.6603605922944839,0.3977211910226796,0.6022788089378717,2.5349332945048393,-1.0036820007331717,0.5953004351977036,-0.5811644218665315,0.5791332744953585,0.506910123495354,-0.09892584275190965,-1.3424814122350368,0.0920720527883765,0.5069102179876585,0.7281189046026072
15,Ischaemia,13,,,,,,,,,,,,,,,,,,,,,,,,,,,,,,,,,,,,,,,,,,,0.000517075345596567,0.022076499362706902,0.0004915398750991992,0.5099000346598243,0.0863968583357339,0.4235031763240904,0.2040052191939577,0.15065031023947992,0.03561961632974679,4.229419778750572,0.186,0.8205,1.0065,0.2266910420199036,0.513,0.6035,0.403,1.4975186100502436,0.0005,9.94077216521157,-4.502678861438312,-0.008878152708482622,2.2077462041819627,1.0256923584361823,1.5309187702242721,0.6699848341521901,0.40119216680930203,0.5988078331515835,2.556611622841659,-1.134783568976785,0.8543919830241233,-0.8509018999330892,0.939304802791335,0.5356695815037401,0.011616137117444383,-1.2998948513699566,0.09818467634218178,0.535669685046213,0.6325554314945093
15,Ischaemia,14,,,,,,,,,,,,,,,,,,,,,,,,,,,,,,,,,,,,,,,,,,,0.0005162806889280314,0.022042198596816463,0.000490734114494225,0.4835617921522457,0.06953320716282828,0.4140285849894174,0.16794301086194627,0.1620039413886219,0.0173047751045335,9.361805598386516,0.146,0.835,0.981,0.17485029938025745,0.5825,0.5885,0.3925,1.4993630569428373,0.0005,11.9997792735154,-4.1052105929042,0.051216501851307224,2.923060584020841,1.0220396142689019,1.7400501537461706,0.5873621585043436,0.3700240397930189,0.6299759601707766,2.762090302736555,-1.216010340308569,0.7511415398557659,-0.8490047722210906,0.7615265767011067,0.4348258050678221,-0.12253578954377667,-1.3785620650722867,0.09847539946040765,0.5180437835800433,0.7390027259348804
15,Ischaemia,15,,,,,,,,,,,,,,,,,,,,,,,,,,,,,,,,,,,,,,,,,,,0.0005695483255758198,0.02431619188311242,0.000505892875732586,0.5279604523427981,0.06127373882015309,0.466686713522645,0.1312952287510332,0.15999107339124533,0.05294915123076025,3.0215984462493206,0.142,0.861,1.003,0.16492450636876602,0.5195,0.6015,0.4015,1.4981320046081863,0.0015,12.209067448325982,-4.297654318919285,-0.11208999058092468,2.8408677250505487,0.9167508698229969,1.6779295296632804,0.5463583860713928,0.35331937990095935,0.6466806200605002,2.5946808547948943,-1.4617878021198214,1.0188387617036418,-0.7812623039788184,0.8964618339630055,0.4918664641403037,-0.08220365691896236,-1.2539849694613039,0.07961881410950951,0.49186655045191247,0.6295616700585674
15,Ischaemia,16,,,,,,,,,,,,,,,,,,,,,,,,,,,,,,,,,,,,,,,,,,,0.000528577590902043,0.022566518529833785,0.00046481333533296453,0.5503107934927634,0.1566525761114191,0.3936582173813442,0.3979405716809227,0.16815772287547623,0.05016701419162623,3.3519579598251026,0.2095,0.676,0.8855,0.3099112425577054,0.5465,0.531,0.3545,1.4978843437241511,0.118,14.759698613274281,-5.754233289474882,0.04105451392245494,2.565015679849976,1.1399907030868512,1.6493213649848772,0.6911877377082211,0.4086995915928708,0.5913004083712781,2.7893125954943336,-0.9085668364084004,0.8436609360169737,-0.5734261094346796,0.5100388328152242,0.6055216592212608,-0.38829623582912826,-1.1798648530337106,0.09163456922971001,0.6184905218888354,0.6285842885508864
15,Ischaemia,17,,,,,,,,,,,,,,,,,,,,,,,,,,,,,,,,,,,,,,,,,,,0.0005842427908506394,0.024943201955433397,0.0005396173154763412,0.5316985917297159,0.07306955109872551,0.4586290406309904,0.159321683995987,0.10576884073218207,0.04938350903149122,2.141784627952546,0.216,0.7675,0.9835,0.2814332247190315,0.533,0.59,0.3935,1.499364675603719,0.058,14.85732499669183,-4.944302493733744,0.031186980691032342,3.0049385156391724,1.2213408774568104,1.5853378949242936,0.7703978320899815,0.4351552053023671,0.5648447946620037,2.806679252496397,-0.593597483458653,0.6316987252639628,-0.7511105528560578,0.6582700431723565,0.5525238521161243,-0.06738438044328557,-1.2749063489807433,0.08884032006296153,0.6043041595733009,0.4149048269508611
15,Ischaemia,18,,,,,,,,,,,,,,,,,,,,,,,,,,,,,,,,,,,,,,,,,,,0.0005378910186260187,0.022964313310468304,0.0005109027244281016,0.5209517730116339,0.07292196899435842,0.4480298040172754,0.16276142418255396,0.10639052371499678,0.04366183183723499,2.4366939955230444,0.2265,0.81,1.0365,0.27962962959510745,0.467,0.6215,0.415,1.4975903610849182,0.0005,13.199051961513646,-3.9146753594786503,-0.00025861401708350714,3.371684941694451,1.093012835444129,1.5569865259773668,0.7020053270453397,0.41245777312813253,0.5875422268341317,2.649999853821231,-0.7806813357589754,0.697310724224773,-0.6911543917664612,0.5445530405147551,0.5234839833554901,0.06347817809041603,-1.423488414416779,0.10047580837207484,0.5234840806247115,0.4252640591115433
15,Ischaemia,19,,,,,,,,,,,,,,,,,,,,,,,,,,,,,,,,,,,,,,,,,,,0.0005771596679826122,0.02464031575143286,0.0005294321795561107,0.5339510221400264,0.0828143254814615,0.4511366966585648,0.18356814259732301,0.14536845035721757,0.03923839781861428,3.704749889603834,0.1895,0.814,1.0035,0.23280098277238317,0.4855,0.602,0.4015,1.4993773346203292,0.0005,10.826074092918248,-4.764245637260842,-0.035824654794274664,2.2723585047800685,0.9983668974483089,1.612852475359619,0.6190069536048556,0.38233742741288684,0.6176625725488167,2.611219824972628,-1.1254359950514445,0.6864652334737681,-0.9225533128815812,1.0298389651386368,0.5075058008542921,-0.04706577537466443,-1.2544006745032352,0.08596113400002534,0.5075058887351537,0.554921351653895
15,Ischaemia,20,,,,,,,,,,,,,,,,,,,,,,,,,,,,,,,,,,,,,,,,,,,0.0005282710838133798,0.02255314693548663,0.0004771410892781986,0.5594606169714164,0.12402202238032478,0.4354385945910916,0.2848209228405864,0.168666253808168,0.03690418233955091,4.570383156013373,0.206,0.792,0.998,0.26010101006816905,0.562,0.5985,0.3995,1.4981226529416463,0.0005,10.42146830036296,-3.403786448185116,-0.006331080523645832,3.0617280075292235,1.0425400262307376,1.4020079570918997,0.7436049281195627,0.4264755829300869,0.5735244170290058,2.444548445823174,-1.03772726526581,0.5225442743451966,-0.7313962991414774,0.7818384668697085,0.5675806116893292,-0.1834189489938489,-1.341282754578797,0.10258848689050964,0.5675807190737371,0.63367762013715
15,Ischaemia,21,,,,,,,,,,,,,,,,,,,,,,,,,,,,,,,,,,,,,,,,,,,0.000533727037877692,0.02278581677630443,0.00048250939269895777,0.5291405880157951,0.07769457445151928,0.4514460135642757,0.17210158490688982,0.1726640686491947,0.025480447430420838,6.776335794065347,0.1455,0.827,0.9725,0.1759371221069,0.5645,0.5835,0.389,1.4999999996143958,0.0,11.873341189031407,-3.5222812713621465,0.0634366055765177,3.3709236355512924,1.0215583899909686,1.3781473185639004,0.7412548543659025,0.4257015292777684,0.5742984706805598,2.3997061579278163,-1.0027938184120226,0.6164606157291544,-0.5693963177841947,0.593943383532128,0.5643121486089355,-0.21423048773388312,-1.3285490904614194,0.09727961257505134,0.5643122542829824,0.6964856008256054
15,Ischaemia,22,,,,,,,,,,,,,,,,,,,,,,,,,,,,,,,,,,,,,,,,,,,0.0005420643042902912,0.023141250793448757,0.0004912285016699105,0.5383411979280825,0.07623148029972189,0.4621097176283607,0.16496402775180893,0.16480876578599854,0.04291666386749536,3.840204492847417,0.1645,0.86,1.0245,0.19127906974520012,0.5405,0.6145,0.41,1.498780487439322,0.0015,11.136741559345865,-4.310201327600282,-0.0584852681535513,2.58381006190444,0.9727013482617781,1.80334399698622,0.5393875765430416,0.35039101572738995,0.6496089842365875,2.776045857095122,-1.1615848187324642,0.6412765535075474,-0.9023118954436871,0.9553341752720058,0.5402268072001646,-0.06124763592216214,-1.2327896400543423,0.09301163518142688,0.5402269068071606,0.6579941012847282
15,Ischaemia,23,,,,,,,,,,,,,,,,,,,,,,,,,,,,,,,,,,,,,,,,,,,0.0005738169921879046,0.024496561731916295,0.0005078540483904449,0.5717370221870748,0.05971484370787781,0.5120221784791971,0.11662550218738506,0.18847557275515192,0.05022382436729276,3.752712477678652,0.1085,0.8435,0.952,0.12863070537894122,0.569,0.571,0.381,1.4986876636486381,0.0,14.985098305916154,-4.86242448071971,-0.0276673918016975,3.0818161526263865,0.9855270238250742,1.976892946728523,0.4985232131087974,0.33267633677463965,0.6673236631916042,2.962420486522996,-1.248232879222244,0.8172133226344963,-0.7766759244711502,0.6957690503753705,0.53882755958253,-0.22242391256020377,-1.2267116791352266,0.08152703103378145,0.5654011690268,0.6916552810854897
15,Ischaemia,24,,,,,,,,,,,,,,,,,,,,,,,,,,,,,,,,,,,,,,,,,,,0.0005913751647284068,0.02524618439714007,0.000509183011399198,0.6045441325932341,0.0731354019989808,0.5314087305942534,0.13762551831512781,0.17784703127818396,0.0530983620515584,3.349388268710738,0.1495,0.8525,1.002,0.17536656889438515,0.4985,0.601,0.401,1.4987531168332284,0.0,12.40027956674055,-5.090985184595752,-0.027348330440419087,2.435732793726764,0.9975902297859808,1.8835467834189725,0.5296339005300488,0.3462487987135484,0.6537512012517431,2.881137500109604,-1.5495090821298876,1.0279227249334193,-1.0374437755091503,0.9806762712962602,0.4515868538607299,-0.08972071496490165,-1.3639211608375421,0.0894608474315662,0.45158693017773194,0.6087866888465823
15,Ischaemia,25,,,,,,,,,,,,,,,,,,,,,,,,,,,,,,,,,,,,,,,,,,,0.0006046801976707343,0.025813761029935503,0.0005224847513580532,0.6009135457107033,0.07498371116277044,0.5259298345479329,0.142573602452057,0.19800113759165222,0.04045837779052073,4.893946517762969,0.1255,0.84,0.9655,0.14940476188697563,0.5265,0.579,0.3865,1.4980595080212005,0.0,13.498356164089444,-5.113887666924711,0.02756709754219919,2.6395488213652656,1.0153969112476875,1.8118976761117382,0.5604052174572293,0.3591408252084943,0.6408591747561363,2.8272950546452718,-0.9359125760171505,0.6590439480733643,-0.6229259091553232,0.7673175421494625,0.5555767417151932,-0.22693303537847923,-1.2814079531934632,0.08624673925122388,0.5555768335390693,0.6832095723813096
15,Ischaemia,26,,,,,,,,,,,,,,,,,,,,,,,,,,,,,,,,,,,,,,,,,,,0.0005484272507316328,0.023411868008832028,0.00048228706637215655,0.5758764327137054,0.07305067818670673,0.5028257545269987,0.14528030339435669,0.18027118929347413,0.04721273942318634,3.8182742860100785,0.1405,0.8335,0.974,0.16856628672242757,0.5335,0.584,0.39,1.4974358970519392,0.0,12.498614016246393,-5.239382513416103,0.0417166043894115,2.385512793540757,1.0200489149499257,1.8007386761257438,0.5664613796644253,0.36161847781129164,0.6383815221532573,2.8207881051348433,-0.7818018742754552,0.733868200315764,-0.695741639529323,0.6753295553774871,0.5770884984547496,-0.17134374347947873,-1.2453971803204464,0.09303794500168254,0.577088603623121,0.6626040488632687
15,Ischaemia,27,,,,,,,,,,,,,,,,,,,,,,,,,,,,,,,,,,,,,,,,,,,0.0005907678136228293,0.02521938805222365,0.0005218944200320584,0.5771262002640977,0.08127945953237752,0.4958467407317202,0.16392052793579223,0.16369200708206555,0.04894422474325593,3.3444600993536997,0.1735,0.846,1.0195,0.2050827422925434,0.492,0.6115,0.408,1.498774509436575,0.0005,10.808523795140673,-5.655627382697844,-0.04142737529760881,1.9111096017421298,0.9886820653201718,1.97762189271317,0.4999348302691826,0.33330436775007277,0.6666956322162153,2.9663044598466586,-1.379867886981107,1.0645583981766826,-1.0991071907986976,0.9776677231125297,0.46467349018667653,-0.005091658796302741,-1.2925219727438149,0.08529171590387086,0.49820484773944507,0.5921771654484743
15,Ischaemia,28,,,,,,,,,,,,,,,,,,,,,,,,,,,,,,,,,,,,,,,,,,,0.0005522830889854534,0.023576301273856386,0.0004833313913856778,0.599264884253578,0.06674090879735352,0.5325239754562245,0.12532939709924276,0.18849776416243033,0.04613941886637912,4.085395273394858,0.1195,0.86,0.9795,0.13895348835593563,0.556,0.5875,0.392,1.4987244894135907,0.0,14.172892342980276,-3.9666953548037895,0.0061810134292646845,3.5729722287493475,1.0144922906757103,1.707958287573635,0.5939795473913614,0.3726393781924259,0.6273606217708424,2.722451070921866,-0.8667118469882062,0.696027262558224,-0.7766155140484253,0.6829514912817212,0.5811458570766302,-0.33235096662367797,-1.2255831124034653,0.08753727322883516,0.5811459622445979,0.6476416307662503
15,Ischaemia,29,,,,,,,,,,,,,,,,,,,,,,,,,,,,,,,,,,,,,,,,,,,0.0005333613832036911,0.02276830208763737,0.0004676235445265438,0.5283599790839382,0.05957924518148844,0.46878073390244973,0.12709405668786955,0.17919752030686698,0.05408432746811822,3.3132984796967473,0.116,0.876,0.992,0.13242009130908447,0.7755,0.595,0.397,1.4987405537786547,0.0005,14.551570319443329,-4.209848112379802,0.17984855152525003,3.4565547094932496,1.0139113311638561,1.878212214093413,0.5398278871268412,0.3505767700662337,0.6494232298991895,2.892124087212703,-0.8855699763188891,0.6068530894316797,-0.5134039826332369,0.6650912228292373,0.5742835648542475,-0.38877852757602693,-0.3344738994888834,0.04993741807311081,0.5844879794880458,0.7051535247318833
15,Congestion,0,,,,,,,,,,,,,,,,,,,,,,,,,,,,,,,,,,,,,,,,,,,0.00045755153120256495,0.019653811932181915,0.00023987690942934724,0.2506034011028574,0.10562660207472585,0.1449767990281315,0.7285759011783143,0.05079436841850721,0.02266011776764881,2.2415756491286767,0.263,0.405,0.668,0.6493827158890413,0.449,0.4005,0.2675,1.4971962611225433,0.084,7.527621654560448,-5.081476497203198,-0.6746970687906434,1.4813847232306299,0.757100920744724,1.1162285316653238,0.6782669491052726,0.40414723621106535,0.5958527637355537,1.8733298616475171,-0.7916188430065353,0.6220657995077905,-0.6709352635628807,0.5155557896012161,0.6884020176058434,-0.5184499500292195,-0.9987569465688582,0.08760441017945751,0.688402167990443,0.3617449791815683
15,Congestion,1,,,,,,,,,,,,,,,,,,,,,,,,,,,,,,,,,,,,,,,,,,,0.0008441655015824565,0.03625877056911308,0.0005993140969982334,0.8094462158330604,0.09907248513971172,0.7103737306933489,0.13946529952489528,0.2432224730992455,0.08304525095916282,2.9287944824920786,0.133,0.825,0.958,0.16121212119258035,0.549,0.5745,0.3835,1.4980443281621787,0.0,11.220666761515986,-3.310011329015609,-0.1283658084492076,3.389917932551004,0.896790270895319,1.5268677565816868,0.5873398445745535,0.3700151839456755,0.6299848160130644,2.423658314341614,-1.0841167242806486,0.7911022868944707,-0.6907500656813599,0.5852282913827009,0.575396487027662,-0.237072322354024,-1.0891180872035353,0.07529537898487064,0.5753965551316956,0.616718809650332
15,Congestion,2,,,,,,,,,,,,,,,,,,,,,,,,,,,,,,,,,,,,,,,,,,,0.0008808414229809347,0.03783315570342979,0.0006359314546974397,0.8790263180553723,0.16354761452674682,0.7154787035286255,0.22858488127920215,0.2827799488025088,0.05827432757064094,4.852564758889111,0.177,0.813,0.99,0.21771217709499235,0.553,0.594,0.396,1.4999999996212119,0.1755,9.97942388974468,-3.45734162137137,0.0677097517106182,2.886444263352157,1.0311026845375069,1.3951667038530113,0.7390533916957883,0.4249745265009497,0.5750254734578346,2.426269663596948,-0.9574183482008921,0.47646310489004823,-0.47366456719110855,0.48839757816025603,0.5239856972701663,-0.09810147576231544,-1.285542602446528,0.09017847470960991,0.5239857567047178,0.6919705872970667
15,Congestion,3,,,,,,,,,,,,,,,,,,,,,,,,,,,,,,,,,,,,,,,,,,,0.0007920822975732937,0.03402042005767204,0.0005895494514806351,0.834483392183484,0.14229094963484343,0.6921924425486405,0.2055655925545417,0.25235084295036164,0.06558631103947266,3.8476145184278567,0.1645,0.7905,0.955,0.20809614165615484,0.551,0.573,0.382,1.4999999996073297,0.162,10.977261785571216,-2.4953300471096327,-0.02188558581488582,4.3991221914096625,1.0071796488611484,1.332163245091973,0.7560482189373177,0.4305395551124698,0.5694604448447831,2.3393431890600755,-0.6867231846676279,0.5085543400656939,-0.5589761446435282,0.4836662707130572,0.571632644070817,-0.2625644801748046,-1.23786020767759,0.09958509715450577,0.5716327161819936,0.6265792057432037
15,Congestion,4,,,,,,,,,,,,,,,,,,,,,,,,,,,,,,,,,,,,,,,,,,,0.0008639171041497793,0.037104652588292014,0.000589812521442535,0.9068422774623234,0.27868848777291166,0.6281537896894117,0.44366282955379743,0.23771906329422066,0.09624275814218977,2.4699942898146507,0.271,0.716,0.987,0.37849162005886994,0.5875,0.592,0.395,1.4987341768357634,0.0005,9.085443160147747,-4.058573108904014,-0.05794583387642695,2.2385806331766047,1.0551738280393033,1.3994359199373971,0.7539993885615754,0.4298743736620783,0.5701256262971821,2.45461003185685,-1.1213014176887752,0.8554947928065035,-0.7399329612669555,0.8478376362303324,0.5335646799352464,-0.1309759626715233,-1.2186711918964062,0.08601469091899631,0.5335647416429868,0.5430107659952143
15,Congestion,5,,,,,,,,,,,,,,,,,,,,,,,,,,,,,,,,,,,,,,,,,,,0.0008572676970827686,0.036818836186688124,0.0006052015109283273,0.8808898493692019,0.20585054013054946,0.6750393092386522,0.30494600430340096,0.27040753878690904,0.06275266977727118,4.309100143719141,0.208,0.783,0.991,0.26564495526620113,0.585,0.5945,0.3965,1.4993694825978892,0.2055,9.338661627685326,-3.623216643334274,0.08443572445406412,2.5774505216540557,1.0401117192115523,1.2948847002795243,0.8032465893733247,0.4454446741266118,0.5545553258305617,2.334996691634155,-0.7035560500997174,0.40596357452815607,-0.48248468397969013,0.5028867179908083,0.5784656798659553,-0.23295307281470953,-1.2257251275929644,0.08627034947264106,0.5784657472859435,0.6472506856528197
15,Congestion,6,,,,,,,,,,,,,,,,,,,,,,,,,,,,,,,,,,,,,,,,,,,0.0007875478151663188,0.03382377182098172,0.000579918020665841,0.833586454145222,0.11947775979895542,0.7141086943462666,0.1673103278648648,0.24791599793209942,0.061219938081068945,4.049595692155771,0.1595,0.8265,0.986,0.19298245611700152,0.551,0.5915,0.3945,1.4993662860584622,0.0,10.745562154288223,-2.365099631437907,-0.03501123872616621,4.5433866764001465,0.9912962667714691,1.3693173971216084,0.7239346179219244,0.41993159740279135,0.5800684025548469,2.3606139633992815,-1.0971829015673547,0.6331901158464809,-0.7948220680101015,0.7312683961527029,0.5458237672859853,-0.16027272618642938,-1.3743662266786767,0.10467071476600376,0.5458238365381493,0.6265543964809849
15,Congestion,7,,,,,,,,,,,,,,,,,,,,,,,,,,,,,,,,,,,,,,,,,,,0.0008203140876621858,0.035230060385958085,0.0006126707878190603,0.8271500279252471,0.13568823651751083,0.6914617914077361,0.19623388910852457,0.25426650006679097,0.06071917849756872,4.18758135303517,0.156,0.777,0.933,0.20077220074636135,0.528,0.5595,0.3735,1.4979919674704172,0.0,11.24868151188349,-2.794096120443214,0.0402812041342731,4.025874925769045,1.0238296870216848,1.2792877998211525,0.8003122417682615,0.44454079864623763,0.5554592013103429,2.3031177673729712,-0.9089091833369776,0.5726964811458984,-0.567046060055615,0.5032475889082417,0.5989735415624651,-0.29762553597829017,-1.234027519731349,0.09264773075821384,0.5989736145201534,0.6367402425954825
15,Congestion,8,,,,,,,,,,,,,,,,,,,,,,,,,,,,,,,,,,,,,,,,,,,0.0008362821218939416,0.03591553730498487,0.0006341912642498695,0.8330447008041817,0.12742926384655243,0.7056154369576294,0.1805930782607651,0.21415718785045104,0.06631264176566531,3.2295077050962013,0.1995,0.8215,1.021,0.24284844793148527,0.5735,0.6125,0.4085,1.4993880045289139,0.0015,11.004992318891254,-3.502468606070636,-0.029562685900391617,3.1420673691414964,1.0233984877214108,1.4465247396972458,0.7074877183675801,0.4143442501852745,0.5856557497742385,2.469923522517357,-0.9749981245538258,0.5444472432503291,-0.7178291667774315,0.6735173034839107,0.5020611285350411,-0.09659024119063933,-1.3353373685694152,0.0986551720556438,0.5129779921571349,0.5252812732941783
15,Congestion,9,,,,,,,,,,,,,,,,,,,,,,,,,,,,,,,,,,,,,,,,,,,0.0008736661775747112,0.03752024634519306,0.0006714926525724647,0.8304621964830542,0.13993830853801142,0.6905238879450426,0.20265527516244783,0.26995340167641496,0.04628936566886061,5.8318665030838615,0.1655,0.8265,0.992,0.20024198424679468,0.502,0.595,0.397,1.4987405537786547,0.0,10.157346775032352,-3.1270899035331468,0.026038883461845144,3.2481786862703377,1.026111270830043,1.3679073753797333,0.7501321282591811,0.4286145692355933,0.5713854307226359,2.394018919990213,-1.0364575754275487,0.5256807419411867,-0.6417237853411101,0.5418220476283367,0.49044495710971986,-0.07169960814208522,-1.3663310577442587,0.08998884474813729,0.4904450131971002,0.6875058513719658
15,Congestion,10,,,,,,,,,,,,,,,,,,,,,,,,,,,,,,,,,,,,,,,,,,,0.0008438076353808597,0.03623721586379387,0.0006415933409017469,0.8310047859710852,0.1753428695253901,0.655661916445695,0.26742878471449233,0.2751209102077581,0.05717097914164627,4.812247644821622,0.1785,0.7915,0.97,0.22552116232147554,0.53,0.582,0.388,1.499999999613402,0.0,11.139786774446975,-3.1722409018794906,-0.02747526810555612,3.5116459054215285,1.0064367468916444,1.3634885197345783,0.7381336419420295,0.42467024636684864,0.575329753590956,2.3699255472500766,-0.7355708877486379,0.48899736797579885,-0.5009071838452528,0.4985996349801772,0.5308412025259971,-0.17032924008023587,-1.1657215797220795,0.09095000032558152,0.5308412653831286,0.6957587741311394
15,Congestion,11,,,,,,,,,,,,,,,,,,,,,,,,,,,,,,,,,,,,,,,,,,,0.0008247126352010031,0.03541625844664269,0.0006224973443266764,0.8531591411148891,0.11342850163301071,0.7397306394818786,0.15333757392707761,0.2600991625674305,0.07056632579639113,3.6858821720337342,0.1485,0.8165,0.965,0.1818738517842163,0.5125,0.579,0.386,1.4999999996113988,0.0005,12.506967381961772,-3.1345288723343856,0.0013239882890191865,3.990062906087836,1.0247665091337572,1.4181780647303908,0.7225936816730526,0.4194800488129275,0.5805199511461383,2.4429448698375262,-1.4692767564248777,0.7113338169124818,-0.7397432605604884,0.836627398571256,0.5320427971910288,-0.14735748133515836,-1.3203029775401396,0.0975179473545196,0.5320428616503315,0.6414811591045124
15,Congestion,12,,,,,,,,,,,,,,,,,,,,,,,,,,,,,,,,,,,,,,,,,,,0.0008987188043223423,0.03859377308348206,0.0006592167350964196,0.889135923535044,0.12494912593690789,0.764186797598136,0.1635059992050065,0.24648304791767636,0.081377247045955,3.0288939053884945,0.172,0.8235,0.9955,0.2088646022818622,0.512,0.597,0.3985,1.498117941907624,0.0,10.706543243840656,-4.22888320968093,-0.04284905650317901,2.5317661218634813,0.9879116726901987,1.624622413191573,0.6080869404532196,0.3781430749520532,0.6218569250096698,2.612534376315903,-1.3766943093523207,0.9061172304167754,-0.6981727335933033,0.8803616207350689,0.5340758783715903,-0.12301261171230157,-1.345328693396019,0.08766137733750512,0.5340759377445434,0.5698388533195693
15,Congestion,13,,,,,,,,,,,,,,,,,,,,,,,,,,,,,,,,,,,,,,,,,,,0.0008535871014124366,0.03665497433245468,0.0006139864692198896,0.8669858592959621,0.15507085233667758,0.7119150069592844,0.21782214281060114,0.2729235910226893,0.05198709384343542,5.249833570609735,0.1695,0.804,0.9735,0.21082089549616656,0.5275,0.584,0.3895,1.4993581510913072,0.0,10.176660831493791,-3.5519520141646126,0.07395612549571884,2.8650896156886123,1.0265938159386025,1.3338654368043965,0.7696382165213737,0.4349127461963795,0.5650872537612561,2.3604595290410346,-0.8225010174498146,0.39366235313533693,-0.6386323313470595,0.6775730107735224,0.5488247210284247,-0.23653058643177396,-1.3318569642536728,0.09197449679546352,0.5488247852698185,0.6664284098410795
15,Congestion,14,,,,,,,,,,,,,,,,,,,,,,,,,,,,,,,,,,,,,,,,,,,0.0007811344909210276,0.03354307778112984,0.0005831416184966992,0.8213994236611831,0.11850593103937994,0.7028934926218032,0.1685972800523324,0.21694005690001622,0.07607331817004839,2.8517233352423634,0.167,0.7655,0.9325,0.2181580665946234,0.5475,0.5595,0.373,1.4999999995978552,0.0015,11.335759635051886,-3.15948376733445,-0.027149389687732565,3.587851835762619,1.0068868260058983,1.3656826778693458,0.7372772916055825,0.42438665097855205,0.5756133489792995,2.372569807371791,-1.2891359301537992,0.7197689037490572,-0.8900790614460392,0.8850902460053007,0.649381879319211,-0.28413262936199907,-1.2496237845743787,0.10210443436104857,0.6493819623874447,0.5361786826254058
15,Congestion,15,,,,,,,,,,,,,,,,,,,,,,,,,,,,,,,,,,,,,,,,,,,0.0008378770987552188,0.035980017378349466,0.0006398018459011534,0.8112391962016793,0.13296156650337354,0.6782776296983057,0.19602823484376347,0.20138595068473059,0.054184026607730196,3.7167032965455062,0.217,0.8255,1.0425,0.26287098724859226,0.5085,0.6255,0.417,1.4999999996402877,0.0015,10.208912738926415,-3.1813299966239583,0.05010806106761715,3.2090077890188247,1.0482233928602194,1.3960358999029387,0.7508570466261024,0.428851143543102,0.5711488564159857,2.4442595842392363,-0.6809222855302955,0.671455776668519,-0.8806855757829722,0.6946698737973767,0.5512185976594227,-0.015138608970943209,-1.3822969717226972,0.09745915682546633,0.5512186633918249,0.512946462467972
15,Congestion,16,,,,,,,,,,,,,,,,,,,,,,,,,,,,,,,,,,,,,,,,,,,0.0008294190018270706,0.0356155719414754,0.0006326300175079994,0.798181892311735,0.11774859649163844,0.6804332958200965,0.1730494336442138,0.2421675304936211,0.054954254135446544,4.406711252163958,0.1595,0.82,0.9795,0.19451219509823023,0.511,0.5875,0.392,1.4987244894135907,0.0,10.85489473019652,-3.626831015060702,-0.05222312532690036,2.9929419608527166,0.9771114307641986,1.4408607426716498,0.6781442520840842,0.40410367061228386,0.595896329346359,2.4179724647200675,-0.9596229201528439,0.6196359648834452,-0.4694723678333454,0.689722083926381,0.5199304825655373,-0.17881416253082594,-1.302123626267152,0.09393135602984276,0.5199305451996512,0.6304164371071299
15,Congestion,17,,,,,,,,,,,,,,,,,,,,,,,,,,,,,,,,,,,,,,,,,,,0.0008067115337584964,0.03463944196098939,0.0006098555357125073,0.8269604205853043,0.13143979109462506,0.6955206294906794,0.18898043494695282,0.23046177304328455,0.08350052000210172,2.7600040426273202,0.1595,0.7375,0.897,0.21627118641135304,0.5965,0.538,0.359,1.4986072419223937,0.0,11.655698967645492,-3.8526434247486208,0.012175674058522963,3.0253770417654136,1.0269518776348625,1.3698585249540947,0.7496773271490272,0.42846604657704074,0.5715339533812371,2.3968106994580074,-0.8257634870867724,0.5470571355773369,-0.6237425615687214,0.6415952218893588,0.6051156422180798,-0.38247986577795723,-1.057264428938822,0.08735638638600508,0.6051157171677319,0.5559414656759162
15,Congestion,18,,,,,,,,,,,,,,,,,,,,,,,,,,,,,,,,,,,,,,,,,,,0.000874230485561499,0.03753922208537184,0.0006722793210984609,0.8361876251972113,0.12051951079886632,0.715668114398345,0.16840139773915416,0.15871990136808967,0.07893743972043926,2.010704954824141,0.233,0.7925,1.0255,0.29400630911116643,0.529,0.615,0.4105,1.4981729594401527,0.054,12.599979835599925,-3.9818421305189986,-0.015462703993394299,3.164359465361624,1.1344656595989053,1.4234004344210551,0.7970108987500975,0.44352034776442073,0.5564796521964842,2.55786638634904,-0.7022177899454166,0.8657388118597359,-0.6936408158656096,0.5880830879744231,0.5866989536452736,-0.06132976356592365,-1.3859214437985707,0.0971251202485661,0.5866990206969326,0.3929980900698026
15,Congestion,19,,,,,,,,,,,,,,,,,,,,,,,,,,,,,,,,,,,,,,,,,,,0.0008346408330327092,0.03583763076981351,0.0006326417004426277,0.8272152822947174,0.14777089282121755,0.6794443894734998,0.2174878401953928,0.20534062723222984,0.08118779661136627,2.5292055647506224,0.2005,0.746,0.9465,0.26876675599614386,0.493,0.5675,0.379,1.4973614771774773,0.0,8.953108656830977,-3.6384702060263976,0.0297987020223163,2.460679392607332,1.0352858545001355,1.4524611772449396,0.7127803969209081,0.4161539904370021,0.5838460095228011,2.487747329558285,-1.0791587472327098,0.678458126050811,-0.7730815554333224,0.8944447720290526,0.6002012171020162,-0.1487733393677311,-1.2294160807701993,0.09153859579243058,0.6002012889533134,0.49834171215190953
15,Congestion,20,,,,,,,,,,,,,,,,,,,,,,,,,,,,,,,,,,,,,,,,,,,0.0008345964338621074,0.03583562745612079,0.0006231837646758808,0.8479224434518513,0.1364857715609035,0.7114366718909478,0.19184528565128578,0.19178607112102325,0.0750893142660224,2.5541060367945727,0.228,0.8275,1.0555,0.27552870087304787,0.5065,0.633,0.4225,1.4982248517163965,0.0015,9.24507725430908,-4.127340596477893,-0.03738242648962605,2.2399598574380954,1.019687328732671,1.5977243932532157,0.6382122805251835,0.389578498532915,0.6104215014288793,2.617412035338201,-0.5070926800641644,0.5768052263787612,-0.6162927127260465,0.9413872733142388,0.5211621217646073,-0.008595888352282961,-1.4205867441951892,0.09915280299037042,0.5211621841572968,0.46121011318961935
15,Congestion,21,,,,,,,,,,,,,,,,,,,,,,,,,,,,,,,,,,,,,,,,,,,0.0008068243897218124,0.03464203436404761,0.0005952993282550211,0.814780053466148,0.20409723389369036,0.6106828195724576,0.3342115208074116,0.2639906501286028,0.04843611707547299,5.450285149245654,0.198,0.75,0.948,0.2639999999648,0.5445,0.5685,0.3795,1.4980237150202835,0.0,12.116758327262119,-5.46677264681523,0.06666547802870651,2.216437212566233,1.0481764227402186,1.5876311010905793,0.6602140900075474,0.3976680441283003,0.6023319558337605,2.6358078502563407,-0.7181302747448834,0.41371762973153836,-0.802404693863523,0.7162335012707454,0.5484554888875499,-0.16355225891182626,-1.3581539204133473,0.10141903573508716,0.5484555568097631,0.6810851318557867
15,Congestion,22,,,,,,,,,,,,,,,,,,,,,,,,,,,,,,,,,,,,,,,,,,,0.0008953606544484268,0.03844318166869544,0.0006627642645790258,0.8434133649678079,0.1192236042510669,0.7241897607167411,0.16463033682857728,0.223897183236755,0.07514272991607429,2.979625350168402,0.178,0.805,0.983,0.22111801239489215,0.569,0.5895,0.3935,1.4980940275735466,0.0015,10.56900087866245,-3.268772302713842,-0.08181200662345052,3.2333242880100235,0.9586350616529546,1.3873808269887808,0.69096750000828,0.40862257849716016,0.5913774214602144,2.3460161504262294,-1.3485563831016287,0.8135240301871933,-0.963190576673111,0.7342193462096164,0.5572663483616405,-0.12757875124404838,-1.2404211407725096,0.0846384486574598,0.55726641054523,0.5407327228834492
15,Congestion,23,,,,,,,,,,,,,,,,,,,,,,,,,,,,,,,,,,,,,,,,,,,0.0008322685761871532,0.035734007206044686,0.0005996140869019201,0.8519659308987171,0.14507671194674432,0.7068892189519729,0.2052325994465022,0.2522475520029423,0.06047582006848604,4.171048053588673,0.181,0.8115,0.9925,0.22304374612162123,0.517,0.5955,0.397,1.4999999996221662,0.0005,9.886319591014967,-3.1077988295760406,0.07771692195446246,3.181132413273199,1.0319944085672494,1.3593360524500082,0.7591900521076511,0.43155658548550824,0.5684434144726742,2.3913307481048993,-0.9940555398352273,0.688833811403949,-0.7726752154031287,0.6824325619433473,0.5336283309305706,-0.10688839409900827,-1.3265735561123662,0.0990913904322341,0.5336283949945307,0.6400618211478376
15,Congestion,24,,,,,,,,,,,,,,,,,,,,,,,,,,,,,,,,,,,,,,,,,,,0.0008074928572586393,0.034669553449538745,0.0006288448805328661,0.7939115559082278,0.1274056723327689,0.6665058835754589,0.1911546101141493,0.23995788835929732,0.057475986994344884,4.174924181213531,0.1685,0.8045,0.973,0.20944686137856472,0.5115,0.5835,0.3895,1.49807445404414,0.0005,11.115684941835184,-3.3258861684048213,-0.01282522969686565,3.3421723951641824,1.0197228153887408,1.3754446794985324,0.7413768292639581,0.42574175606627424,0.574258243891975,2.39516779126555,-1.1146514024786633,0.6713354869108044,-0.7179413983661281,0.7097220498832364,0.5278372430476442,-0.10042069734283544,-1.3411389517603614,0.09933638794813583,0.5278373083622799,0.6366548124917469
15,Congestion,25,,,,,,,,,,,,,,,,,,,,,,,,,,,,,,,,,,,,,,,,,,,0.0007594948541329914,0.032608092430928826,0.0005759640341550807,0.8197797094594117,0.14621356928848264,0.6735661401709291,0.21707381138498297,0.24948327519406135,0.06004006425838564,4.155279942820658,0.1805,0.8225,1.003,0.2194528875113127,0.586,0.6015,0.4015,1.4981320046081863,0.178,9.602373372838827,-4.390329010739947,-0.006393523292880866,2.1871648683117084,1.0246602169760437,1.5383182207046262,0.6660911917432073,0.3997927574698271,0.6002072424911559,2.562978774882674,-0.9558888958955292,0.46502686486132666,-0.6365052732912937,0.6942789680598138,0.49363494626275134,-0.17520693914443722,-1.291670943504312,0.10352108663058278,0.5114325540939724,0.6467376294555851
15,Congestion,26,,,,,,,,,,,,,,,,,,,,,,,,,,,,,,,,,,,,,,,,,,,0.0008374871483390412,0.03595560759412219,0.0006051241289809287,0.8544326413411928,0.10857308602119757,0.7458595553199953,0.14556773488014083,0.25085449969619633,0.07813326736263915,3.2105978393409313,0.137,0.8,0.937,0.17124999997859375,0.5325,0.562,0.375,1.4986666662670223,0.0,12.010121781867838,-3.444401849048816,-0.062145213347834176,3.4868526693062223,0.9619955311066947,1.404725323301808,0.6848282116656377,0.4064676783804622,0.5935323215772853,2.366721136769702,-0.9772285443446721,0.7042922002206662,-0.576795997424157,0.5628975676923625,0.5869622536633522,-0.3551434389315262,-1.2130631703058257,0.08682496838453203,0.5869623236907767,0.5881993707501489
15,Congestion,27,,,,,,,,,,,,,,,,,,,,,,,,,,,,,,,,,,,,,,,,,,,0.0008351951685188836,0.0358570882113574,0.0006028277019045665,0.879277979210566,0.16154026039470823,0.7177377188158578,0.2250686513155734,0.24704062283395373,0.06187509679779565,3.9925694701054235,0.203,0.8245,1.0275,0.2462098241059782,0.5705,0.6165,0.411,1.4999999996350366,0.0,9.149578058185966,-4.5837229201544005,0.05116905835817631,1.9961019061069591,1.0366625556951359,1.624886210465248,0.6379908629629596,0.3894959840062226,0.6105040159562053,2.661549084568099,-1.069863117524647,0.48080254708322745,-0.5382688534030786,0.8324723036598367,0.5040149051683741,-0.0896223224652561,-1.4566338087593989,0.0990374260156428,0.5149086980042402,0.5803277623112623
15,Congestion,28,,,,,,,,,,,,,,,,,,,,,,,,,,,,,,,,,,,,,,,,,,,0.0007803522283535085,0.033501487516767126,0.0005801940355033105,0.8347529593136833,0.10624578741004329,0.72850717190364,0.14584041378457757,0.24531140363712095,0.07056000197942565,3.476635436617291,0.136,0.7995,0.9355,0.17010631642650328,0.5405,0.561,0.3745,1.4979973293730315,0.0,12.332392802719482,-4.033122372229229,-0.015962910352240338,3.057777985446352,1.0033534088951748,1.510075236821109,0.664439350016037,0.3991970930089072,0.6008029069513064,2.5134289675539354,-1.0156742588660115,0.7072538300175562,-0.6139740708226429,0.5432046200784313,0.6346714613143136,-0.25883383694819334,-1.3659182530538838,0.10261476744694875,0.6346715425822553,0.6009853570156628
15,Congestion,29,,,,,,,,,,,,,,,,,,,,,,,,,,,,,,,,,,,,,,,,,,,0.0008252631927937798,0.03542952598622705,0.0006250744277664852,0.7748307029608952,0.12320639219191604,0.6516243107689791,0.18907580662178353,0.19686278149010214,0.07588373759923146,2.5942683829093456,0.1895,0.7635,0.953,0.24819908313710556,0.575,0.5715,0.3815,1.498034075623058,0.0,10.551928385502379,-3.234561169575386,0.12250927756494391,3.2622441907819444,1.0344057575916517,1.4137324996066054,0.731684217351107,0.422527508202585,0.5774724917565675,2.4481385536028375,-1.026742716114887,0.7214745375280271,-1.125268936763511,0.9491859759938069,0.590160918421079,-0.25629598475205084,-1.0045824275126303,0.07629640464938629,0.5901609898739059,0.5132856284018523
15,Congestion,30,,,,,,,,,,,,,,,,,,,,,,,,,,,,,,,,,,,,,,,,,,,0.0006886708319555604,0.02956372467869862,0.0004728324230494932,0.3373875739887965,0.07838274148506356,0.2590048325037329,0.30263042081915914,0.035583648508634456,0.025160429150992782,1.414270327173786,0.2085,0.483,0.6915,0.43167701854416624,0.3765,0.4145,0.277,1.4963898911565376,0.0005,12.760825765867253,-2.806402095000294,0.5036005867573328,4.547041134321563,1.074801752947665,0.8619011505788703,1.2470127834277807,0.5549647036388833,0.4450352963094825,1.9367031845561742,-0.5576959659892154,0.49269610160080274,-0.5392853027831943,0.5172567338407513,0.6371916229531467,-0.30441332286711453,-0.7684802304129077,0.08411676390293023,0.637191715414273,0.2910311190129592
